tlg001:1.1	ἀρχόμενος	1	6	long-ἀρ-short-χό-short-με-long-νος	hemi1
tlg001:1.1	σέο,	7	8	short-σέ-short-ο,	hemi1
tlg001:1.1	Φοῖβε,	9	11	long-Φοῖ-short-βε,	hemi1	diaer3
tlg001:1.1	παλαιγενέων	12	18	short-πα-long-λαι-short-γε-short-νέ-long-ων	hemi2	caesfem3
tlg001:1.1	κλέα	19	20	short-κλέ-short-α	hemi2
tlg001:1.1	φωτῶν	21	24	long-φω-long-τῶν	hemi2	diaer6
tlg001:1.2	μνήσομαι,	1	4	long-μνή-short-σο-short-μαι,	hemi1	correption
tlg001:1.2	οἳ	5	6	long-οἳ	hemi1	diaer2
tlg001:1.2	Πόντοιο	7	11	long-Πόν-long-τοι-short-ο	hemi1
tlg001:1.2	κατὰ	12	14	short-κα-long-τὰ	hemi2	caesfem3
tlg001:1.2	στόμα	15	16	short-στό-short-μα	hemi2
tlg001:1.2	καὶ	17	18	long-καὶ	hemi2	bucdiaer
tlg001:1.2	διὰ	19	20	short-δι-short-ὰ	hemi2
tlg001:1.2	πέτρᾱς	21	24	long-πέτ-long-ρᾱς	hemi2	diaer6
tlg001:1.3	Κῡανέᾱς	1	6	long-Κῡ-short-α-short-νέ-long-ᾱς	hemi1
tlg001:1.3	βασιλῆος	7	11	short-βα-short-σι-long-λῆ-short-ος	hemi1
tlg001:1.3	ἐφημοσύνῃ	12	18	short-ἐφ-long-η-short-μο-short-σύ-long-νῃ	hemi2	caesfem3
tlg001:1.3	Πελίᾱο	19	24	short-Πε-short-λί-long-ᾱ-long-ο	hemi2
tlg001:1.4	χρῡ́σειον	1	6	long-χρῡ́-long-σει-long-ον	hemi1
tlg001:1.4	μετὰ	7	8	short-με-short-τὰ	hemi1
tlg001:1.4	κῶας	9	11	long-κῶ-short-ας	hemi1	diaer3
tlg001:1.4	ἐύζυγον	12	16	short-ἐ-long-ύ-short-ζυ-short-γον	hemi2	caesfem3
tlg001:1.4	ἤλασαν	17	20	long-ἤ-short-λα-short-σαν	hemi2	bucdiaer
tlg001:1.4	Ἀργώ.	21	24	long-Ἀρ-long-γώ.	hemi2	diaer6
tlg001:1.5	τοίην	1	4	long-τοί-long-ην	hemi1
tlg001:1.5	γὰρ	5	6	long-γὰρ	hemi1
tlg001:1.5	Πελίης	7	10	short-Πε-short-λί-long-ης	hemi1
tlg001:1.5	φάτιν	11	12	short-φά-short-τιν	hemi2	caesmasc3
tlg001:1.5	ἔκλυεν,	13	16	long-ἔ-short-κλυ-short-εν,	hemi2	diaer4
tlg001:1.5	ὥς	17	18	long-ὥς	hemi2	bucdiaer
tlg001:1.5	μιν	19	19	short-μιν	hemi2
tlg001:1.5	ὀπίσσω	20	24	short-ὀ-long-πίσ-long-σω	hemi2
tlg001:1.6	μοῖρα	1	3	long-μοῖ-short-ρα	hemi1
tlg001:1.6	μένει	4	6	short-μέ-long-νει	hemi1
tlg001:1.6	στυγερή,	7	10	short-στυ-short-γε-long-ρή,	hemi1
tlg001:1.6	τοῦδʼ	11	12	long-τοῦδʼ	hemi2	caesmasc3
tlg001:1.6	ἀ̄νέρος,	13	16	long-ἀ̄-short-νέ-short-ρος,	hemi2	diaer4
tlg001:1.6	ὅντινʼ	17	19	long-ὅν-short-τινʼ	hemi2	bucdiaer
tlg001:1.6	ἴδοιτο	20	24	short-ἴ-long-δοι-long-το	hemi2
tlg001:1.7	δημόθεν	1	4	long-δη-short-μό-short-θεν	hemi1
tlg001:1.7	οἰοπέδῑλον,	5	11	long-οἰ-short-ο-short-πέ-long-δῑ-short-λον,	hemi1	diaer2
tlg001:1.7	ὑπʼ	12	12	short-ὑπʼ	hemi2	caesfem3
tlg001:1.7	ἐννεσίῃσι	13	19	long-ἐν-short-νε-short-σί-long-ῃ-short-σι	hemi2	diaer4
tlg001:1.7	δαμῆναι.	20	24	short-δα-long-μῆ-long-ναι.	hemi2
tlg001:1.8	δηρὸν	1	4	long-δη-long-ρὸν	hemi1
tlg001:1.8	δʼοὐ	5	6	long-δʼοὐ	hemi1	diaer2
tlg001:1.8	μετέπειτα	7	11	short-μετ-short-έ-long-πει-short-τα	hemi1
tlg001:1.8	τεὴν	12	14	short-τε-long-ὴν	hemi2	caesfem3
tlg001:1.8	κατὰ	15	16	short-κα-short-τὰ	hemi2
tlg001:1.8	βάξιν	17	19	long-βά-short-ξιν	hemi2	bucdiaer
tlg001:1.8	Ἰήσων	20	24	short-Ἰ-long-ή-long-σων	hemi2
tlg001:1.9	χειμερίοιο	1	7	long-χει-short-με-short-ρί-long-οι-short-ο	hemi1
tlg001:1.9	ῥέεθρα	8	11	short-ῥέ-long-εθ-short-ρα	hemi1
tlg001:1.9	κιὼν	12	14	short-κι-long-ὼν	hemi2	caesfem3
tlg001:1.9	διὰ	15	16	short-δι-short-ὰ	hemi2
tlg001:1.9	ποσσὶν	17	19	long-ποσ-short-σὶν	hemi2	bucdiaer
tlg001:1.9	Ἀναύρου	20	24	short-Ἀ-long-ναύ-long-ρου	hemi2
tlg001:1.10	ἄλλο	1	3	long-ἄλ-short-λο	hemi1
tlg001:1.10	μὲν	4	4	short-μὲν	hemi1
tlg001:1.10	ἐξεσάωσεν	5	11	long-ἐξ-short-ε-short-σά-long-ω-short-σεν	hemi1	diaer2
tlg001:1.10	ὑπʼ	12	12	short-ὑπʼ	hemi2	caesfem3
tlg001:1.10	ἰ̄λύος,	13	16	long-ἰ̄-short-λύ-short-ος,	hemi2	diaer4
tlg001:1.10	ἄλλο	17	19	long-ἄλ-short-λο	hemi2	bucdiaer
tlg001:1.10	δʼ	20	20	δʼ	hemi2
tlg001:1.10	ἔνερθεν	20	24	short-ἔ-long-νερ-long-θεν	hemi2
tlg001:1.11	κάλλιπεν	1	4	long-κάλ-short-λι-short-πεν	hemi1
tlg001:1.11	αὖθι	5	7	long-αὖ-short-θι	hemi1	diaer2
tlg001:1.11	πέδῑλον	8	11	short-πέ-long-δῑ-short-λον	hemi1
tlg001:1.11	ἐνισχόμενον	12	18	short-ἐν-long-ι-short-σχό-short-με-long-νον	hemi2	caesfem3
tlg001:1.11	προχοῇσιν.	19	24	short-προ-short-χο-long-ῇ-long-σιν.	hemi2
tlg001:1.12	ἵ̄κετο	1	4	long-ἵ̄-short-κε-short-το	hemi1
tlg001:1.12	δʼ	5	5	δʼ	hemi1
tlg001:1.12	ἐς	5	6	long-ἐς	hemi1	diaer2
tlg001:1.12	Πελίην	7	10	short-Πε-short-λί-long-ην	hemi1
tlg001:1.12	αὐτοσχεδὸν	11	16	long-αὐ-long-τοσ-short-χε-short-δὸν	hemi2	caesmasc3
tlg001:1.12	ἀντιβολήσων	17	24	long-ἀν-short-τι-short-βο-long-λή-long-σων	hemi2	bucdiaer
tlg001:1.13	εἰλαπίνης,	1	6	long-εἰ-short-λα-short-πί-long-νης,	hemi1
tlg001:1.13	ἣν	7	8	long-ἣν	hemi1
tlg001:1.13	πατρὶ	9	11	long-πατ-short-ρὶ	hemi1	diaer3
tlg001:1.13	Ποσειδᾱ́ωνι	12	19	short-Πο-long-σει-long-δᾱ́-long-ω-short-νι	hemi2	caesfem3
tlg001:1.13	καὶ	20	20	short-καὶ	hemi2	correption
tlg001:1.13	ἄλλοις	21	24	long-ἄλ-long-λοις	hemi2
tlg001:1.14	ῥέζε	1	3	long-ῥέ-short-ζε	hemi1
tlg001:1.14	θεοῖς,	4	6	short-θε-long-οῖς,	hemi1
tlg001:1.14	Ἥρης	7	10	long-Ἥ-long-ρης	hemi1
tlg001:1.14	δὲ	11	11	short-δὲ	hemi1
tlg001:1.14	Πελασγίδος	12	16	short-Πε-long-λασ-short-γί-short-δος	hemi2	caesfem3
tlg001:1.14	οὐκ	17	18	long-οὐκ	hemi2	bucdiaer
tlg001:1.14	ἀλέγιζεν.	19	24	short-ἀ-short-λέ-long-γι-long-ζεν.	hemi2
tlg001:1.15	αἶψα	1	3	long-αἶ-short-ψα	hemi1
tlg001:1.15	δὲ	4	4	short-δὲ	hemi1
tlg001:1.15	τόν	5	6	long-τόν	hemi1	diaer2
tlg001:1.15	γʼ	7	7	γʼ	hemi1
tlg001:1.15	ἐσιδὼν	7	10	short-ἐσ-short-ι-long-δὼν	hemi1
tlg001:1.15	ἐφράσσατο,	11	16	long-ἐ-long-φράσ-short-σα-short-το,	hemi2	caesmasc3
tlg001:1.15	καί	17	18	long-καί	hemi2	bucdiaer	hiatus
tlg001:1.15	οἱ	19	19	short-οἱ	hemi2	correption
tlg001:1.15	ἄεθλον	20	24	short-ἄ-long-εθ-long-λον	hemi2
tlg001:1.16	ἔντυε	1	4	long-ἔν-short-τυ-short-ε	hemi1
tlg001:1.16	ναυτιλίης	5	10	long-ναυ-short-τι-short-λί-long-ης	hemi1	diaer2
tlg001:1.16	πολυκηδέος,	11	16	short-πο-short-λυ-long-κη-short-δέ-short-ος,	hemi2	caesmasc3
tlg001:1.16	ὄφρʼ	17	18	long-ὄφρʼ	hemi2	bucdiaer
tlg001:1.16	ἐνὶ	19	20	short-ἐ-short-νὶ	hemi2
tlg001:1.16	πόντῳ	21	24	long-πόν-long-τῳ	hemi2	diaer6
tlg001:1.17	ἠὲ	1	3	long-ἠ-short-ὲ	hemi1
tlg001:1.17	καὶ	4	4	short-καὶ	hemi1	correption
tlg001:1.17	ἀλλοδαποῖσι	5	11	long-ἀλ-short-λο-short-δα-long-ποῖ-short-σι	hemi1
tlg001:1.17	μετʼ	12	12	short-μετʼ	hemi2	caesfem3
tlg001:1.17	ἀνδράσι	13	16	long-ἀν-short-δρά-short-σι	hemi2	diaer4
tlg001:1.17	νόστον	17	19	long-νόσ-short-τον	hemi2	bucdiaer
tlg001:1.17	ὀλέσσῃ.	20	24	short-ὀ-long-λέσ-long-σῃ.	hemi2
tlg001:1.18	νῆα	1	3	long-νῆ-short-α	hemi1
tlg001:1.18	μὲν	4	4	short-μὲν	hemi1
tlg001:1.18	οὖν	5	6	long-οὖν	hemi1	diaer2
tlg001:1.18	οἱ	7	8	long-οἱ	hemi1
tlg001:1.18	πρόσθεν	9	11	long-πρόσ-short-θεν	hemi1	diaer3
tlg001:1.18	ἐπικλείουσιν	12	19	short-ἐ-long-πι-long-κλεί-long-ου-short-σιν	hemi2	caesfem3
tlg001:1.18	ἀοιδοὶ	20	24	short-ἀ-long-οι-long-δοὶ	hemi2
tlg001:1.19	Ἄργον	1	3	long-Ἄρ-short-γον	hemi1
tlg001:1.19	Ἀθηναίης	4	10	short-Ἀ-long-θη-long-ναί-long-ης	hemi1
tlg001:1.19	καμέειν	11	14	short-κα-short-μέ-long-ειν	hemi2	caesmasc3
tlg001:1.19	ὑποθημοσύνῃσιν.	15	24	short-ὑ-short-πο-long-θη-short-μο-short-σύ-long-νῃ-long-σιν.	hemi2
tlg001:1.20	νῦν	1	2	long-νῦν	hemi1
tlg001:1.20	δʼ	3	3	δʼ	hemi1
tlg001:1.20	ἂν	3	3	short-ἂν	hemi1
tlg001:1.20	ἐγὼ	4	6	short-ἐ-long-γὼ	hemi1
tlg001:1.20	γενεήν	7	10	short-γε-short-νε-long-ήν	hemi1
tlg001:1.20	τε	11	11	short-τε	hemi1
tlg001:1.20	καὶ	12	12	short-καὶ	hemi2	caesfem3	correption
tlg001:1.20	οὔνομα	13	16	long-οὔ-short-νο-short-μα	hemi2
tlg001:1.20	μῡθησαίμην	17	24	long-μῡ-long-θη-long-σαί-long-μην	hemi2	bucdiaer
tlg001:1.21	ἡρώων,	1	6	long-ἡ-long-ρώ-long-ων,	hemi1
tlg001:1.21	δολιχῆς	7	10	short-δο-short-λι-long-χῆς	hemi1
tlg001:1.21	τε	11	11	short-τε	hemi1
tlg001:1.21	πόρους	12	14	short-πό-long-ρους	hemi2	caesfem3
tlg001:1.21	ἁλός,	15	16	short-ἁ-short-λός,	hemi2
tlg001:1.21	ὅσσα	17	19	long-ὅσ-short-σα	hemi2	bucdiaer
tlg001:1.21	τʼ	20	20	τʼ	hemi2
tlg001:1.21	ἔρεξαν	20	24	short-ἔ-long-ρε-long-ξαν	hemi2
tlg001:1.22	πλαζόμενοι·	1	6	long-πλα-short-ζό-short-με-long-νοι·	hemi1
tlg001:1.22	Μοῦσαι	7	10	long-Μοῦ-long-σαι	hemi1
tlg001:1.22	δʼ	11	11	δʼ	hemi1
tlg001:1.22	ὑποφήτορες	11	16	short-ὑ-short-πο-long-φή-short-το-short-ρες	hemi2	caesmasc3
tlg001:1.22	εἶεν	17	19	long-εἶ-short-εν	hemi2	bucdiaer
tlg001:1.22	ἀοιδῆς.	20	24	short-ἀ-long-οι-long-δῆς.	hemi2
tlg001:1.23	πρῶτά	1	3	long-πρῶ-short-τά	hemi1
tlg001:1.23	νυν	4	4	short-νυν	hemi1
tlg001:1.23	Ὀρφῆος	5	10	long-Ὀρ-long-φῆ-long-ος	hemi1	diaer2
tlg001:1.23	μνησώμεθα,	11	16	long-μνη-long-σώ-short-με-short-θα,	hemi2	caesmasc3
tlg001:1.23	τόν	17	18	long-τόν	hemi2	bucdiaer
tlg001:1.23	ῥά	19	19	short-ῥά	hemi2
tlg001:1.23	ποτʼ	20	20	short-ποτʼ	hemi2
tlg001:1.23	αὐτὴ	21	24	long-αὐ-long-τὴ	hemi2	diaer6
tlg001:1.24	Καλλιόπη	1	6	long-Καλ-short-λι-short-ό-long-πη	hemi1
tlg001:1.24	Θρήῑκι	7	11	long-Θρή-long-ῑ-short-κι	hemi1
tlg001:1.24	φατίζεται	12	16	short-φα-long-τί-short-ζε-short-ται	hemi2	caesfem3	correption
tlg001:1.24	εὐνηθεῖσα	17	24	long-εὐ-long-νη-long-θεῖ-long-σα	hemi2	bucdiaer
tlg001:1.25	Οἰάγρῳ	1	6	long-Οἰ-long-άγ-long-ρῳ	hemi1
tlg001:1.25	σκοπιῆς	7	10	short-σκο-short-πι-long-ῆς	hemi1
tlg001:1.25	Πιμπληίδος	11	16	long-Πιμ-long-πλη-short-ί-short-δος	hemi2	caesmasc3
tlg001:1.25	ἄγχι	17	19	long-ἄγ-short-χι	hemi2	bucdiaer
tlg001:1.25	τεκέσθαι	20	24	short-τε-long-κέσ-long-θαι	hemi2
tlg001:1.26	αὐτὰρ	1	4	long-αὐ-long-τὰρ	hemi1
tlg001:1.26	τόν	5	6	long-τόν	hemi1	diaer2
tlg001:1.26	γʼ	7	7	γʼ	hemi1
tlg001:1.26	ἐνέπουσιν	7	11	short-ἐν-short-έ-long-που-short-σιν	hemi1
tlg001:1.26	ἀτειρέας	12	16	short-ἀ-long-τει-short-ρέ-short-ας	hemi2	caesfem3
tlg001:1.26	οὔρεσι	17	20	long-οὔ-short-ρε-short-σι	hemi2	bucdiaer
tlg001:1.26	πέτρᾱς	21	24	long-πέτ-long-ρᾱς	hemi2	diaer6
tlg001:1.27	θέλξαι	1	3	long-θέλ-short-ξαι	hemi1	correption
tlg001:1.27	ἀοιδᾱ́ων	4	10	short-ἀ-long-οι-long-δᾱ́-long-ων	hemi1
tlg001:1.27	ἐνοπῇ	11	14	short-ἐν-short-ο-long-πῇ	hemi2	caesmasc3
tlg001:1.27	ποταμῶν	15	18	short-πο-short-τα-long-μῶν	hemi2
tlg001:1.27	τε	19	19	short-τε	hemi2
tlg001:1.27	ῥέεθρα.	20	24	short-ῥέ-long-εθ-long-ρα.	hemi2
tlg001:1.28	φηγοὶ	1	4	long-φη-long-γοὶ	hemi1
tlg001:1.28	δʼ	5	5	δʼ	hemi1
tlg001:1.28	ἀγριάδες,	5	10	long-ἀγ-short-ρι-short-ά-long-δες,	hemi1	diaer2
tlg001:1.28	κείνης	11	14	long-κεί-long-νης	hemi2	caesmasc3
tlg001:1.28	ἔτι	15	16	short-ἔ-short-τι	hemi2
tlg001:1.28	σήματα	17	20	long-σή-short-μα-short-τα	hemi2	bucdiaer
tlg001:1.28	μολπῆς,	21	24	long-μολ-long-πῆς,	hemi2	diaer6
tlg001:1.29	ἀκτῆς	1	4	long-ἀκ-long-τῆς	hemi1
tlg001:1.29	Θρηικίης	5	10	long-Θρη-short-ι-short-κί-long-ης	hemi1	diaer2
tlg001:1.29	Ζώνης	11	14	long-Ζώ-long-νης	hemi2	caesmasc3
tlg001:1.29	ἔπι	15	16	short-ἔ-short-πι	hemi2
tlg001:1.29	τηλεθόωσαι	17	24	long-τη-short-λε-short-θό-long-ω-long-σαι	hemi2	bucdiaer
tlg001:1.30	ἑξείης	1	6	long-ἑ-long-ξεί-long-ης	hemi1
tlg001:1.30	στιχόωσιν	7	11	short-στι-short-χό-long-ω-short-σιν	hemi1
tlg001:1.30	ἐπήτριμοι,	12	16	short-ἐπ-long-ήτ-short-ρι-short-μοι,	hemi2	caesfem3	correption
tlg001:1.30	ἃ̄ς	17	18	long-ἃ̄ς	hemi2	bucdiaer
tlg001:1.30	ὅ	19	19	short-ὅ	hemi2
tlg001:1.30	γʼ	20	20	γʼ	hemi2
tlg001:1.30	ἐπιπρὸ	20	24	short-ἐ-long-πι-long-πρὸ	hemi2
tlg001:1.31	θελγομένᾱς	1	6	long-θελ-short-γο-short-μέ-long-νᾱς	hemi1
tlg001:1.31	φόρμιγγι	7	11	long-φόρ-long-μιγ-short-γι	hemi1
tlg001:1.31	κατήγαγε	12	16	short-κατ-long-ή-short-γα-short-γε	hemi2	caesfem3
tlg001:1.31	Πῑερίηθεν.	17	24	long-Πῑ-short-ε-short-ρί-long-η-long-θεν.	hemi2	bucdiaer
tlg001:1.32	Ὀρφέα	1	4	long-Ὀρ-short-φέ-short-α	hemi1
tlg001:1.32	μὲν	5	6	long-μὲν	hemi1
tlg001:1.32	δὴ	7	8	long-δὴ	hemi1
tlg001:1.32	τοῖον	9	11	long-τοῖ-short-ον	hemi1	diaer3
tlg001:1.32	ἑῶν	12	14	short-ἑ-long-ῶν	hemi2	caesfem3
tlg001:1.32	ἐπαρωγὸν	15	19	short-ἐπ-short-α-long-ρω-short-γὸν	hemi2
tlg001:1.32	ἀέθλων	20	24	short-ἀ-long-έθ-long-λων	hemi2
tlg001:1.33	Αἰσονίδης	1	6	long-Αἰ-short-σο-short-νί-long-δης	hemi1
tlg001:1.33	Χείρωνος	7	11	long-Χεί-long-ρω-short-νος	hemi1
tlg001:1.33	ἐφημοσύνῃσι	12	19	short-ἐφ-long-η-short-μο-short-σύ-long-νῃ-short-σι	hemi2	caesfem3
tlg001:1.33	πιθήσᾱς	20	24	short-πι-long-θή-long-σᾱς	hemi2
tlg001:1.34	δέξατο,	1	4	long-δέ-short-ξα-short-το,	hemi1
tlg001:1.34	Πῑερίῃ	5	10	long-Πῑ-short-ε-short-ρί-long-ῃ	hemi1	diaer2
tlg001:1.34	Βιστωνίδι	11	16	long-Βισ-long-τω-short-νί-short-δι	hemi2	caesmasc3
tlg001:1.34	κοιρανέοντα.	17	24	long-κοι-short-ρα-short-νέ-long-ον-long-τα.	hemi2	bucdiaer
tlg001:1.35	ἤλυθε	1	4	long-ἤ-short-λυ-short-θε	hemi1
tlg001:1.35	δʼ	5	5	δʼ	hemi1
tlg001:1.35	Ἀστερίων	5	10	long-Ἀσ-short-τε-short-ρί-long-ων	hemi1	diaer2
tlg001:1.35	αὐτοσχεδόν,	11	16	long-αὐ-long-τοσ-short-χε-short-δόν,	hemi2	caesmasc3
tlg001:1.35	ὅν	17	18	long-ὅν	hemi2	bucdiaer
tlg001:1.35	ῥα	19	19	short-ῥα	hemi2
tlg001:1.35	Κομήτης	20	24	short-Κο-long-μή-long-της	hemi2
tlg001:1.36	γείνατο	1	4	long-γεί-short-να-short-το	hemi1
tlg001:1.36	δῑνήεντος	5	11	long-δῑ-long-νή-long-εν-short-τος	hemi1	diaer2
tlg001:1.36	ἐφʼ	12	12	short-ἐφʼ	hemi2	caesfem3
tlg001:1.36	ὕ̄δασιν	13	16	long-ὕ̄-short-δα-short-σιν	hemi2	diaer4
tlg001:1.36	Ἀ̄πιδανοῖο,	17	24	long-Ἀ̄-short-πι-short-δα-long-νοῖ-long-ο,	hemi2	bucdiaer
tlg001:1.37	Πειρεσιᾱ̀ς	1	6	long-Πει-short-ρε-short-σι-long-ᾱ̀ς	hemi1
tlg001:1.37	ὄρεος	7	10	short-ὄ-short-ρε-long-ος	hemi1
tlg001:1.37	Φυλληίου	11	16	long-Φυλ-long-λη-short-ί-short-ου	hemi2	caesmasc3	correption
tlg001:1.37	ἀγχόθι	17	20	long-ἀγ-short-χό-short-θι	hemi2	bucdiaer
tlg001:1.37	ναίων,	21	24	long-ναί-long-ων,	hemi2	diaer6
tlg001:1.38	ἔνθα	1	3	long-ἔν-short-θα	hemi1
tlg001:1.38	μὲν	4	4	short-μὲν	hemi1
tlg001:1.38	Ἀ̄πιδανός	5	10	long-Ἀ̄-short-πι-short-δα-long-νός	hemi1	diaer2
tlg001:1.38	τε	11	11	short-τε	hemi1
tlg001:1.38	μέγας	12	14	short-μέ-long-γας	hemi2	caesfem3
tlg001:1.38	καὶ	15	16	long-καὶ	hemi2
tlg001:1.38	δῖος	17	19	long-δῖ-short-ος	hemi2
tlg001:1.38	Ἐνῑπεὺς	20	24	short-Ἐ-long-νῑ-long-πεὺς	hemi2
tlg001:1.39	ἄμφω	1	4	long-ἄμ-long-φω	hemi1
tlg001:1.39	συμφορέονται,	5	11	long-συμ-short-φο-short-ρέ-long-ον-short-ται,	hemi1	diaer2	correption
tlg001:1.39	ἀπόπροθεν	12	16	short-ἀ-long-πό-short-προ-short-θεν	hemi2	caesfem3
tlg001:1.39	εἰς	17	18	long-εἰς	hemi2	bucdiaer
tlg001:1.39	ἓν	19	19	short-ἓν	hemi2
tlg001:1.39	ἰόντες.	20	24	short-ἰ-long-όν-long-τες.	hemi2
tlg001:1.40	Λᾱ́ρῑσαν	1	6	long-Λᾱ́-long-ρῑ-long-σαν	hemi1
tlg001:1.40	δʼ	7	7	δʼ	hemi1
tlg001:1.40	ἐπὶ	7	8	short-ἐ-short-πὶ	hemi1
tlg001:1.40	τοῖσι	9	11	long-τοῖ-short-σι	hemi1	diaer3
tlg001:1.40	λιπὼν	12	14	short-λι-long-πὼν	hemi2	caesfem3
tlg001:1.40	Πολύφημος	15	19	short-Πο-short-λύ-long-φη-short-μος	hemi2
tlg001:1.40	ἵκᾱνεν	20	24	short-ἵ-long-κᾱ-long-νεν	hemi2
tlg001:1.41	Εἰλατίδης,	1	6	long-Εἰ-short-λα-short-τί-long-δης,	hemi1
tlg001:1.41	ὃς	7	8	long-ὃς	hemi1
tlg001:1.41	πρὶν	9	10	long-πρὶν	hemi1	diaer3
tlg001:1.41	μὲν	11	11	short-μὲν	hemi1
tlg001:1.41	ἐρισθενέων	12	18	short-ἐ-long-ρι-short-σθε-short-νέ-long-ων	hemi2	caesfem3
tlg001:1.41	Λαπιθᾱ́ων,	19	24	short-Λα-short-πι-long-θᾱ́-long-ων,	hemi2
tlg001:1.42	ὁππότε	1	4	long-ὁπ-short-πό-short-τε	hemi1
tlg001:1.42	Κενταύροις	5	10	long-Κεν-long-ταύ-long-ροις	hemi1	diaer2
tlg001:1.42	Λαπίθαι	11	14	short-Λα-short-πί-long-θαι	hemi2	caesmasc3	hiatus
tlg001:1.42	ἐπὶ	15	16	short-ἐ-short-πὶ	hemi2
tlg001:1.42	θωρήσσοντο,	17	24	long-θω-long-ρήσ-long-σον-long-το,	hemi2	bucdiaer
tlg001:1.43	ὁπλότερος	1	6	long-ὁπ-short-λό-short-τε-long-ρος	hemi1
tlg001:1.43	πολέμιζε·	7	11	short-πο-short-λέ-long-μι-short-ζε·	hemi1
tlg001:1.43	τότʼ	12	12	short-τότʼ	hemi2	caesfem3
tlg001:1.43	αὖ	13	14	long-αὖ	hemi2	diaer4
tlg001:1.43	βαρύθεσκέ	15	19	short-βα-short-ρύ-long-θεσ-short-κέ	hemi2	hiatus
tlg001:1.43	οἱ	20	20	short-οἱ	hemi2	correption
tlg001:1.43	ἤδη	21	24	long-ἤ-long-δη	hemi2	diaer6
tlg001:1.44	γυῖα,	1	3	long-γυῖ-short-α,	hemi1
tlg001:1.44	μένεν	4	6	short-μέ-long-νεν	hemi1
tlg001:1.44	δʼ	7	7	δʼ	hemi1
tlg001:1.44	ἔτι	7	8	short-ἔ-short-τι	hemi1
tlg001:1.44	θῡμὸς	9	11	long-θῡ-short-μὸς	hemi1	diaer3
tlg001:1.44	ἀρήιος,	12	16	short-ἀ-long-ρή-short-ι-short-ος,	hemi2	caesfem3
tlg001:1.44	ὡς	17	18	long-ὡς	hemi2	bucdiaer
tlg001:1.44	τὸ	19	19	short-τὸ	hemi2
tlg001:1.44	πάρος	20	22	short-πά-long-ρος	hemi2
tlg001:1.44	περ.	23	24	long-περ.	hemi2
tlg001:1.45	οὐδὲ	1	3	long-οὐ-short-δὲ	hemi1
tlg001:1.45	μὲν	4	4	short-μὲν	hemi1
tlg001:1.45	Ἴ̄φικλος	5	10	long-Ἴ̄-long-φι-long-κλος	hemi1	diaer2
tlg001:1.45	Φυλάκῃ	11	14	short-Φυ-short-λά-long-κῃ	hemi2	caesmasc3	hiatus
tlg001:1.45	ἔνι	15	16	short-ἔ-short-νι	hemi2
tlg001:1.45	δηρὸν	17	19	long-δη-short-ρὸν	hemi2	bucdiaer
tlg001:1.45	ἔλειπτο,	20	24	short-ἔ-long-λειπ-long-το,	hemi2
tlg001:1.46	μήτρως	1	4	long-μήτ-long-ρως	hemi1
tlg001:1.46	Αἰσονίδᾱο·	5	11	long-Αἰ-short-σο-short-νί-long-δᾱ-short-ο·	hemi1	diaer2
tlg001:1.46	κασιγνήτην	12	18	short-κα-long-σι-long-γνή-long-την	hemi2	caesfem3
tlg001:1.46	γὰρ	19	19	short-γὰρ	hemi2
tlg001:1.46	ὄπυιεν	20	24	short-ὄ-long-πυι-long-εν	hemi2
tlg001:1.47	Αἴσων	1	4	long-Αἴ-long-σων	hemi1
tlg001:1.47	Ἀλκιμέδην	5	10	long-Ἀλ-short-κι-short-μέ-long-δην	hemi1	diaer2
tlg001:1.47	Φυλακηίδα·	11	16	short-Φυ-short-λα-long-κη-short-ί-short-δα·	hemi2	caesmasc3
tlg001:1.47	τῆς	17	18	long-τῆς	hemi2	bucdiaer
tlg001:1.47	μιν	19	19	short-μιν	hemi2
tlg001:1.47	ἀνώγει	20	24	short-ἀ-long-νώ-long-γει	hemi2
tlg001:1.48	πηοσύνη	1	6	long-πη-short-ο-short-σύ-long-νη	hemi1
tlg001:1.48	καὶ	7	8	long-καὶ	hemi1
tlg001:1.48	κῆδος	9	11	long-κῆ-short-δος	hemi1
tlg001:1.48	ἐνικρινθῆναι	12	19	short-ἐ-long-νι-long-κριν-long-θῆ-short-ναι	hemi2	caesfem3	correption
tlg001:1.48	ὁμῑ́λῳ.	20	24	short-ὁ-long-μῑ́-long-λῳ.	hemi2
tlg001:1.49	οὐδὲ	1	3	long-οὐ-short-δὲ	hemi1
tlg001:1.49	Φεραῖς	4	6	short-Φε-long-ραῖς	hemi1
tlg001:1.49	Ἄδμητος	7	11	long-Ἄ-long-δμη-short-τος	hemi1
tlg001:1.49	ἐυρρήνεσσιν	12	19	short-ἐ-long-υρ-long-ρή-long-νεσ-short-σιν	hemi2	caesfem3
tlg001:1.49	ἀνάσσων	20	24	short-ἀ-long-νάσ-long-σων	hemi2
tlg001:1.50	μίμνεν	1	3	long-μίμ-short-νεν	hemi1
tlg001:1.50	ὑπὸ	4	6	short-ὑ-long-πὸ	hemi1
tlg001:1.50	σκοπιὴν	7	10	short-σκο-short-πι-long-ὴν	hemi1
tlg001:1.50	ὄρεος	11	14	short-ὄ-short-ρε-long-ος	hemi2	caesmasc3
tlg001:1.50	Χαλκωδονίοιο.	15	24	long-Χαλ-long-κω-short-δο-short-νί-long-οι-long-ο.	hemi2
tlg001:1.51	οὐδʼ	1	2	long-οὐδʼ	hemi1
tlg001:1.51	Ἀλόπῃ	3	6	short-Ἀ-short-λό-long-πῃ	hemi1
tlg001:1.51	μίμνον	7	10	long-μίμ-long-νον	hemi1
tlg001:1.51	πολυλήιοι	11	16	short-πο-short-λυ-long-λή-short-ι-short-οι	hemi2	caesmasc3	correption
tlg001:1.51	Ἑρμείᾱο	17	24	long-Ἑρ-long-μεί-long-ᾱ-long-ο	hemi2	bucdiaer
tlg001:1.52	υἱέες	1	4	long-υἱ-short-έ-short-ες	hemi1
tlg001:1.52	εὖ	5	6	long-εὖ	hemi1	diaer2
tlg001:1.52	δεδαῶτε	7	11	short-δε-short-δα-long-ῶ-short-τε	hemi1
tlg001:1.52	δόλους,	12	14	short-δό-long-λους,	hemi2	caesfem3
tlg001:1.52	Ἔρυτος	15	18	short-Ἔ-short-ρυ-long-τος	hemi2
tlg001:1.52	καὶ	19	19	short-καὶ	hemi2	correption
tlg001:1.52	Ἐχῑ́ων,	20	24	short-Ἐ-long-χῑ́-long-ων,	hemi2
tlg001:1.53	τοῖσι	1	3	long-τοῖ-short-σι	hemi1
tlg001:1.53	δʼ	4	4	δʼ	hemi1
tlg001:1.53	ἐπὶ	4	6	short-ἐ-long-πὶ	hemi1
tlg001:1.53	τρίτατος	7	10	short-τρί-short-τα-long-τος	hemi1
tlg001:1.53	γνωτὸς	11	14	long-γνω-long-τὸς	hemi2	caesmasc3
tlg001:1.53	κίε	15	16	short-κί-short-ε	hemi2
tlg001:1.53	νισσομένοισιν	17	24	long-νισ-short-σο-short-μέ-long-νοι-long-σιν	hemi2	bucdiaer
tlg001:1.54	Αἰθαλίδης·	1	6	long-Αἰ-short-θα-short-λί-long-δης·	hemi1
tlg001:1.54	καὶ	7	8	long-καὶ	hemi1
tlg001:1.54	τὸν	9	10	long-τὸν	hemi1
tlg001:1.54	μὲν	11	11	short-μὲν	hemi1
tlg001:1.54	ἐπʼ	12	12	short-ἐπʼ	hemi2	caesfem3
tlg001:1.54	Ἀμφρυσσοῖο	13	19	long-Ἀμ-long-φρυσ-long-σοῖ-short-ο	hemi2	diaer4
tlg001:1.54	ῥοῇσιν	20	24	short-ῥο-long-ῇ-long-σιν	hemi2
tlg001:1.55	Μυρμιδόνος	1	6	long-Μυρ-short-μι-short-δό-long-νος	hemi1
tlg001:1.55	κούρη	7	10	long-κού-long-ρη	hemi1
tlg001:1.55	Φθῑᾱ̀ς	11	14	long-Φθῑ-long-ᾱ̀ς	hemi2	caesmasc3
tlg001:1.55	τέκεν	15	16	short-τέ-short-κεν	hemi2
tlg001:1.55	Εὐπολέμεια·	17	24	long-Εὐ-short-πο-short-λέ-long-μει-long-α·	hemi2	bucdiaer
tlg001:1.56	τὼ	1	2	long-τὼ	hemi1
tlg001:1.56	δʼ	3	3	δʼ	hemi1
tlg001:1.56	αὖτʼ	3	4	long-αὖτʼ	hemi1
tlg001:1.56	ἐκγεγάτην	5	10	long-ἐκ-short-γε-short-γά-long-την	hemi1	diaer2
tlg001:1.56	Μενετηίδος	11	16	short-Με-short-νε-long-τη-short-ί-short-δος	hemi2	caesmasc3
tlg001:1.56	Ἀντιανείρης.	17	24	long-Ἀν-short-τι-short-α-long-νεί-long-ρης.	hemi2	bucdiaer
tlg001:1.57	ἤλυθε	1	4	long-ἤ-short-λυ-short-θε	hemi1
tlg001:1.57	δʼ	5	5	δʼ	hemi1
tlg001:1.57	ἀφνειὴν	5	10	long-ἀφ-long-νει-long-ὴν	hemi1	diaer2
tlg001:1.57	προλιπὼν	11	14	short-προ-short-λι-long-πὼν	hemi2	caesmasc3
tlg001:1.57	Γυρτῶνα	15	19	long-Γυρ-long-τῶ-short-να	hemi2
tlg001:1.57	Κόρωνος	20	24	short-Κό-long-ρω-long-νος	hemi2
tlg001:1.58	Καινεΐδης,	1	6	long-Και-short-νε-short-ΐ-long-δης,	hemi1
tlg001:1.58	ἐσθλὸς	7	10	long-ἐσ-long-θλὸς	hemi1
tlg001:1.58	μέν,	11	11	short-μέν,	hemi1
tlg001:1.58	ἑοῦ	12	14	short-ἑ-long-οῦ	hemi2	caesfem3
tlg001:1.58	δʼ	15	15	δʼ	hemi2
tlg001:1.58	οὐ	15	16	long-οὐ	hemi2
tlg001:1.58	πατρὸς	17	19	long-πατ-short-ρὸς	hemi2	bucdiaer
tlg001:1.58	ἀμείνων.	20	24	short-ἀ-long-μεί-long-νων.	hemi2
tlg001:1.59	Καινέα	1	4	long-Και-short-νέ-short-α	hemi1
tlg001:1.59	γὰρ	5	6	long-γὰρ	hemi1
tlg001:1.59	ζῶόν	7	10	long-ζῶ-long-όν	hemi1
tlg001:1.59	περ	11	11	short-περ	hemi1
tlg001:1.59	ἔτι	12	14	short-ἔ-long-τι	hemi2	caesfem3
tlg001:1.59	κλείουσιν	15	19	long-κλεί-long-ου-short-σιν	hemi2
tlg001:1.59	ἀοιδοὶ	20	24	short-ἀ-long-οι-long-δοὶ	hemi2
tlg001:1.60	Κενταύροισιν	1	7	long-Κεν-long-ταύ-long-ροι-short-σιν	hemi1
tlg001:1.60	ὀλέσθαι,	8	11	short-ὀ-long-λέσ-short-θαι,	hemi1	correption
tlg001:1.60	ὅτε	12	14	short-ὅ-long-τε	hemi2	caesfem3
tlg001:1.60	σφέας	15	16	long-σφέας	hemi2	synizesis
tlg001:1.60	οἶος	17	19	long-οἶ-short-ος	hemi2	bucdiaer
tlg001:1.60	ἀπʼ	20	20	short-ἀπʼ	hemi2
tlg001:1.60	ἄλλων	21	24	long-ἄλ-long-λων	hemi2	diaer6
tlg001:1.61	ἤλασʼ	1	3	long-ἤ-short-λασʼ	hemi1
tlg001:1.61	ἀριστήων·	4	10	short-ἀ-long-ρισ-long-τή-long-ων·	hemi1
tlg001:1.61	οἱ	11	12	long-οἱ	hemi2	caesmasc3
tlg001:1.61	δʼ	13	13	δʼ	hemi2
tlg001:1.61	ἔμπαλιν	13	16	long-ἔμ-short-πα-short-λιν	hemi2	diaer4
tlg001:1.61	ὁρμηθέντες	17	24	long-ὁρ-long-μη-long-θέν-long-τες	hemi2	bucdiaer
tlg001:1.62	οὔτε	1	3	long-οὔ-short-τε	hemi1
tlg001:1.62	μιν	4	4	short-μιν	hemi1
tlg001:1.62	ἐγκλῖναι	5	10	long-ἐγ-long-κλῖ-long-ναι	hemi1	diaer2
tlg001:1.62	προτέρω	11	14	short-προ-short-τέ-long-ρω	hemi2	caesmasc3
tlg001:1.62	σθένον,	15	16	short-σθέ-short-νον,	hemi2
tlg001:1.62	οὔτε	17	19	long-οὔ-short-τε	hemi2	bucdiaer
tlg001:1.62	δαΐξαι·	20	24	short-δα-long-ΐ-long-ξαι·	hemi2
tlg001:1.63	ἀλλʼ	1	2	long-ἀλλʼ	hemi1
tlg001:1.63	ἄρρηκτος	3	7	long-ἄρ-long-ρηκ-short-τος	hemi1
tlg001:1.63	ἄκαμπτος	8	11	short-ἄ-long-καμ-short-πτος	hemi1
tlg001:1.63	ἐδῡ́σετο	12	16	short-ἐ-long-δῡ́-short-σε-short-το	hemi2	caesfem3
tlg001:1.63	νειόθι	17	20	long-νει-short-ό-short-θι	hemi2	bucdiaer
tlg001:1.63	γαίης,	21	24	long-γαί-long-ης,	hemi2	diaer6
tlg001:1.64	θεινόμενος	1	6	long-θει-short-νό-short-με-long-νος	hemi1
tlg001:1.64	στιβαρῇσι	7	11	short-στι-short-βα-long-ρῇ-short-σι	hemi1
tlg001:1.64	κατᾱΐγδην	12	18	short-κα-long-τᾱ-long-ΐγ-long-δην	hemi2	caesfem3
tlg001:1.64	ἐλάτῃσιν.	19	24	short-ἐ-short-λά-long-τῃ-long-σιν.	hemi2
tlg001:1.65	ἤλυθε	1	4	long-ἤ-short-λυ-short-θε	hemi1
tlg001:1.65	δʼ	5	5	δʼ	hemi1
tlg001:1.65	αὖ	5	6	long-αὖ	hemi1	diaer2
tlg001:1.65	Μόψος	7	10	long-Μό-long-ψος	hemi1
tlg001:1.65	Τιταρήσιος,	11	16	short-Τι-short-τα-long-ρή-short-σι-short-ος,	hemi2	caesmasc3
tlg001:1.65	ὃν	17	18	long-ὃν	hemi2	bucdiaer
tlg001:1.65	περὶ	19	20	short-πε-short-ρὶ	hemi2
tlg001:1.65	πάντων	21	24	long-πάν-long-των	hemi2	diaer6
tlg001:1.66	Λητοΐδης	1	6	long-Λη-short-το-short-ΐ-long-δης	hemi1
tlg001:1.66	ἐδίδαξε	7	11	short-ἐ-short-δί-long-δα-short-ξε	hemi1
tlg001:1.66	θεοπροπίᾱς	12	18	short-θε-long-ο-short-προ-short-πί-long-ᾱς	hemi2	caesfem3
tlg001:1.66	οἰωνῶν·	19	24	long-οἰ-long-ω-long-νῶν·	hemi2
tlg001:1.67	ἠδὲ	1	3	long-ἠ-short-δὲ	hemi1
tlg001:1.67	καὶ	4	4	short-καὶ	hemi1	correption
tlg001:1.67	Εὐρυδάμᾱς	5	10	long-Εὐ-short-ρυ-short-δά-long-μᾱς	hemi1
tlg001:1.67	Κτιμένου	11	14	short-Κτι-short-μέ-long-νου	hemi2	caesmasc3
tlg001:1.67	πάις·	15	16	short-πά-short-ις·	hemi2
tlg001:1.67	ἄγχι	17	19	long-ἄγ-short-χι	hemi2	bucdiaer
tlg001:1.67	δὲ	20	20	short-δὲ	hemi2
tlg001:1.67	λίμνης	21	24	long-λίμ-long-νης	hemi2	diaer6
tlg001:1.68	Ξῡνιάδος	1	6	long-Ξῡ-short-νι-short-ά-long-δος	hemi1
tlg001:1.68	Κτιμένην	7	10	short-Κτι-short-μέ-long-νην	hemi1
tlg001:1.68	Δολοπηίδα	11	16	short-Δο-short-λο-long-πη-short-ί-short-δα	hemi2	caesmasc3
tlg001:1.68	ναιετάασκεν.	17	24	long-ναι-short-ε-short-τά-long-ασ-long-κεν.	hemi2	bucdiaer
tlg001:1.69	καὶ	1	2	long-καὶ	hemi1
tlg001:1.69	μὴν	3	4	long-μὴν	hemi1
tlg001:1.69	Ἄκτωρ	5	8	long-Ἄκ-long-τωρ	hemi1	diaer2
tlg001:1.69	υἷα	9	11	long-υἷ-short-α	hemi1	diaer3
tlg001:1.69	Μενοίτιον	12	16	short-Με-long-νοί-short-τι-short-ον	hemi2	caesfem3
tlg001:1.69	ἐξ	17	18	long-ἐξ	hemi2	bucdiaer
tlg001:1.69	Ὀπόεντος	19	24	short-Ὀ-short-πό-long-εν-long-τος	hemi2
tlg001:1.70	ὦρσεν,	1	3	long-ὦρ-short-σεν,	hemi1
tlg001:1.70	ἀριστήεσσι	4	11	short-ἀ-long-ρισ-long-τή-long-εσ-short-σι	hemi1
tlg001:1.70	σὺν	12	12	short-σὺν	hemi2	caesfem3
tlg001:1.70	ἀνδράσιν	13	16	long-ἀν-short-δρά-short-σιν	hemi2	diaer4
tlg001:1.70	ὄφρα	17	19	long-ὄφ-short-ρα	hemi2	bucdiaer
tlg001:1.70	νέοιτο.	20	24	short-νέ-long-οι-long-το.	hemi2
tlg001:1.71	εἵπετο	1	4	long-εἵ-short-πε-short-το	hemi1
tlg001:1.71	δʼ	5	5	δʼ	hemi1
tlg001:1.71	Εὐρυτίων	5	10	long-Εὐ-short-ρυ-short-τί-long-ων	hemi1	diaer2
tlg001:1.71	τε	11	11	short-τε	hemi1
tlg001:1.71	καὶ	12	12	short-καὶ	hemi2	caesfem3	correption
tlg001:1.71	ἀλκήεις	13	18	long-ἀλ-long-κή-long-εις	hemi2
tlg001:1.71	Ἐρυβώτης,	19	24	short-Ἐ-short-ρυ-long-βώ-long-της,	hemi2
tlg001:1.72	υἷες	1	3	long-υἷ-short-ες	hemi1
tlg001:1.72	ὁ	4	4	short-ὁ	hemi1
tlg001:1.72	μὲν	5	6	long-μὲν	hemi1
tlg001:1.72	Τελέοντος,	7	11	short-Τε-short-λέ-long-ον-short-τος,	hemi1
tlg001:1.72	ὁ	12	12	short-ὁ	hemi2	caesfem3
tlg001:1.72	δʼ	13	13	δʼ	hemi2
tlg001:1.72	Ἴ̄ρου	13	16	long-Ἴ̄-long-ρου	hemi2	diaer4	hiatus
tlg001:1.72	Ἀκτορίδᾱο·	17	24	long-Ἀκ-short-το-short-ρί-long-δᾱ-long-ο·	hemi2	bucdiaer
tlg001:1.73	ἤτοι	1	3	long-ἤ-short-τοι	hemi1	correption
tlg001:1.73	ὁ	4	4	short-ὁ	hemi1
tlg001:1.73	μὲν	5	6	long-μὲν	hemi1
tlg001:1.73	Τελέοντος	7	11	short-Τε-short-λέ-long-ον-short-τος	hemi1
tlg001:1.73	ἐυκλειὴς	12	18	short-ἐ-long-υ-long-κλει-long-ὴς	hemi2	caesfem3
tlg001:1.73	Ἐρυβώτης,	19	24	short-Ἐ-short-ρυ-long-βώ-long-της,	hemi2
tlg001:1.74	Ἴ̄ρου	1	4	long-Ἴ̄-long-ρου	hemi1
tlg001:1.74	δʼ	5	5	δʼ	hemi1
tlg001:1.74	Εὐρυτίων.	5	10	long-Εὐ-short-ρυ-short-τί-long-ων.	hemi1	diaer2
tlg001:1.74	σὺν	11	12	long-σὺν	hemi2	caesmasc3
tlg001:1.74	καὶ	13	14	long-καὶ	hemi2	diaer4
tlg001:1.74	τρίτος	15	16	short-τρί-short-τος	hemi2
tlg001:1.74	ἦεν	17	19	long-ἦ-short-εν	hemi2	bucdiaer
tlg001:1.74	Ὀῑλεύς,	20	24	short-Ὀ-long-ῑ-long-λεύς,	hemi2
tlg001:1.75	ἔξοχος	1	4	long-ἔξ-short-ο-short-χος	hemi1
tlg001:1.75	ἠνορέην	5	10	long-ἠ-short-νο-short-ρέ-long-ην	hemi1	diaer2
tlg001:1.75	καὶ	11	11	short-καὶ	hemi2	caesmasc3	correption
tlg001:1.75	ἐπᾱΐξαι	12	18	short-ἐπ-long-ᾱ-long-ΐ-long-ξαι	hemi2
tlg001:1.75	μετόπισθεν	19	24	short-μετ-short-ό-long-πισ-long-θεν	hemi2
tlg001:1.76	εὖ	1	2	long-εὖ	hemi1
tlg001:1.76	δεδαὼς	3	6	short-δε-short-δα-long-ὼς	hemi1
tlg001:1.76	δῄοισιν,	7	11	long-δῄ-long-οι-short-σιν,	hemi1
tlg001:1.76	ὅτε	12	14	short-ὅ-long-τε	hemi2	caesfem3
tlg001:1.76	κλῑ́νωσι	15	19	long-κλῑ́-long-νω-short-σι	hemi2
tlg001:1.76	φάλαγγας.	20	24	short-φά-long-λαγ-long-γας.	hemi2
tlg001:1.77	αὐτὰρ	1	3	long-αὐ-short-τὰρ	hemi1
tlg001:1.77	ἀπʼ	4	4	short-ἀπʼ	hemi1
tlg001:1.77	Εὐβοίης	5	10	long-Εὐ-long-βοί-long-ης	hemi1	diaer2
tlg001:1.77	Κάνθος	11	14	long-Κάν-long-θος	hemi2	caesmasc3
tlg001:1.77	κίε,	15	16	short-κί-short-ε,	hemi2
tlg001:1.77	τόν	17	18	long-τόν	hemi2	bucdiaer
tlg001:1.77	ῥα	19	19	short-ῥα	hemi2
tlg001:1.77	Κάνηθος	20	24	short-Κά-long-νη-long-θος	hemi2
tlg001:1.78	πέμπεν	1	3	long-πέμ-short-πεν	hemi1
tlg001:1.78	Ἀβαντιάδης	4	10	short-Ἀ-long-βαν-short-τι-short-ά-long-δης	hemi1
tlg001:1.78	λελιημένον·	11	16	short-λε-short-λι-long-η-short-μέ-short-νον·	hemi2	caesmasc3
tlg001:1.78	οὐ	17	18	long-οὐ	hemi2	bucdiaer
tlg001:1.78	μὲν	19	19	short-μὲν	hemi2
tlg001:1.78	ἔμελλεν	20	24	short-ἔ-long-μελ-long-λεν	hemi2
tlg001:1.79	νοστήσειν	1	6	long-νοσ-long-τή-long-σειν	hemi1
tlg001:1.79	Κήρινθον	7	11	long-Κή-long-ριν-short-θον	hemi1
tlg001:1.79	ὑπότροπος.	12	16	short-ὑ-long-πό-short-τρο-short-πος.	hemi2	caesfem3
tlg001:1.79	αἶσα	17	19	long-αἶ-short-σα	hemi2	bucdiaer
tlg001:1.79	γὰρ	20	20	short-γὰρ	hemi2
tlg001:1.79	ἦεν	21	24	long-ἦ-long-εν	hemi2	diaer6
tlg001:1.80	αὐτὸν	1	3	long-αὐ-short-τὸν	hemi1
tlg001:1.80	ὁμῶς	4	6	short-ὁ-long-μῶς	hemi1
tlg001:1.80	Μόψον	7	10	long-Μό-long-ψον	hemi1
tlg001:1.80	τε	11	11	short-τε	hemi1
tlg001:1.80	δαήμονα	12	16	short-δα-long-ή-short-μο-short-να	hemi2	caesfem3
tlg001:1.80	μαντοσυνᾱ́ων	17	24	long-μαν-short-το-short-συ-long-νᾱ́-long-ων	hemi2	bucdiaer
tlg001:1.81	πλαγχθέντας	1	6	long-πλαγχ-long-θέν-long-τας	hemi1
tlg001:1.81	Λιβύης	7	10	short-Λι-short-βύ-long-ης	hemi1
tlg001:1.81	ἐνὶ	11	12	short-ἐ-short-νὶ	hemi2	caesmasc3
tlg001:1.81	πείρασι	13	16	long-πεί-short-ρα-short-σι	hemi2	diaer4
tlg001:1.81	δῃωθῆναι,	17	24	long-δῃ-long-ω-long-θῆ-long-ναι,	hemi2	bucdiaer
tlg001:1.82	ὡς	1	2	long-ὡς	hemi1
tlg001:1.82	οὐκ	3	4	long-οὐκ	hemi1
tlg001:1.82	ἀνθρώποισι	5	11	long-ἀν-long-θρώ-long-ποι-short-σι	hemi1	diaer2
tlg001:1.82	κακὸν	12	14	short-κα-long-κὸν	hemi2	caesfem3
tlg001:1.82	μήκιστον	15	19	long-μή-long-κισ-short-τον	hemi2
tlg001:1.82	ἐπαυρεῖν,	20	24	short-ἐπ-long-αυ-long-ρεῖν,	hemi2
tlg001:1.83	ὁππότε	1	4	long-ὁπ-short-πό-short-τε	hemi1
tlg001:1.83	κἀ̄κείνους	5	10	long-κἀ̄-long-κεί-long-νους	hemi1	diaer2
tlg001:1.83	Λιβύῃ	11	14	short-Λι-short-βύ-long-ῃ	hemi2	caesmasc3	hiatus
tlg001:1.83	ἔνι	15	16	short-ἔ-short-νι	hemi2
tlg001:1.83	ταρχῡ́σαντο,	17	24	long-ταρ-long-χῡ́-long-σαν-long-το,	hemi2	bucdiaer
tlg001:1.84	τόσσον	1	3	long-τόσ-short-σον	hemi1
tlg001:1.84	ἑκὰς	4	6	short-ἑ-long-κὰς	hemi1
tlg001:1.84	Κόλχων,	7	10	long-Κόλ-long-χων,	hemi1
tlg001:1.84	ὅσσον	11	14	long-ὅσ-long-σον	hemi2	caesmasc3
tlg001:1.84	τέ	15	15	short-τέ	hemi2
tlg001:1.84	περ	16	16	short-περ	hemi2
tlg001:1.84	ἠελίοιο	17	24	long-ἠ-short-ε-short-λί-long-οι-long-ο	hemi2	bucdiaer
tlg001:1.85	μεσσηγὺς	1	6	long-μεσ-long-ση-long-γὺς	hemi1
tlg001:1.85	δύσιές	7	10	short-δύ-short-σι-long-ές	hemi1
tlg001:1.85	τε	11	11	short-τε	hemi1
tlg001:1.85	καὶ	12	12	short-καὶ	hemi2	caesfem3	correption
tlg001:1.85	ἀντολαὶ	13	16	long-ἀν-short-το-short-λαὶ	hemi2	correption
tlg001:1.85	εἰσορόωνται.	17	24	long-εἰσ-short-ο-short-ρό-long-ων-long-ται.	hemi2	bucdiaer
tlg001:1.86	τῷ	1	2	long-τῷ	hemi1
tlg001:1.86	δʼ	3	3	δʼ	hemi1
tlg001:1.86	ἄρʼ	3	3	short-ἄρʼ	hemi1
tlg001:1.86	ἐπὶ	4	6	short-ἐ-long-πὶ	hemi1
tlg001:1.86	Κλυτίος	7	10	short-Κλυ-short-τί-long-ος	hemi1
tlg001:1.86	τε	11	11	short-τε	hemi1
tlg001:1.86	καὶ	12	12	short-καὶ	hemi2	caesfem3	correption
tlg001:1.86	Ἴ̄φιτος	13	16	long-Ἴ̄-short-φι-short-τος	hemi2
tlg001:1.86	ἠγερέθοντο,	17	24	long-ἠ-short-γε-short-ρέ-long-θον-long-το,	hemi2	bucdiaer
tlg001:1.87	Οἰχαλίης	1	6	long-Οἰ-short-χα-short-λί-long-ης	hemi1
tlg001:1.87	ἐπίουροι,	7	11	short-ἐ-short-πί-long-ου-short-ροι,	hemi1	correption
tlg001:1.87	ἀπηνέος	12	16	short-ἀπ-long-η-short-νέ-short-ος	hemi2	caesfem3
tlg001:1.87	Εὐρύτου	17	20	long-Εὐ-short-ρύ-short-του	hemi2	bucdiaer	correption
tlg001:1.87	υἷες,	21	24	long-υἷ-long-ες,	hemi2	diaer6
tlg001:1.88	Εὐρύτου,	1	4	long-Εὐ-short-ρύ-short-του,	hemi1	correption
tlg001:1.88	ᾧ	5	6	long-ᾧ	hemi1	diaer2
tlg001:1.88	πόρε	7	8	short-πό-short-ρε	hemi1
tlg001:1.88	τόξον	9	11	long-τό-short-ξον	hemi1	diaer3
tlg001:1.88	Ἑκηβόλος·	12	16	short-Ἑ-long-κη-short-βό-short-λος·	hemi2	caesfem3
tlg001:1.88	οὐδʼ	17	18	long-οὐδʼ	hemi2	bucdiaer
tlg001:1.88	ἀπόνητο	19	24	short-ἀ-short-πό-long-νη-long-το	hemi2
tlg001:1.89	δωτῑ́νης·	1	6	long-δω-long-τῑ́-long-νης·	hemi1
tlg001:1.89	αὐτῷ	7	10	long-αὐ-long-τῷ	hemi1
tlg001:1.89	γὰρ	11	11	short-γὰρ	hemi1
tlg001:1.89	ἑκὼν	12	14	short-ἑ-long-κὼν	hemi2	caesfem3
tlg001:1.89	ἐρίδηνε	15	19	short-ἐ-short-ρί-long-δη-short-νε	hemi2
tlg001:1.89	δοτῆρι.	20	24	short-δο-long-τῆ-long-ρι.	hemi2
tlg001:1.90	τοῖσι	1	3	long-τοῖ-short-σι	hemi1
tlg001:1.90	δʼ	4	4	δʼ	hemi1
tlg001:1.90	ἐπʼ	4	4	short-ἐπʼ	hemi1
tlg001:1.90	Αἰακίδαι	5	10	long-Αἰ-short-α-short-κί-long-δαι	hemi1	diaer2
tlg001:1.90	μετεκῑ́αθον·	11	16	short-μετ-short-ε-long-κῑ́-short-α-short-θον·	hemi2	caesmasc3
tlg001:1.90	οὐ	17	18	long-οὐ	hemi2	bucdiaer
tlg001:1.90	μὲν	19	19	short-μὲν	hemi2
tlg001:1.90	ἅμʼ	20	20	short-ἅμʼ	hemi2
tlg001:1.90	ἄμφω,	21	24	long-ἄμ-long-φω,	hemi2	diaer6
tlg001:1.91	οὐδʼ	1	2	long-οὐδʼ	hemi1
tlg001:1.91	ὁμόθεν·	3	6	short-ὁ-short-μό-long-θεν·	hemi1
tlg001:1.91	νόσφιν	7	10	long-νόσ-long-φιν	hemi1
tlg001:1.91	γὰρ	11	11	short-γὰρ	hemi1
tlg001:1.91	ἀλευάμενοι	12	18	short-ἀ-long-λευ-short-ά-short-με-long-νοι	hemi2	caesfem3
tlg001:1.91	κατένασθεν	19	24	short-κατ-short-έ-long-νασ-long-θεν	hemi2
tlg001:1.92	Αἰγῑ́νης,	1	6	long-Αἰ-long-γῑ́-long-νης,	hemi1
tlg001:1.92	ὅτε	7	8	short-ὅ-short-τε	hemi1
tlg001:1.92	Φῶκον	9	11	long-Φῶ-short-κον	hemi1	diaer3
tlg001:1.92	ἀδελφεὸν	12	16	short-ἀ-long-δελ-short-φε-short-ὸν	hemi2	caesfem3
tlg001:1.92	ἐξενάριξαν	17	24	long-ἐξ-short-ε-short-νά-long-ρι-long-ξαν	hemi2	bucdiaer
tlg001:1.93	ἀφραδίῃ.	1	6	long-ἀ-short-φρα-short-δί-long-ῃ.	hemi1
tlg001:1.93	Τελαμὼν	7	10	short-Τε-short-λα-long-μὼν	hemi1
tlg001:1.93	μὲν	11	11	short-μὲν	hemi1
tlg001:1.93	ἐν	12	12	short-ἐν	hemi2	caesfem3
tlg001:1.93	Ἀτθίδι	13	16	long-Ἀτ-short-θί-short-δι	hemi2	diaer4
tlg001:1.93	νάσσατο	17	20	long-νάσ-short-σα-short-το	hemi2	bucdiaer
tlg001:1.93	νήσῳ·	21	24	long-νή-long-σῳ·	hemi2	diaer6
tlg001:1.94	Πηλεὺς	1	4	long-Πη-long-λεὺς	hemi1
tlg001:1.94	δὲ	5	6	long-δὲ	hemi1
tlg001:1.94	Φθῑ́ῃ	7	10	long-Φθῑ́-long-ῃ	hemi1	hiatus
tlg001:1.94	ἐνὶ	11	12	short-ἐ-short-νὶ	hemi2	caesmasc3
tlg001:1.94	δώματα	13	16	long-δώ-short-μα-short-τα	hemi2	diaer4
tlg001:1.94	ναῖε	17	19	long-ναῖ-short-ε	hemi2	bucdiaer
tlg001:1.94	λιασθείς.	20	24	short-λι-long-ασ-long-θείς.	hemi2
tlg001:1.95	τοῖς	1	2	long-τοῖς	hemi1
tlg001:1.95	δʼ	3	3	δʼ	hemi1
tlg001:1.95	ἐπὶ	3	4	short-ἐ-short-πὶ	hemi1
tlg001:1.95	Κεκροπίηθεν	5	11	long-Κεκ-short-ρο-short-πί-long-η-short-θεν	hemi1	diaer2
tlg001:1.95	ἀρήιος	12	16	short-ἀ-long-ρή-short-ι-short-ος	hemi2	caesfem3
tlg001:1.95	ἤλυθε	17	20	long-ἤ-short-λυ-short-θε	hemi2	bucdiaer
tlg001:1.95	Βούτης,	21	24	long-Βού-long-της,	hemi2	diaer6
tlg001:1.96	παῖς	1	2	long-παῖς	hemi1
tlg001:1.96	ἀγαθοῦ	3	6	short-ἀ-short-γα-long-θοῦ	hemi1
tlg001:1.96	Τελέοντος,	7	11	short-Τε-short-λέ-long-ον-short-τος,	hemi1
tlg001:1.96	ἐυμμελίης	12	18	short-ἐ-long-υμ-short-με-short-λί-long-ης	hemi2	caesfem3
tlg001:1.96	τε	19	19	short-τε	hemi2
tlg001:1.96	Φάληρος.	20	24	short-Φά-long-λη-long-ρος.	hemi2
tlg001:1.97	Ἄλκων	1	4	long-Ἄλ-long-κων	hemi1
tlg001:1.97	μιν	5	6	long-μιν	hemi1
tlg001:1.97	προέηκε	7	11	short-προ-short-έ-long-η-short-κε	hemi1
tlg001:1.97	πατὴρ	12	14	short-πα-long-τὴρ	hemi2	caesfem3
tlg001:1.97	ἑός·	15	16	short-ἑ-short-ός·	hemi2
tlg001:1.97	οὐ	17	18	long-οὐ	hemi2	bucdiaer
tlg001:1.97	μὲν	19	19	short-μὲν	hemi2
tlg001:1.97	ἔτʼ	20	20	short-ἔτʼ	hemi2
tlg001:1.97	ἄλλους	21	24	long-ἄλ-long-λους	hemi2	diaer6
tlg001:1.98	γήραος	1	4	long-γή-short-ρα-short-ος	hemi1
tlg001:1.98	υἷας	5	7	long-υἷ-short-ας	hemi1	diaer2
tlg001:1.98	ἔχεν	8	10	short-ἔ-long-χεν	hemi1
tlg001:1.98	βιότοιό	11	15	short-βι-short-ό-long-τοι-short-ό	hemi2	caesmasc3
tlg001:1.98	τε	16	16	short-τε	hemi2
tlg001:1.98	κηδεμονῆας.	17	24	long-κη-short-δε-short-μο-long-νῆ-long-ας.	hemi2	bucdiaer
tlg001:1.99	ἀλλά	1	3	long-ἀλ-short-λά	hemi1	hiatus
tlg001:1.99	ἑ	4	4	short-ἑ	hemi1
tlg001:1.99	τηλύγετόν	5	10	long-τη-short-λύ-short-γε-long-τόν	hemi1	diaer2
tlg001:1.99	περ	11	11	short-περ	hemi1
tlg001:1.99	ὁμῶς	12	14	short-ὁ-long-μῶς	hemi2	caesfem3
tlg001:1.99	καὶ	15	16	long-καὶ	hemi2
tlg001:1.99	μοῦνον	17	19	long-μοῦ-short-νον	hemi2
tlg001:1.99	ἐόντα	20	24	short-ἐ-long-όν-long-τα	hemi2
tlg001:1.100	πέμπεν,	1	3	long-πέμ-short-πεν,	hemi1
tlg001:1.100	ἵνα	4	6	short-ἵ-long-να	hemi1
tlg001:1.100	θρασέεσσι	7	11	short-θρα-short-σέ-long-εσ-short-σι	hemi1
tlg001:1.100	μεταπρέποι	12	16	short-με-long-τα-short-πρέ-short-ποι	hemi2	caesfem3	correption
tlg001:1.100	ἡρώεσσιν.	17	24	long-ἡ-long-ρώ-long-εσ-long-σιν.	hemi2	bucdiaer
tlg001:1.101	Θησέα	1	4	long-Θη-short-σέ-short-α	hemi1
tlg001:1.101	δʼ	5	5	δʼ	hemi1
tlg001:1.101	,ὃς	5	6	long-,ὃς	hemi1	diaer2
tlg001:1.101	περὶ	7	8	short-πε-short-ρὶ	hemi1
tlg001:1.101	πάντας	9	11	long-πάν-short-τας	hemi1	diaer3
tlg001:1.101	Ἐρεχθεΐδας	12	18	short-Ἐ-long-ρεχ-short-θε-short-ΐ-long-δας	hemi2	caesfem3
tlg001:1.101	ἐκέκαστο,	19	24	short-ἐ-short-κέ-long-κασ-long-το,	hemi2
tlg001:1.102	Ταιναρίην	1	6	long-Ται-short-να-short-ρί-long-ην	hemi1
tlg001:1.102	ἀίδηλος	7	11	short-ἀ-short-ί-long-δη-short-λος	hemi1
tlg001:1.102	ὑπὸ	12	14	short-ὑ-long-πὸ	hemi2	caesfem3
tlg001:1.102	χθόνα	15	16	short-χθό-short-να	hemi2
tlg001:1.102	δεσμὸς	17	19	long-δεσ-short-μὸς	hemi2	bucdiaer
tlg001:1.102	ἔρῡκεν,	20	24	short-ἔ-long-ρῡ-long-κεν,	hemi2
tlg001:1.103	Πειρίθῳ	1	4	long-Πει-short-ρί-short-θῳ	hemi1	correption
tlg001:1.103	ἑσπόμενον	5	10	long-ἑσ-short-πό-short-με-long-νον	hemi1	diaer2
tlg001:1.103	κοινὴν	11	14	long-κοι-long-νὴν	hemi2	caesmasc3
tlg001:1.103	ὁδόν·	15	16	short-ὁ-short-δόν·	hemi2
tlg001:1.103	ἦ	17	18	long-ἦ	hemi2	bucdiaer
tlg001:1.103	τέ	19	19	short-τέ	hemi2
tlg001:1.103	κεν	20	20	short-κεν	hemi2
tlg001:1.103	ἄμφω	21	24	long-ἄμ-long-φω	hemi2	diaer6
tlg001:1.104	ῥηίτερον	1	6	long-ῥη-short-ί-short-τε-long-ρον	hemi1
tlg001:1.104	καμάτοιο	7	11	short-κα-short-μά-long-τοι-short-ο	hemi1
tlg001:1.104	τέλος	12	14	short-τέ-long-λος	hemi2	caesfem3
tlg001:1.104	πάντεσσιν	15	19	long-πάν-long-τεσ-short-σιν	hemi2
tlg001:1.104	ἔθεντο.	20	24	short-ἔ-long-θεν-long-το.	hemi2
tlg001:1.105	Τῖφυς	1	4	long-Τῖ-long-φυς	hemi1
tlg001:1.105	δʼ	5	5	δʼ	hemi1
tlg001:1.105	Ἁγνιάδης	5	10	long-Ἁγ-short-νι-short-ά-long-δης	hemi1	diaer2
tlg001:1.105	Σῑφᾱέα	11	16	long-Σῑ-long-φᾱ-short-έ-short-α	hemi2	caesmasc3
tlg001:1.105	κάλλιπε	17	20	long-κάλ-short-λι-short-πε	hemi2	bucdiaer
tlg001:1.105	δῆμον	21	24	long-δῆ-long-μον	hemi2	diaer6
tlg001:1.106	Θεσπιέων,	1	6	long-Θεσ-short-πι-short-έ-long-ων,	hemi1
tlg001:1.106	ἐσθλὸς	7	10	long-ἐσ-long-θλὸς	hemi1
tlg001:1.106	μὲν	11	11	short-μὲν	hemi1
tlg001:1.106	ὀρῑνόμενον	12	18	short-ὀ-long-ρῑ-short-νό-short-με-long-νον	hemi2	caesfem3
tlg001:1.106	προδαῆναι	19	24	short-προ-short-δα-long-ῆ-long-ναι	hemi2
tlg001:1.107	κῦμʼ	1	2	long-κῦμʼ	hemi1
tlg001:1.107	ἁλὸς	3	4	short-ἁ-short-λὸς	hemi1
tlg001:1.107	εὐρείης,	5	10	long-εὐ-long-ρεί-long-ης,	hemi1	diaer2
tlg001:1.107	ἐσθλὸς	11	14	long-ἐσ-long-θλὸς	hemi2	caesmasc3
tlg001:1.107	δʼ	15	15	δʼ	hemi2
tlg001:1.107	ἀνέμοιο	15	19	short-ἀ-short-νέ-long-μοι-short-ο	hemi2
tlg001:1.107	θυέλλᾱς	20	24	short-θυ-long-έλ-long-λᾱς	hemi2
tlg001:1.108	καὶ	1	2	long-καὶ	hemi1
tlg001:1.108	πλόον	3	4	short-πλό-short-ον	hemi1
tlg001:1.108	ἠελίῳ	5	10	long-ἠ-short-ε-short-λί-long-ῳ	hemi1	diaer2
tlg001:1.108	τε	11	11	short-τε	hemi1
tlg001:1.108	καὶ	12	12	short-καὶ	hemi2	caesfem3	correption
tlg001:1.108	ἀστέρι	13	16	long-ἀσ-short-τέ-short-ρι	hemi2
tlg001:1.108	τεκμήρασθαι.	17	24	long-τεκ-long-μή-long-ρασ-long-θαι.	hemi2	bucdiaer
tlg001:1.109	αὐτή	1	4	long-αὐ-long-τή	hemi1
tlg001:1.109	μιν	5	6	long-μιν	hemi1
tlg001:1.109	Τρῑτωνὶς	7	11	long-Τρῑ-long-τω-short-νὶς	hemi1
tlg001:1.109	ἀριστήων	12	18	short-ἀ-long-ρισ-long-τή-long-ων	hemi2	caesfem3
tlg001:1.109	ἐς	19	19	short-ἐς	hemi2
tlg001:1.109	ὅμῑλον	20	24	short-ὅ-long-μῑ-long-λον	hemi2
tlg001:1.110	ὦρσεν	1	3	long-ὦρ-short-σεν	hemi1
tlg001:1.110	Ἀθηναίη,	4	10	short-Ἀ-long-θη-long-ναί-long-η,	hemi1
tlg001:1.110	μετὰ	11	12	short-με-short-τὰ	hemi2	caesmasc3
tlg001:1.110	δʼ	13	13	δʼ	hemi2
tlg001:1.110	ἤλυθεν	13	16	long-ἤ-short-λυ-short-θεν	hemi2	diaer4
tlg001:1.110	ἐλδομένοισιν.	17	24	long-ἐλ-short-δο-short-μέ-long-νοι-long-σιν.	hemi2	bucdiaer
tlg001:1.111	αὐτὴ	1	4	long-αὐ-long-τὴ	hemi1
tlg001:1.111	γὰρ	5	6	long-γὰρ	hemi1
tlg001:1.111	καὶ	7	8	long-καὶ	hemi1
tlg001:1.111	νῆα	9	11	long-νῆ-short-α	hemi1
tlg001:1.111	θοὴν	12	14	short-θο-long-ὴν	hemi2	caesfem3
tlg001:1.111	κάμε·	15	16	short-κά-short-με·	hemi2
tlg001:1.111	σὺν	17	18	long-σὺν	hemi2	bucdiaer
tlg001:1.111	δέ	19	19	short-δέ	hemi2	hiatus
tlg001:1.111	οἱ	20	20	short-οἱ	hemi2	correption
tlg001:1.111	Ἄργος	21	24	long-Ἄρ-long-γος	hemi2	diaer6
tlg001:1.112	τεῦξεν	1	3	long-τεῦ-short-ξεν	hemi1
tlg001:1.112	Ἀρεστορίδης	4	10	short-Ἀ-long-ρεσ-short-το-short-ρί-long-δης	hemi1
tlg001:1.112	κείνης	11	14	long-κεί-long-νης	hemi2	caesmasc3
tlg001:1.112	ὑποθημοσύνῃσιν.	15	24	short-ὑ-short-πο-long-θη-short-μο-short-σύ-long-νῃ-long-σιν.	hemi2
tlg001:1.113	τῶ	1	2	long-τῶ	hemi1
tlg001:1.113	καὶ	3	4	long-καὶ	hemi1
tlg001:1.113	πᾱσᾱ́ων	5	10	long-πᾱ-long-σᾱ́-long-ων	hemi1
tlg001:1.113	προφερεστάτη	11	16	short-προ-short-φε-long-ρεσ-short-τά-short-τη	hemi2	caesmasc3	correption
tlg001:1.113	ἔπλετο	17	20	long-ἔ-short-πλε-short-το	hemi2	bucdiaer
tlg001:1.113	νηῶν,	21	24	long-νη-long-ῶν,	hemi2	diaer6
tlg001:1.114	ὅσσαι	1	3	long-ὅσ-short-σαι	hemi1	correption
tlg001:1.114	ὑπʼ	4	4	short-ὑπʼ	hemi1
tlg001:1.114	εἰρεσίῃσιν	5	11	long-εἰ-short-ρε-short-σί-long-ῃ-short-σιν	hemi1	diaer2
tlg001:1.114	ἐπειρήσαντο	12	19	short-ἐ-long-πει-long-ρή-long-σαν-short-το	hemi2	caesfem3
tlg001:1.114	θαλάσσης.	20	24	short-θα-long-λάσ-long-σης.	hemi2
tlg001:1.115	Φλῑ́ᾱς	1	4	long-Φλῑ́-long-ᾱς	hemi1
tlg001:1.115	δʼ	5	5	δʼ	hemi1
tlg001:1.115	αὖτʼ	5	6	long-αὖτʼ	hemi1	diaer2
tlg001:1.115	ἐπὶ	7	8	short-ἐ-short-πὶ	hemi1
tlg001:1.115	τοῖσιν	9	11	long-τοῖ-short-σιν	hemi1	diaer3
tlg001:1.115	Ἀραιθυρέηθεν	12	19	short-Ἀ-long-ραι-short-θυ-short-ρέ-long-η-short-θεν	hemi2	caesfem3
tlg001:1.115	ἵκᾱνεν,	20	24	short-ἵ-long-κᾱ-long-νεν,	hemi2
tlg001:1.116	ἔνθʼ	1	2	long-ἔνθʼ	hemi1
tlg001:1.116	ἀφνειὸς	3	7	long-ἀφ-long-νει-short-ὸς	hemi1
tlg001:1.116	ἔναιε	8	11	short-ἔ-long-ναι-short-ε	hemi1
tlg001:1.116	Διωνῡ́σοιο	12	19	short-Δι-long-ω-long-νῡ́-long-σοι-short-ο	hemi2	caesfem3	hiatus
tlg001:1.116	ἕκητι,	20	24	short-ἕ-long-κη-long-τι,	hemi2
tlg001:1.117	πατρὸς	1	3	long-πατ-short-ρὸς	hemi1
tlg001:1.117	ἑοῦ,	4	6	short-ἑ-long-οῦ,	hemi1
tlg001:1.117	πηγῇσιν	7	11	long-πη-long-γῇ-short-σιν	hemi1
tlg001:1.117	ἐφέστιος	12	16	short-ἐφ-long-έσ-short-τι-short-ος	hemi2	caesfem3
tlg001:1.117	Ἀ̄σωποῖο.	17	24	long-Ἀ̄-long-σω-long-ποῖ-long-ο.	hemi2	bucdiaer
tlg001:1.118	Ἀργόθεν	1	4	long-Ἀρ-short-γό-short-θεν	hemi1
tlg001:1.118	αὖ	5	6	long-αὖ	hemi1	diaer2
tlg001:1.118	Ταλαὸς	7	10	short-Τα-short-λα-long-ὸς	hemi1
tlg001:1.118	καὶ	11	11	short-καὶ	hemi2	caesmasc3	correption
tlg001:1.118	Ἀρήιος,	12	16	short-Ἀ-long-ρή-short-ι-short-ος,	hemi2
tlg001:1.118	υἷε	17	19	long-υἷ-short-ε	hemi2	bucdiaer
tlg001:1.118	Βίαντος,	20	24	short-Βί-long-αν-long-τος,	hemi2
tlg001:1.119	ἤλυθον	1	4	long-ἤ-short-λυ-short-θον	hemi1
tlg001:1.119	ἴφθῑμός	5	10	long-ἴφ-long-θῑ-long-μός	hemi1	diaer2
tlg001:1.119	τε	11	11	short-τε	hemi1
tlg001:1.119	Λεώδοκος,	12	16	short-Λε-long-ώ-short-δο-short-κος,	hemi2	caesfem3
tlg001:1.119	οὓς	17	18	long-οὓς	hemi2	bucdiaer
tlg001:1.119	τέκε	19	20	short-τέ-short-κε	hemi2
tlg001:1.119	Πηρὼ	21	24	long-Πη-long-ρὼ	hemi2	diaer6
tlg001:1.120	Νηληίς·	1	6	long-Νη-long-λη-long-ίς·	hemi1
tlg001:1.120	τῆς	7	8	long-τῆς	hemi1
tlg001:1.120	δʼ	9	9	δʼ	hemi1
tlg001:1.120	ἀμφὶ	9	11	long-ἀμ-short-φὶ	hemi1	diaer3
tlg001:1.120	δύην	12	14	short-δύ-long-ην	hemi2	caesfem3
tlg001:1.120	ἐμόγησε	15	19	short-ἐ-short-μό-long-γη-short-σε	hemi2
tlg001:1.120	βαρεῖαν	20	24	short-βα-long-ρεῖ-long-αν	hemi2
tlg001:1.121	Αἰολίδης	1	6	long-Αἰ-short-ο-short-λί-long-δης	hemi1
tlg001:1.121	σταθμοῖσιν	7	11	long-σταθ-long-μοῖ-short-σιν	hemi1
tlg001:1.121	ἐν	12	12	short-ἐν	hemi2	caesfem3
tlg001:1.121	Ἰ̄φίκλοιο	13	19	long-Ἰ̄-long-φί-long-κλοι-short-ο	hemi2	diaer4
tlg001:1.121	Μελάμπους.	20	24	short-Με-long-λάμ-long-πους.	hemi2
tlg001:1.122	οὐδὲ	1	3	long-οὐ-short-δὲ	hemi1
tlg001:1.122	μὲν	4	4	short-μὲν	hemi1
tlg001:1.122	οὐδὲ	5	7	long-οὐ-short-δὲ	hemi1	diaer2
tlg001:1.122	βίην	8	10	short-βί-long-ην	hemi1
tlg001:1.122	κρατερόφρονος	11	16	short-κρα-short-τε-long-ρό-short-φρο-short-νος	hemi2	caesmasc3
tlg001:1.122	Ἡρακλῆος	17	24	long-Ἡ-long-ρα-long-κλῆ-long-ος	hemi2	bucdiaer
tlg001:1.123	πευθόμεθʼ	1	4	long-πευ-short-θό-short-μεθʼ	hemi1
tlg001:1.123	Αἰσονίδᾱο	5	11	long-Αἰ-short-σο-short-νί-long-δᾱ-short-ο	hemi1	diaer2
tlg001:1.123	λιλαιομένου	12	18	short-λι-long-λαι-short-ο-short-μέ-long-νου	hemi2	caesfem3	hiatus
tlg001:1.123	ἀθερίξαι.	19	24	short-ἀ-short-θε-long-ρί-long-ξαι.	hemi2
tlg001:1.124	ἀλλʼ	1	2	long-ἀλλʼ	hemi1
tlg001:1.124	ἐπεὶ	3	4	short-ἐ-short-πεὶ	hemi1	correption
tlg001:1.124	ἄ̄ιε	5	8	long-ἄ̄-short-ι-short-ε	hemi1	diaer2
tlg001:1.124	βάξιν	9	11	long-βά-short-ξιν	hemi1	diaer3
tlg001:1.124	ἀγειρομένων	12	18	short-ἀ-long-γει-short-ρο-short-μέ-long-νων	hemi2	caesfem3
tlg001:1.124	ἡρώων,	19	24	long-ἡ-long-ρώ-long-ων,	hemi2
tlg001:1.125	νεῖον	1	3	long-νεῖ-short-ον	hemi1
tlg001:1.125	ἀπʼ	4	4	short-ἀπʼ	hemi1
tlg001:1.125	Ἀρκαδίης	5	10	long-Ἀρ-short-κα-short-δί-long-ης	hemi1	diaer2
tlg001:1.125	Λυρκήιον	11	16	long-Λυρ-long-κή-short-ι-short-ον	hemi2	caesmasc3
tlg001:1.125	Ἄργος	17	19	long-Ἄρ-short-γος	hemi2	bucdiaer
tlg001:1.125	ἀμείψᾱς	20	24	short-ἀ-long-μεί-long-ψᾱς	hemi2
tlg001:1.126	τὴν	1	2	long-τὴν	hemi1
tlg001:1.126	ὁδόν,	3	4	short-ὁ-short-δόν,	hemi1
tlg001:1.126	ᾗ	5	6	long-ᾗ	hemi1	diaer2
tlg001:1.126	ζωὸν	7	10	long-ζω-long-ὸν	hemi1
tlg001:1.126	φέρε	11	12	short-φέ-short-ρε	hemi2	caesmasc3
tlg001:1.126	κάπριον,	13	16	long-κάπ-short-ρι-short-ον,	hemi2	diaer4
tlg001:1.126	ὅς	17	18	long-ὅς	hemi2	bucdiaer
tlg001:1.126	ῥʼ	19	19	ῥʼ	hemi2
tlg001:1.126	ἐνὶ	19	20	short-ἐ-short-νὶ	hemi2
tlg001:1.126	βήσσῃς	21	24	long-βήσ-long-σῃς	hemi2	diaer6
tlg001:1.127	φέρβετο	1	4	long-φέρ-short-βε-short-το	hemi1
tlg001:1.127	Λαμπείης,	5	10	long-Λαμ-long-πεί-long-ης,	hemi1	diaer2
tlg001:1.127	Ἐρυμάνθιον	11	16	short-Ἐ-short-ρυ-long-μάν-short-θι-short-ον	hemi2	caesmasc3
tlg001:1.127	ἂμ	17	18	long-ἂμ	hemi2	bucdiaer
tlg001:1.127	μέγα	19	20	short-μέ-short-γα	hemi2
tlg001:1.127	τῖφος,	21	24	long-τῖ-long-φος,	hemi2	diaer6
tlg001:1.128	τὸν	1	2	long-τὸν	hemi1
tlg001:1.128	μὲν	3	3	short-μὲν	hemi1
tlg001:1.128	ἐνὶ	4	6	short-ἐ-long-νὶ	hemi1
tlg001:1.128	πρώτῃσι	7	11	long-πρώ-long-τῃ-short-σι	hemi1
tlg001:1.128	Μυκηναίων	12	18	short-Μυ-long-κη-long-ναί-long-ων	hemi2	caesfem3
tlg001:1.128	ἀγορῇσιν	19	24	short-ἀ-short-γο-long-ρῇ-long-σιν	hemi2
tlg001:1.129	δεσμοῖς	1	4	long-δεσ-long-μοῖς	hemi1
tlg001:1.129	ἰλλόμενον	5	10	long-ἰλ-short-λό-short-με-long-νον	hemi1	diaer2
tlg001:1.129	μεγάλων	11	14	short-με-short-γά-long-λων	hemi2	caesmasc3
tlg001:1.129	ἀπεθήκατο	15	20	short-ἀπ-short-ε-long-θή-short-κα-short-το	hemi2
tlg001:1.129	νώτων·	21	24	long-νώ-long-των·	hemi2	diaer6
tlg001:1.130	αὐτὸς	1	4	long-αὐ-long-τὸς	hemi1
tlg001:1.130	δʼ	5	5	δʼ	hemi1
tlg001:1.130	ᾗ	5	6	long-ᾗ	hemi1	diaer2	hiatus
tlg001:1.130	ἰότητι	7	11	short-ἰ-short-ό-long-τη-short-τι	hemi1
tlg001:1.130	παρὲκ	12	14	short-παρ-long-ὲκ	hemi2	caesfem3
tlg001:1.130	νόον	15	16	short-νό-short-ον	hemi2
tlg001:1.130	Εὐρυσθῆος	17	24	long-Εὐ-long-ρυσ-long-θῆ-long-ος	hemi2	bucdiaer
tlg001:1.131	ὡρμήθη·	1	6	long-ὡρ-long-μή-long-θη·	hemi1
tlg001:1.131	σὺν	7	8	long-σὺν	hemi1
tlg001:1.131	καί	9	10	long-καί	hemi1	diaer3	hiatus
tlg001:1.131	οἱ	11	11	short-οἱ	hemi1	correption
tlg001:1.131	Ὕλᾱς	12	14	short-Ὕ-long-λᾱς	hemi2	caesfem3
tlg001:1.131	κίεν,	15	16	short-κί-short-εν,	hemi2
tlg001:1.131	ἐσθλὸς	17	19	long-ἐσ-short-θλὸς	hemi2	bucdiaer
tlg001:1.131	ὀπᾱ́ων,	20	24	short-ὀ-long-πᾱ́-long-ων,	hemi2
tlg001:1.132	πρωθήβης,	1	6	long-πρω-long-θή-long-βης,	hemi1
tlg001:1.132	ἰ̄ῶν	7	10	long-ἰ̄-long-ῶν	hemi1
tlg001:1.132	τε	11	11	short-τε	hemi1
tlg001:1.132	φορεὺς	12	14	short-φο-long-ρεὺς	hemi2	caesfem3
tlg001:1.132	φύλακός	15	18	short-φύ-short-λα-long-κός	hemi2
tlg001:1.132	τε	19	19	short-τε	hemi2
tlg001:1.132	βιοῖο.	20	24	short-βι-long-οῖ-long-ο.	hemi2
tlg001:1.133	τῷ	1	2	long-τῷ	hemi1
tlg001:1.133	δʼ	3	3	δʼ	hemi1
tlg001:1.133	ἐπὶ	3	4	short-ἐ-short-πὶ	hemi1
tlg001:1.133	δὴ	5	6	long-δὴ	hemi1	diaer2
tlg001:1.133	θείοιο	7	11	long-θεί-long-οι-short-ο	hemi1
tlg001:1.133	κίεν	12	14	short-κί-long-εν	hemi2	caesfem3
tlg001:1.133	Δαναοῖο	15	19	short-Δα-short-να-long-οῖ-short-ο	hemi2
tlg001:1.133	γενέθλη,	20	24	short-γε-long-νέθ-long-λη,	hemi2
tlg001:1.134	Ναύπλιος.	1	4	long-Ναύπ-short-λι-short-ος.	hemi1
tlg001:1.134	ἦ	5	6	long-ἦ	hemi1	diaer2
tlg001:1.134	γὰρ	7	7	short-γὰρ	hemi1
tlg001:1.134	ἔην	8	10	short-ἔ-long-ην	hemi1
tlg001:1.134	Κλυτονήου	11	16	short-Κλυ-short-το-long-νή-long-ου	hemi2	caesmasc3
tlg001:1.134	Ναυβολίδᾱο·	17	24	long-Ναυ-short-βο-short-λί-long-δᾱ-long-ο·	hemi2	bucdiaer
tlg001:1.135	Ναύβολος	1	4	long-Ναύ-short-βο-short-λος	hemi1
tlg001:1.135	αὖ	5	6	long-αὖ	hemi1	diaer2
tlg001:1.135	Λέρνου·	7	10	long-Λέρ-long-νου·	hemi1
tlg001:1.135	Λέρνον	11	14	long-Λέρ-long-νον	hemi2	caesmasc3
tlg001:1.135	γε	15	15	short-γε	hemi2
tlg001:1.135	μὲν	16	16	short-μὲν	hemi2
tlg001:1.135	ἴδμεν	17	19	long-ἴδ-short-μεν	hemi2	bucdiaer
tlg001:1.135	ἐόντα	20	24	short-ἐ-long-όν-long-τα	hemi2
tlg001:1.136	Προίτου	1	4	long-Προί-long-του	hemi1
tlg001:1.136	Ναυπλιάδᾱο·	5	11	long-Ναυπ-short-λι-short-ά-long-δᾱ-short-ο·	hemi1	diaer2
tlg001:1.136	Ποσειδᾱ́ωνι	12	19	short-Πο-long-σει-long-δᾱ́-long-ω-short-νι	hemi2	caesfem3
tlg001:1.136	δὲ	20	20	short-δὲ	hemi2
tlg001:1.136	κούρη.	21	24	long-κού-long-ρη.	hemi2	diaer6
tlg001:1.137	πρίν	1	2	long-πρίν	hemi1
tlg001:1.137	ποτʼ	3	3	short-ποτʼ	hemi1
tlg001:1.137	Ἀμῡμώνη	4	10	short-Ἀ-long-μῡ-long-μώ-long-νη	hemi1
tlg001:1.137	Δαναῒς	11	14	short-Δα-short-να-long-ῒς	hemi2	caesmasc3
tlg001:1.137	τέκεν	15	16	short-τέ-short-κεν	hemi2
tlg001:1.137	εὐνηθεῖσα	17	24	long-εὐ-long-νη-long-θεῖ-long-σα	hemi2	bucdiaer
tlg001:1.138	Ναύπλιον,	1	4	long-Ναύπ-short-λι-short-ον,	hemi1
tlg001:1.138	ὃς	5	6	long-ὃς	hemi1	diaer2
tlg001:1.138	περὶ	7	8	short-πε-short-ρὶ	hemi1
tlg001:1.138	πάντας	9	11	long-πάν-short-τας	hemi1	diaer3
tlg001:1.138	ἐκαίνυτο	12	16	short-ἐ-long-καί-short-νυ-short-το	hemi2	caesfem3
tlg001:1.138	ναυτιλίῃσιν.	17	24	long-ναυ-short-τι-short-λί-long-ῃ-long-σιν.	hemi2	bucdiaer
tlg001:1.139	Ἴδμων	1	4	long-Ἴδ-long-μων	hemi1
tlg001:1.139	δʼ	5	5	δʼ	hemi1
tlg001:1.139	ὑστάτιος	5	10	long-ὑσ-short-τά-short-τι-long-ος	hemi1	diaer2
tlg001:1.139	μετεκῑ́αθεν,	11	16	short-μετ-short-ε-long-κῑ́-short-α-short-θεν,	hemi2	caesmasc3
tlg001:1.139	ὅσσοι	17	19	long-ὅσ-short-σοι	hemi2	bucdiaer	correption
tlg001:1.139	ἔναιον	20	24	short-ἔ-long-ναι-long-ον	hemi2
tlg001:1.140	Ἄργος,	1	3	long-Ἄρ-short-γος,	hemi1
tlg001:1.140	ἐπεὶ	4	6	short-ἐ-long-πεὶ	hemi1
tlg001:1.140	δεδαὼς	7	10	short-δε-short-δα-long-ὼς	hemi1
tlg001:1.140	τὸν	11	11	short-τὸν	hemi2	caesmasc3
tlg001:1.140	ἑὸν	12	14	short-ἑ-long-ὸν	hemi2
tlg001:1.140	μόρον	15	16	short-μό-short-ρον	hemi2
tlg001:1.140	οἰωνοῖσιν	17	24	long-οἰ-long-ω-long-νοῖ-long-σιν	hemi2	bucdiaer
tlg001:1.141	ἤιε,	1	4	long-ἤ-short-ι-short-ε,	hemi1
tlg001:1.141	μή	5	6	long-μή	hemi1	diaer2	hiatus
tlg001:1.141	οἱ	7	8	long-οἱ	hemi1
tlg001:1.141	δῆμος	9	11	long-δῆ-short-μος	hemi1	diaer3
tlg001:1.141	ἐυκλείης	12	18	short-ἐ-long-υ-long-κλεί-long-ης	hemi2	caesfem3
tlg001:1.141	ἀγάσαιτο.	19	24	short-ἀ-short-γά-long-σαι-long-το.	hemi2
tlg001:1.142	οὐ	1	2	long-οὐ	hemi1
tlg001:1.142	μὲν	3	3	short-μὲν	hemi1
tlg001:1.142	ὅ	4	4	short-ὅ	hemi1
tlg001:1.142	γʼ	5	5	γʼ	hemi1
tlg001:1.142	ἦεν	5	7	long-ἦ-short-εν	hemi1	diaer2
tlg001:1.142	Ἄβαντος	8	11	short-Ἄ-long-βαν-short-τος	hemi1
tlg001:1.142	ἐτήτυμον,	12	16	short-ἐ-long-τή-short-τυ-short-μον,	hemi2	caesfem3
tlg001:1.142	ἀλλά	17	19	long-ἀλ-short-λά	hemi2	bucdiaer
tlg001:1.142	μιν	20	20	short-μιν	hemi2
tlg001:1.142	αὐτὸς	21	24	long-αὐ-long-τὸς	hemi2	diaer6
tlg001:1.143	γείνατο	1	4	long-γεί-short-να-short-το	hemi1
tlg001:1.143	κῡδαλίμοις	5	10	long-κῡ-short-δα-short-λί-long-μοις	hemi1	diaer2
tlg001:1.143	ἐναρίθμιον	11	16	short-ἐν-short-α-long-ρίθ-short-μι-short-ον	hemi2	caesmasc3
tlg001:1.143	Αἰολίδῃσιν	17	24	long-Αἰ-short-ο-short-λί-long-δῃ-long-σιν	hemi2	bucdiaer
tlg001:1.144	Λητοΐδης·	1	6	long-Λη-short-το-short-ΐ-long-δης·	hemi1
tlg001:1.144	αὐτὸς	7	10	long-αὐ-long-τὸς	hemi1
tlg001:1.144	δὲ	11	11	short-δὲ	hemi1
tlg001:1.144	θεοπροπίᾱς	12	18	short-θε-long-ο-short-προ-short-πί-long-ᾱς	hemi2	caesfem3
tlg001:1.144	ἐδίδαξεν	19	24	short-ἐ-short-δί-long-δα-long-ξεν	hemi2
tlg001:1.145	οἰωνούς	1	6	long-οἰ-long-ω-long-νούς	hemi1
tlg001:1.145	τʼ	7	7	τʼ	hemi1
tlg001:1.145	ἀλέγειν	7	10	short-ἀ-short-λέ-long-γειν	hemi1
tlg001:1.145	ἠδʼ	11	12	long-ἠδʼ	hemi2	caesmasc3
tlg001:1.145	ἔμπυρα	13	16	long-ἔμ-short-πυ-short-ρα	hemi2	diaer4
tlg001:1.145	σήματʼ	17	19	long-σή-short-ματʼ	hemi2	bucdiaer
tlg001:1.145	ἰδέσθαι.	20	24	short-ἰ-long-δέσ-long-θαι.	hemi2
tlg001:1.146	καὶ	1	2	long-καὶ	hemi1
tlg001:1.146	μὴν	3	4	long-μὴν	hemi1
tlg001:1.146	Αἰτωλὶς	5	10	long-Αἰ-long-τω-long-λὶς	hemi1	diaer2
tlg001:1.146	κρατερὸν	11	14	short-κρα-short-τε-long-ρὸν	hemi2	caesmasc3
tlg001:1.146	Πολυδεύκεα	15	20	short-Πο-short-λυ-long-δεύ-short-κε-short-α	hemi2
tlg001:1.146	Λήδη	21	24	long-Λή-long-δη	hemi2	diaer6
tlg001:1.147	Κάστορά	1	4	long-Κάσ-short-το-short-ρά	hemi1
tlg001:1.147	τʼ	5	5	τʼ	hemi1
tlg001:1.147	ὠκυπόδων	5	10	long-ὠ-short-κυ-short-πό-long-δων	hemi1	diaer2
tlg001:1.147	ὦρσεν	11	14	long-ὦρ-long-σεν	hemi2	caesmasc3
tlg001:1.147	δεδαημένον	15	20	short-δε-short-δα-long-η-short-μέ-short-νον	hemi2
tlg001:1.147	ἵππων	21	24	long-ἵπ-long-πων	hemi2	diaer6
tlg001:1.148	Σπάρτηθεν·	1	6	long-Σπάρ-long-τη-long-θεν·	hemi1
tlg001:1.148	τοὺς	7	8	long-τοὺς	hemi1
tlg001:1.148	δʼ	9	9	δʼ	hemi1
tlg001:1.148	ἥγε	9	11	long-ἥ-short-γε	hemi1	diaer3
tlg001:1.148	δόμοις	12	14	short-δό-long-μοις	hemi2	caesfem3
tlg001:1.148	ἔνι	15	16	short-ἔ-short-νι	hemi2
tlg001:1.148	Τυνδαρέοιο	17	24	long-Τυν-short-δα-short-ρέ-long-οι-long-ο	hemi2	bucdiaer
tlg001:1.149	τηλυγέτους	1	6	long-τη-short-λυ-short-γέ-long-τους	hemi1
tlg001:1.149	ὠδῖνι	7	11	long-ὠ-long-δῖ-short-νι	hemi1
tlg001:1.149	μιῇ	12	14	short-μι-long-ῇ	hemi2	caesfem3
tlg001:1.149	τέκεν·	15	16	short-τέ-short-κεν·	hemi2
tlg001:1.149	οὐδʼ	17	18	long-οὐδʼ	hemi2	bucdiaer
tlg001:1.149	ἀπίθησεν	19	24	short-ἀ-short-πί-long-θη-long-σεν	hemi2
tlg001:1.150	νισσομένοις·	1	6	long-νισ-short-σο-short-μέ-long-νοις·	hemi1
tlg001:1.150	Ζηνὸς	7	10	long-Ζη-long-νὸς	hemi1
tlg001:1.150	γὰρ	11	11	short-γὰρ	hemi1
tlg001:1.150	ἐπάξια	12	16	short-ἐπ-long-ά-short-ξι-short-α	hemi2	caesfem3
tlg001:1.150	μήδετο	17	20	long-μή-short-δε-short-το	hemi2	bucdiaer
tlg001:1.150	λέκτρων.	21	24	long-λέκ-long-τρων.	hemi2	diaer6
tlg001:1.151	οἵ	1	2	long-οἵ	hemi1
tlg001:1.151	τʼ	3	3	τʼ	hemi1
tlg001:1.151	Ἀφαρητιάδαι	3	10	short-Ἀ-short-φα-long-ρη-short-τι-short-ά-long-δαι	hemi1
tlg001:1.151	Λυγκεὺς	11	14	long-Λυγ-long-κεὺς	hemi2	caesmasc3
tlg001:1.151	καὶ	15	15	short-καὶ	hemi2	correption
tlg001:1.151	ὑπέρβιος	16	20	short-ὑ-long-πέρ-short-βι-short-ος	hemi2
tlg001:1.151	Ἴ̄δᾱς	21	24	long-Ἴ̄-long-δᾱς	hemi2	diaer6
tlg001:1.152	Ἀ̄ρήνηθεν	1	7	long-Ἀ̄-long-ρή-long-νη-short-θεν	hemi1
tlg001:1.152	ἔβαν,	8	10	short-ἔ-long-βαν,	hemi1
tlg001:1.152	μεγάλῃ	11	14	short-με-short-γά-long-λῃ	hemi2	caesmasc3
tlg001:1.152	περιθαρσέες	15	20	short-πε-short-ρι-long-θαρ-short-σέ-short-ες	hemi2
tlg001:1.152	ἀλκῇ	21	24	long-ἀλ-long-κῇ	hemi2	diaer6
tlg001:1.153	ἀμφότεροι·	1	6	long-ἀμ-short-φό-short-τε-long-ροι·	hemi1
tlg001:1.153	Λυγκεὺς	7	10	long-Λυγ-long-κεὺς	hemi1
tlg001:1.153	δὲ	11	11	short-δὲ	hemi1
tlg001:1.153	καὶ	12	12	short-καὶ	hemi2	caesfem3	correption
tlg001:1.153	ὀξυτάτοις	13	18	long-ὀ-short-ξυ-short-τά-long-τοις	hemi2
tlg001:1.153	ἐκέκαστο	19	24	short-ἐ-short-κέ-long-κασ-long-το	hemi2
tlg001:1.154	ὄμμασιν,	1	4	long-ὄμ-short-μα-short-σιν,	hemi1
tlg001:1.154	εἰ	5	6	long-εἰ	hemi1	diaer2	hiatus
tlg001:1.154	ἐτεόν	7	10	short-ἐ-short-τε-long-όν	hemi1
tlg001:1.154	γε	11	11	short-γε	hemi1
tlg001:1.154	πέλει	12	14	short-πέ-long-λει	hemi2	caesfem3
tlg001:1.154	κλέος,	15	16	short-κλέ-short-ος,	hemi2
tlg001:1.154	ἀ̄νέρα	17	20	long-ἀ̄-short-νέ-short-ρα	hemi2	bucdiaer
tlg001:1.154	κεῖνον	21	24	long-κεῖ-long-νον	hemi2	diaer6
tlg001:1.155	ῥηιδίως	1	6	long-ῥη-short-ι-short-δί-long-ως	hemi1
tlg001:1.155	καὶ	7	8	long-καὶ	hemi1
tlg001:1.155	νέρθε	9	11	long-νέρ-short-θε	hemi1
tlg001:1.155	κατὰ	12	14	short-κα-long-τὰ	hemi2	caesfem3
tlg001:1.155	χθονὸς	15	16	short-χθο-short-νὸς	hemi2
tlg001:1.155	αὐγάζεσθαι.	17	24	long-αὐ-long-γά-long-ζεσ-long-θαι.	hemi2	bucdiaer
tlg001:1.156	σὺν	1	2	long-σὺν	hemi1
tlg001:1.156	δὲ	3	3	short-δὲ	hemi1
tlg001:1.156	Περικλύμενος	4	10	short-Πε-long-ρι-short-κλύ-short-με-long-νος	hemi1
tlg001:1.156	Νηλήιος	11	16	long-Νη-long-λή-short-ι-short-ος	hemi2	caesmasc3
tlg001:1.156	ὦρτο	17	19	long-ὦρ-short-το	hemi2	bucdiaer
tlg001:1.156	νέεσθαι,	20	24	short-νέ-long-εσ-long-θαι,	hemi2
tlg001:1.157	πρεσβύτατος	1	6	long-πρεσ-short-βύ-short-τα-long-τος	hemi1
tlg001:1.157	παίδων,	7	10	long-παί-long-δων,	hemi1
tlg001:1.157	ὅσσοι	11	14	long-ὅσ-long-σοι	hemi2	caesmasc3
tlg001:1.157	Πύλῳ	15	16	short-Πύ-short-λῳ	hemi2	correption
tlg001:1.157	ἐξεγένοντο	17	24	long-ἐξ-short-ε-short-γέ-long-νον-long-το	hemi2	bucdiaer
tlg001:1.158	Νηλῆος	1	6	long-Νη-long-λῆ-long-ος	hemi1
tlg001:1.158	θείοιο·	7	11	long-θεί-long-οι-short-ο·	hemi1
tlg001:1.158	Ποσειδᾱ́ων	12	18	short-Πο-long-σει-long-δᾱ́-long-ων	hemi2	caesfem3
tlg001:1.158	δέ	19	19	short-δέ	hemi2	hiatus
tlg001:1.158	οἱ	20	20	short-οἱ	hemi2	correption
tlg001:1.158	ἀλκὴν	21	24	long-ἀλ-long-κὴν	hemi2	diaer6
tlg001:1.159	δῶκεν	1	3	long-δῶ-short-κεν	hemi1
tlg001:1.159	ἀπειρεσίην	4	10	short-ἀ-long-πει-short-ρε-short-σί-long-ην	hemi1
tlg001:1.159	ἠδʼ	11	12	long-ἠδʼ	hemi2	caesmasc3
tlg001:1.159	ὅττι	13	15	long-ὅτ-short-τι	hemi2	diaer4
tlg001:1.159	κεν	16	16	short-κεν	hemi2
tlg001:1.159	ἀ̄ρήσαιτο	17	24	long-ἀ̄-long-ρή-long-σαι-long-το	hemi2	bucdiaer
tlg001:1.160	μαρνάμενος,	1	6	long-μαρ-short-νά-short-με-long-νος,	hemi1
tlg001:1.160	τὸ	7	7	short-τὸ	hemi1
tlg001:1.160	πέλεσθαι	8	11	short-πέ-long-λεσ-short-θαι	hemi1	correption
tlg001:1.160	ἐνὶ	12	14	short-ἐ-long-νὶ	hemi2	caesfem3
tlg001:1.160	ξυνοχῇ	15	18	short-ξυ-short-νο-long-χῇ	hemi2
tlg001:1.160	πολέμοιο.	19	24	short-πο-short-λέ-long-μοι-long-ο.	hemi2
tlg001:1.161	καὶ	1	2	long-καὶ	hemi1
tlg001:1.161	μὴν	3	4	long-μὴν	hemi1
tlg001:1.161	Ἀμφιδάμᾱς	5	10	long-Ἀμ-short-φι-short-δά-long-μᾱς	hemi1	diaer2
tlg001:1.161	Κηφεύς	11	14	long-Κη-long-φεύς	hemi2	caesmasc3
tlg001:1.161	τʼ	15	15	τʼ	hemi2
tlg001:1.161	ἴσαν	15	16	short-ἴ-short-σαν	hemi2
tlg001:1.161	Ἀρκαδίηθεν,	17	24	long-Ἀρ-short-κα-short-δί-long-η-long-θεν,	hemi2	bucdiaer
tlg001:1.162	οἳ	1	2	long-οἳ	hemi1
tlg001:1.162	Τεγέην	3	6	short-Τε-short-γέ-long-ην	hemi1
tlg001:1.162	καὶ	7	8	long-καὶ	hemi1
tlg001:1.162	κλῆρον	9	11	long-κλῆ-short-ρον	hemi1
tlg001:1.162	Ἀφειδάντειον	12	19	short-Ἀ-long-φει-long-δάν-long-τει-short-ον	hemi2	caesfem3
tlg001:1.162	ἔναιον,	20	24	short-ἔ-long-ναι-long-ον,	hemi2
tlg001:1.163	υἷε	1	3	long-υἷ-short-ε	hemi1
tlg001:1.163	δύω	4	6	short-δύ-long-ω	hemi1	hiatus
tlg001:1.163	Ἀλεοῦ·	7	10	short-Ἀ-short-λε-long-οῦ·	hemi1
tlg001:1.163	τρίτατός	11	14	short-τρί-short-τα-long-τός	hemi2	caesmasc3
tlg001:1.163	γε	15	15	short-γε	hemi2
tlg001:1.163	μὲν	16	16	short-μὲν	hemi2
tlg001:1.163	ἕσπετʼ	17	19	long-ἕσ-short-πετʼ	hemi2	bucdiaer
tlg001:1.163	ἰοῦσιν	20	24	short-ἰ-long-οῦ-long-σιν	hemi2
tlg001:1.164	Ἀγκαῖος,	1	6	long-Ἀγ-long-καῖ-long-ος,	hemi1
tlg001:1.164	τὸν	7	8	long-τὸν	hemi1
tlg001:1.164	μέν	9	10	long-μέν	hemi1
tlg001:1.164	ῥα	11	11	short-ῥα	hemi1
tlg001:1.164	πατὴρ	12	14	short-πα-long-τὴρ	hemi2	caesfem3
tlg001:1.164	Λυκόοργος	15	19	short-Λυ-short-κό-long-ορ-short-γος	hemi2
tlg001:1.164	ἔπεμπεν,	20	24	short-ἔ-long-πεμ-long-πεν,	hemi2
tlg001:1.165	τῶν	1	2	long-τῶν	hemi1
tlg001:1.165	ἄμφω	3	6	long-ἄμ-long-φω	hemi1
tlg001:1.165	γνωτὸς	7	10	long-γνω-long-τὸς	hemi1
tlg001:1.165	προγενέστερος.	11	16	short-προ-short-γε-long-νέσ-short-τε-short-ρος.	hemi2	caesmasc3
tlg001:1.165	ἀλλʼ	17	18	long-ἀλλʼ	hemi2	bucdiaer
tlg001:1.165	ὁ	19	19	short-ὁ	hemi2
tlg001:1.165	μὲν	20	20	short-μὲν	hemi2
tlg001:1.165	ἤδη	21	24	long-ἤ-long-δη	hemi2	diaer6
tlg001:1.166	γηράσκοντʼ	1	6	long-γη-long-ράσ-long-κοντʼ	hemi1
tlg001:1.166	Ἀλεὸν	7	10	short-Ἀ-short-λε-long-ὸν	hemi1
tlg001:1.166	λίπετʼ	11	12	short-λί-short-πετʼ	hemi2	caesmasc3
tlg001:1.166	ἂμ	13	14	long-ἂμ	hemi2	diaer4
tlg001:1.166	πόλιν	15	16	short-πό-short-λιν	hemi2
tlg001:1.166	ὄφρα	17	19	long-ὄφ-short-ρα	hemi2	bucdiaer
tlg001:1.166	κομίζοι,	20	24	short-κο-long-μί-long-ζοι,	hemi2
tlg001:1.167	παῖδα	1	3	long-παῖ-short-δα	hemi1
tlg001:1.167	δʼ	4	4	δʼ	hemi1
tlg001:1.167	ἑὸν	4	6	short-ἑ-long-ὸν	hemi1
tlg001:1.167	σφετέροισι	7	11	short-σφε-short-τέ-long-ροι-short-σι	hemi1
tlg001:1.167	κασιγνήτοισιν	12	19	short-κα-long-σι-long-γνή-long-τοι-short-σιν	hemi2	caesfem3
tlg001:1.167	ὄπασσεν.	20	24	short-ὄ-long-πασ-long-σεν.	hemi2
tlg001:1.168	βῆ	1	2	long-βῆ	hemi1
tlg001:1.168	δʼ	3	3	δʼ	hemi1
tlg001:1.168	ὅ	3	3	short-ὅ	hemi1
tlg001:1.168	γε	4	4	short-γε	hemi1
tlg001:1.168	Μαιναλίης	5	10	long-Μαι-short-να-short-λί-long-ης	hemi1	diaer2
tlg001:1.168	ἄρκτου	11	14	long-ἄρ-long-κτου	hemi2	caesmasc3
tlg001:1.168	δέρος,	15	16	short-δέ-short-ρος,	hemi2
tlg001:1.168	ἀμφίτομόν	17	22	long-ἀμ-short-φί-short-το-long-μόν	hemi2	bucdiaer
tlg001:1.168	τε	23	24	long-τε	hemi2
tlg001:1.169	δεξιτερῇ	1	6	long-δε-short-ξι-short-τε-long-ρῇ	hemi1
tlg001:1.169	πάλλων	7	10	long-πάλ-long-λων	hemi1
tlg001:1.169	πέλεκυν	11	14	short-πέ-short-λε-long-κυν	hemi2	caesmasc3
tlg001:1.169	μέγαν.	15	16	short-μέ-short-γαν.	hemi2
tlg001:1.169	ἔντεα	17	20	long-ἔν-short-τε-short-α	hemi2	bucdiaer
tlg001:1.169	γάρ	21	22	long-γάρ	hemi2
tlg001:1.169	οἱ	23	24	long-οἱ	hemi2
tlg001:1.170	πατροπάτωρ	1	6	long-πατ-short-ρο-short-πά-long-τωρ	hemi1
tlg001:1.170	Ἀλεὸς	7	10	short-Ἀ-short-λε-long-ὸς	hemi1
tlg001:1.170	μυχάτῃ	11	14	short-μυ-short-χά-long-τῃ	hemi2	caesmasc3	hiatus
tlg001:1.170	ἐνέκρυψε	15	19	short-ἐν-short-έ-long-κρυ-short-ψε	hemi2
tlg001:1.170	καλῑῇ,	20	24	short-κα-long-λῑ-long-ῇ,	hemi2
tlg001:1.171	αἴ	1	2	long-αἴ	hemi1
tlg001:1.171	κέν	3	4	long-κέν	hemi1
tlg001:1.171	πως	5	6	long-πως	hemi1	diaer2
tlg001:1.171	ἔτι	7	8	short-ἔ-short-τι	hemi1
tlg001:1.171	καὶ	9	10	long-καὶ	hemi1	diaer3
tlg001:1.171	τὸν	11	11	short-τὸν	hemi1
tlg001:1.171	ἐρητῡ́σειε	12	19	short-ἐ-long-ρη-long-τῡ́-long-σει-short-ε	hemi2	caesfem3
tlg001:1.171	νέεσθαι.	20	24	short-νέ-long-εσ-long-θαι.	hemi2
tlg001:1.172	βῆ	1	2	long-βῆ	hemi1
tlg001:1.172	δὲ	3	3	short-δὲ	hemi1
tlg001:1.172	καὶ	4	4	short-καὶ	hemi1	correption
tlg001:1.172	Αὐγείης,	5	10	long-Αὐ-long-γεί-long-ης,	hemi1
tlg001:1.172	ὃν	11	12	long-ὃν	hemi2	caesmasc3
tlg001:1.172	δὴ	13	14	long-δὴ	hemi2	diaer4
tlg001:1.172	φάτις	15	16	short-φά-short-τις	hemi2
tlg001:1.172	Ἠελίοιο	17	24	long-Ἠ-short-ε-short-λί-long-οι-long-ο	hemi2	bucdiaer
tlg001:1.173	ἔμμεναι·	1	4	long-ἔμ-short-με-short-ναι·	hemi1
tlg001:1.173	Ἠλείοισι	5	11	long-Ἠ-long-λεί-long-οι-short-σι	hemi1	diaer2
tlg001:1.173	δʼ	12	12	δʼ	hemi1
tlg001:1.173	ὅ	12	12	short-ὅ	hemi2	caesfem3
tlg001:1.173	γʼ	13	13	γʼ	hemi2
tlg001:1.173	ἀνδράσιν	13	16	long-ἀν-short-δρά-short-σιν	hemi2	diaer4
tlg001:1.173	ἐμβασίλευεν,	17	24	long-ἐμ-short-βα-short-σί-long-λευ-long-εν,	hemi2	bucdiaer
tlg001:1.174	ὄλβῳ	1	4	long-ὄλ-long-βῳ	hemi1
tlg001:1.174	κῡδιόων·	5	10	long-κῡ-short-δι-short-ό-long-ων·	hemi1	diaer2
tlg001:1.174	μέγα	11	12	short-μέ-short-γα	hemi2	caesmasc3
tlg001:1.174	δʼ	13	13	δʼ	hemi2
tlg001:1.174	ἵ̄ετο	13	16	long-ἵ̄-short-ε-short-το	hemi2	diaer4
tlg001:1.174	Κολχίδα	17	20	long-Κολ-short-χί-short-δα	hemi2	bucdiaer
tlg001:1.174	γαῖαν	21	24	long-γαῖ-long-αν	hemi2	diaer6
tlg001:1.175	αὐτόν	1	4	long-αὐ-long-τόν	hemi1
tlg001:1.175	τʼ	5	5	τʼ	hemi1
tlg001:1.175	Αἰήτην	5	10	long-Αἰ-long-ή-long-την	hemi1	diaer2
tlg001:1.175	ἰδέειν	11	14	short-ἰ-short-δέ-long-ειν	hemi2	caesmasc3
tlg001:1.175	σημάντορα	15	20	long-ση-long-μάν-short-το-short-ρα	hemi2
tlg001:1.175	Κόλχων.	21	24	long-Κόλ-long-χων.	hemi2	diaer6
tlg001:1.176	Ἀστέριος	1	6	long-Ἀσ-short-τέ-short-ρι-long-ος	hemi1
tlg001:1.176	δὲ	7	7	short-δὲ	hemi1
tlg001:1.176	καὶ	8	8	short-καὶ	hemi1	correption
tlg001:1.176	Ἀμφῑ́ων	9	14	long-Ἀμ-long-φῑ́-long-ων	hemi1
tlg001:1.176	Ὑπερᾱσίου	15	20	short-Ὑ-short-πε-long-ρᾱ-short-σί-short-ου	hemi2	caesmasc4	correption
tlg001:1.176	υἷες	21	24	long-υἷ-long-ες	hemi2	diaer6
tlg001:1.177	Πελλήνης	1	6	long-Πελ-long-λή-long-νης	hemi1
tlg001:1.177	ἀφίκᾱνον	7	11	short-ἀφ-short-ί-long-κᾱ-short-νον	hemi1
tlg001:1.177	Ἀχαιίδος,	12	16	short-Ἀ-long-χαι-short-ί-short-δος,	hemi2	caesfem3
tlg001:1.177	ἥν	17	18	long-ἥν	hemi2	bucdiaer
tlg001:1.177	ποτε	19	20	short-πο-short-τε	hemi2
tlg001:1.177	Πέλλης	21	24	long-Πέλ-long-λης	hemi2	diaer6
tlg001:1.178	πατροπάτωρ	1	6	long-πατ-short-ρο-short-πά-long-τωρ	hemi1
tlg001:1.178	ἐπόλισσεν	7	11	short-ἐ-short-πό-long-λισ-short-σεν	hemi1
tlg001:1.178	ἐπʼ	12	12	short-ἐπʼ	hemi2	caesfem3
tlg001:1.178	ὀφρύσιν	13	16	long-ὀφ-short-ρύ-short-σιν	hemi2	diaer4
tlg001:1.178	Αἰγιαλοῖο.	17	24	long-Αἰ-short-γι-short-α-long-λοῖ-long-ο.	hemi2	bucdiaer
tlg001:1.179	Ταίναρον	1	4	long-Ταί-short-να-short-ρον	hemi1
tlg001:1.179	αὖτʼ	5	6	long-αὖτʼ	hemi1	diaer2
tlg001:1.179	ἐπὶ	7	8	short-ἐ-short-πὶ	hemi1
tlg001:1.179	τοῖσι	9	11	long-τοῖ-short-σι	hemi1	diaer3
tlg001:1.179	λιπὼν	12	14	short-λι-long-πὼν	hemi2	caesfem3
tlg001:1.179	Εὔφημος	15	19	long-Εὔ-long-φη-short-μος	hemi2
tlg001:1.179	ἵκᾱνεν,	20	24	short-ἵ-long-κᾱ-long-νεν,	hemi2
tlg001:1.180	τόν	1	2	long-τόν	hemi1
tlg001:1.180	ῥα	3	3	short-ῥα	hemi1
tlg001:1.180	Ποσειδᾱ́ωνι	4	11	short-Πο-long-σει-long-δᾱ́-long-ω-short-νι	hemi1
tlg001:1.180	ποδωκηέστατον	12	20	short-πο-long-δω-long-κη-long-έσ-short-τα-short-τον	hemi2	caesfem3
tlg001:1.180	ἄλλων	21	24	long-ἄλ-long-λων	hemi2	diaer6
tlg001:1.181	Εὐρώπη	1	6	long-Εὐ-long-ρώ-long-πη	hemi1
tlg001:1.181	Τιτυοῖο	7	11	short-Τι-short-τυ-long-οῖ-short-ο	hemi1
tlg001:1.181	μεγασθενέος	12	18	short-με-long-γα-short-σθε-short-νέ-long-ος	hemi2	caesfem3
tlg001:1.181	τέκε	19	20	short-τέ-short-κε	hemi2
tlg001:1.181	κούρη.	21	24	long-κού-long-ρη.	hemi2	diaer6
tlg001:1.182	κεῖνος	1	3	long-κεῖ-short-νος	hemi1
tlg001:1.182	ἀνὴρ	4	6	short-ἀ-long-νὴρ	hemi1
tlg001:1.182	καὶ	7	8	long-καὶ	hemi1
tlg001:1.182	πόντου	9	11	long-πόν-short-του	hemi1	correption
tlg001:1.182	ἐπὶ	12	14	short-ἐ-long-πὶ	hemi2	caesfem3
tlg001:1.182	γλαυκοῖο	15	19	long-γλαυ-long-κοῖ-short-ο	hemi2
tlg001:1.182	θέεσκεν	20	24	short-θέ-long-εσ-long-κεν	hemi2
tlg001:1.183	οἴδματος,	1	4	long-οἴδ-short-μα-short-τος,	hemi1
tlg001:1.183	οὐδὲ	5	7	long-οὐ-short-δὲ	hemi1	diaer2
tlg001:1.183	θοοὺς	8	10	short-θο-long-οὺς	hemi1
tlg001:1.183	βάπτεν	11	14	long-βάπ-long-τεν	hemi2	caesmasc3
tlg001:1.183	πόδας,	15	16	short-πό-short-δας,	hemi2
tlg001:1.183	ἀλλʼ	17	18	long-ἀλλʼ	hemi2	bucdiaer
tlg001:1.183	ὅσον	19	20	short-ὅ-short-σον	hemi2
tlg001:1.183	ἄκροις	21	24	long-ἄκ-long-ροις	hemi2	diaer6
tlg001:1.184	ἴχνεσι	1	4	long-ἴχ-short-νε-short-σι	hemi1
tlg001:1.184	τεγγόμενος	5	10	long-τεγ-short-γό-short-με-long-νος	hemi1	diaer2
tlg001:1.184	διερῇ	11	14	short-δι-short-ε-long-ρῇ	hemi2	caesmasc3
tlg001:1.184	πεφόρητο	15	19	short-πε-short-φό-long-ρη-short-το	hemi2
tlg001:1.184	κελεύθῳ.	20	24	short-κε-long-λεύ-long-θῳ.	hemi2
tlg001:1.185	καὶ	1	2	long-καὶ	hemi1
tlg001:1.185	δʼ	3	3	δʼ	hemi1
tlg001:1.185	ἄλλω	3	6	long-ἄλ-long-λω	hemi1
tlg001:1.185	δύο	7	8	short-δύ-short-ο	hemi1
tlg001:1.185	παῖδε	9	11	long-παῖ-short-δε	hemi1	diaer3
tlg001:1.185	Ποσειδᾱ́ωνος	12	19	short-Πο-long-σει-long-δᾱ́-long-ω-short-νος	hemi2	caesfem3
tlg001:1.185	ἵκοντο·	20	24	short-ἵ-long-κον-long-το·	hemi2
tlg001:1.186	ἤτοι	1	3	long-ἤ-short-τοι	hemi1	correption
tlg001:1.186	ὁ	4	4	short-ὁ	hemi1
tlg001:1.186	μὲν	5	6	long-μὲν	hemi1
tlg001:1.186	πτολίεθρον	7	11	short-πτο-short-λί-long-εθ-short-ρον	hemi1
tlg001:1.186	ἀγαυοῦ	12	16	short-ἀ-long-γαυ-long-οῦ	hemi2	caesfem3
tlg001:1.186	Μῑλήτοιο	17	24	long-Μῑ-long-λή-long-τοι-long-ο	hemi2	bucdiaer
tlg001:1.187	νοσφισθεὶς	1	6	long-νοσ-long-φισ-long-θεὶς	hemi1
tlg001:1.187	Ἐργῖνος,	7	11	long-Ἐρ-long-γῖ-short-νος,	hemi1
tlg001:1.187	ὁ	12	12	short-ὁ	hemi2	caesfem3
tlg001:1.187	δʼ	13	13	δʼ	hemi2
tlg001:1.187	Ἰμβρασίης	13	18	long-Ἰμ-short-βρα-short-σί-long-ης	hemi2	diaer4
tlg001:1.187	ἕδος	19	20	short-ἕ-short-δος	hemi2
tlg001:1.187	Ἥρης,	21	24	long-Ἥ-long-ρης,	hemi2	diaer6
tlg001:1.188	παρθενίην,	1	6	long-παρ-short-θε-short-νί-long-ην,	hemi1
tlg001:1.188	Ἀγκαῖος	7	11	long-Ἀγ-long-καῖ-short-ος	hemi1
tlg001:1.188	ὑπέρβιος·	12	16	short-ὑ-long-πέρ-short-βι-short-ος·	hemi2	caesfem3
tlg001:1.188	ἴστορε	17	20	long-ἴσ-short-το-short-ρε	hemi2	bucdiaer
tlg001:1.188	δʼ	21	21	δʼ	hemi2
tlg001:1.188	ἄμφω	21	24	long-ἄμ-long-φω	hemi2	diaer6
tlg001:1.189	ἠμὲν	1	4	long-ἠ-long-μὲν	hemi1
tlg001:1.189	ναυτιλίης	5	10	long-ναυ-short-τι-short-λί-long-ης	hemi1	diaer2
tlg001:1.189	ἠδʼ	11	12	long-ἠδʼ	hemi2	caesmasc3
tlg001:1.189	ἄ̄ρεος	13	16	long-ἄ̄-short-ρε-short-ος	hemi2	diaer4
tlg001:1.189	εὐχετόωντο.	17	24	long-εὐ-short-χε-short-τό-long-ων-long-το.	hemi2	bucdiaer
tlg001:1.190	Οἰνεΐδης	1	6	long-Οἰ-short-νε-short-ΐ-long-δης	hemi1
tlg001:1.190	δʼ	7	7	δʼ	hemi1
tlg001:1.190	ἐπὶ	7	8	short-ἐ-short-πὶ	hemi1
tlg001:1.190	τοῖσιν	9	11	long-τοῖ-short-σιν	hemi1	diaer3
tlg001:1.190	ἀφορμηθεὶς	12	18	short-ἀφ-long-ορ-long-μη-long-θεὶς	hemi2	caesfem3
tlg001:1.190	Καλυδῶνος	19	24	short-Κα-short-λυ-long-δῶ-long-νος	hemi2
tlg001:1.191	ἀλκήεις	1	6	long-ἀλ-long-κή-long-εις	hemi1
tlg001:1.191	Μελέαγρος	7	11	short-Με-short-λέ-long-αγ-short-ρος	hemi1
tlg001:1.191	ἀνήλυθε,	12	16	short-ἀν-long-ή-short-λυ-short-θε,	hemi2	caesfem3
tlg001:1.191	Λᾱοκόων	17	22	long-Λᾱ-short-ο-short-κό-long-ων	hemi2	bucdiaer
tlg001:1.191	τε,	23	24	long-τε,	hemi2
tlg001:1.192	Λᾱοκόων	1	6	long-Λᾱ-short-ο-short-κό-long-ων	hemi1
tlg001:1.192	Οἰνῆος	7	11	long-Οἰ-long-νῆ-short-ος	hemi1
tlg001:1.192	ἀδελφεός,	12	16	short-ἀ-long-δελ-short-φε-short-ός,	hemi2	caesfem3
tlg001:1.192	οὐ	17	18	long-οὐ	hemi2	bucdiaer
tlg001:1.192	μὲν	19	19	short-μὲν	hemi2
tlg001:1.192	ἰῆς	20	22	short-ἰ-long-ῆς	hemi2
tlg001:1.192	γε	23	24	long-γε	hemi2
tlg001:1.193	μητέρος·	1	4	long-μη-short-τέ-short-ρος·	hemi1
tlg001:1.193	ἀλλά	5	7	long-ἀλ-short-λά	hemi1	diaer2	hiatus
tlg001:1.193	ἑ	8	8	short-ἑ	hemi1
tlg001:1.193	θῆσσα	9	11	long-θῆσ-short-σα	hemi1	diaer3
tlg001:1.193	γυνὴ	12	14	short-γυ-long-νὴ	hemi2	caesfem3
tlg001:1.193	τέκε·	15	16	short-τέ-short-κε·	hemi2
tlg001:1.193	τὸν	17	18	long-τὸν	hemi2	bucdiaer
tlg001:1.193	μὲν	19	19	short-μὲν	hemi2
tlg001:1.193	ἄρʼ	20	20	short-ἄρʼ	hemi2
tlg001:1.193	Οἰνεὺς	21	24	long-Οἰ-long-νεὺς	hemi2	diaer6
tlg001:1.194	ἤδη	1	4	long-ἤ-long-δη	hemi1
tlg001:1.194	γηραλέον	5	10	long-γη-short-ρα-short-λέ-long-ον	hemi1	diaer2
tlg001:1.194	κοσμήτορα	11	16	long-κοσ-long-μή-short-το-short-ρα	hemi2	caesmasc3
tlg001:1.194	παιδὸς	17	19	long-παι-short-δὸς	hemi2	bucdiaer
tlg001:1.194	ἴαλλεν·	20	24	short-ἴ-long-αλ-long-λεν·	hemi2
tlg001:1.195	ὧδʼ	1	2	long-ὧδʼ	hemi1
tlg001:1.195	ἔτι	3	4	short-ἔ-short-τι	hemi1
tlg001:1.195	κουρίζων	5	10	long-κου-long-ρί-long-ζων	hemi1	diaer2
tlg001:1.195	περιθαρσέα	11	16	short-πε-short-ρι-long-θαρ-short-σέ-short-α	hemi2	caesmasc3
tlg001:1.195	δῦνεν	17	19	long-δῦ-short-νεν	hemi2	bucdiaer
tlg001:1.195	ὅμῑλον	20	24	short-ὅ-long-μῑ-long-λον	hemi2
tlg001:1.196	ἡρώων.	1	6	long-ἡ-long-ρώ-long-ων.	hemi1
tlg001:1.196	τοῦ	7	8	long-τοῦ	hemi1
tlg001:1.196	δʼ	9	9	δʼ	hemi1
tlg001:1.196	οὔτινʼ	9	11	long-οὔ-short-τινʼ	hemi1	diaer3
tlg001:1.196	ὑπέρτερον	12	16	short-ὑ-long-πέρ-short-τε-short-ρον	hemi2	caesfem3
tlg001:1.196	ἄλλον	17	19	long-ἄλ-short-λον	hemi2	bucdiaer
tlg001:1.196	ὀῑ́ω,	20	24	short-ὀ-long-ῑ́-long-ω,	hemi2
tlg001:1.197	νόσφιν	1	4	long-νόσ-long-φιν	hemi1
tlg001:1.197	γ᾽Ἡρακλῆος,	5	11	long-γ᾽Ἡ-long-ρα-long-κλῆ-short-ος,	hemi1	diaer2
tlg001:1.197	ἐπελθέμεν,	12	16	short-ἐπ-long-ελ-short-θέ-short-μεν,	hemi2	caesfem3
tlg001:1.197	εἴ	17	18	long-εἴ	hemi2	bucdiaer
tlg001:1.197	κʼ	19	19	κʼ	hemi2
tlg001:1.197	ἔτι	19	20	short-ἔ-short-τι	hemi2
tlg001:1.197	μοῦνον	21	24	long-μοῦ-long-νον	hemi2	diaer6
tlg001:1.198	αὖθι	1	3	long-αὖ-short-θι	hemi1
tlg001:1.198	μένων	4	6	short-μέ-long-νων	hemi1
tlg001:1.198	λυκάβαντα	7	11	short-λυ-short-κά-long-βαν-short-τα	hemi1
tlg001:1.198	μετετράφη	12	16	short-μετ-long-ε-short-τρά-short-φη	hemi2	caesfem3	correption
tlg001:1.198	Αἰτωλοῖσιν.	17	24	long-Αἰ-long-τω-long-λοῖ-long-σιν.	hemi2	bucdiaer
tlg001:1.199	καὶ	1	2	long-καὶ	hemi1
tlg001:1.199	μήν	3	4	long-μήν	hemi1
tlg001:1.199	οἱ	5	6	long-οἱ	hemi1
tlg001:1.199	μήτρως	7	10	long-μήτ-long-ρως	hemi1
tlg001:1.199	αὐτὴν	11	14	long-αὐ-long-τὴν	hemi2	caesmasc3
tlg001:1.199	ὁδόν,	15	16	short-ὁ-short-δόν,	hemi2
tlg001:1.199	εὖ	17	18	long-εὖ	hemi2	bucdiaer
tlg001:1.199	μὲν	19	19	short-μὲν	hemi2
tlg001:1.199	ἄκοντι,	20	24	short-ἄ-long-κον-long-τι,	hemi2
tlg001:1.200	εὖ	1	2	long-εὖ	hemi1
tlg001:1.200	δὲ	3	3	short-δὲ	hemi1
tlg001:1.200	καὶ	4	4	short-καὶ	hemi1	correption
tlg001:1.200	ἐν	5	6	long-ἐν	hemi1
tlg001:1.200	σταδίῃ	7	10	short-στα-short-δί-long-ῃ	hemi1
tlg001:1.200	δεδαημένος	11	16	short-δε-short-δα-long-η-short-μέ-short-νος	hemi2	caesmasc3
tlg001:1.200	ἀντιφέρεσθαι,	17	24	long-ἀν-short-τι-short-φέ-long-ρεσ-long-θαι,	hemi2	bucdiaer
tlg001:1.201	Θεστιάδης	1	6	long-Θεσ-short-τι-short-ά-long-δης	hemi1
tlg001:1.201	Ἴ̄φικλος	7	11	long-Ἴ̄-long-φι-short-κλος	hemi1
tlg001:1.201	ἐφωμάρτησε	12	19	short-ἐφ-long-ω-long-μάρ-long-τη-short-σε	hemi2	caesfem3
tlg001:1.201	κιόντι.	20	24	short-κι-long-όν-long-τι.	hemi2
tlg001:1.202	σὺν	1	2	long-σὺν	hemi1
tlg001:1.202	δὲ	3	3	short-δὲ	hemi1
tlg001:1.202	Παλαιμόνιος	4	10	short-Πα-long-λαι-short-μό-short-νι-long-ος	hemi1
tlg001:1.202	Λέρνου	11	14	long-Λέρ-long-νου	hemi2	caesmasc3
tlg001:1.202	πάις	15	16	short-πά-short-ις	hemi2
tlg001:1.202	Ὠλενίοιο,	17	24	long-Ὠ-short-λε-short-νί-long-οι-long-ο,	hemi2	bucdiaer
tlg001:1.203	Λέρνου	1	3	long-Λέρ-short-νου	hemi1	correption
tlg001:1.203	ἐπίκλησιν,	4	10	short-ἐ-long-πί-long-κλη-long-σιν,	hemi1
tlg001:1.203	γενεήν	11	14	short-γε-short-νε-long-ήν	hemi2	caesmasc3
tlg001:1.203	γε	15	15	short-γε	hemi2
tlg001:1.203	μὲν	16	16	short-μὲν	hemi2
tlg001:1.203	Ἡφαίστοιο·	17	24	long-Ἡ-long-φαίσ-long-τοι-long-ο·	hemi2	bucdiaer
tlg001:1.204	τούνεκʼ	1	3	long-τού-short-νεκʼ	hemi1
tlg001:1.204	ἔην	4	6	short-ἔ-long-ην	hemi1
tlg001:1.204	πόδα	7	8	short-πό-short-δα	hemi1
tlg001:1.204	σιφλός·	9	11	long-σιφ-short-λός·	hemi1	diaer3
tlg001:1.204	ἀτὰρ	12	14	short-ἀ-long-τὰρ	hemi2	caesfem3
tlg001:1.204	δέμας	15	16	short-δέ-short-μας	hemi2
tlg001:1.204	οὔ	17	18	long-οὔ	hemi2	bucdiaer
tlg001:1.204	κέ	19	19	short-κέ	hemi2
tlg001:1.204	τις	20	20	short-τις	hemi2
tlg001:1.204	ἔτλη	21	24	long-ἔτ-long-λη	hemi2	diaer6
tlg001:1.205	ἠνορέην	1	6	long-ἠ-short-νο-short-ρέ-long-ην	hemi1
tlg001:1.205	τʼ	7	7	τʼ	hemi1
tlg001:1.205	ὀνόσασθαι,	7	11	short-ὀ-short-νό-long-σασ-short-θαι,	hemi1	correption
tlg001:1.205	ὃ	12	12	short-ὃ	hemi2	caesfem3
tlg001:1.205	καὶ	13	14	long-καὶ	hemi2	diaer4
tlg001:1.205	μεταρίθμιος	15	20	short-με-short-τα-long-ρίθ-short-μι-short-ος	hemi2
tlg001:1.205	ἦεν	21	24	long-ἦ-long-εν	hemi2	diaer6
tlg001:1.206	πᾶσιν	1	3	long-πᾶ-short-σιν	hemi1
tlg001:1.206	ἀριστήεσσιν,	4	11	short-ἀ-long-ρισ-long-τή-long-εσ-short-σιν,	hemi1
tlg001:1.206	Ἰήσονι	12	16	short-Ἰ-long-ή-short-σο-short-νι	hemi2	caesfem3
tlg001:1.206	κῦδος	17	19	long-κῦ-short-δος	hemi2	bucdiaer
tlg001:1.206	ἀέξων.	20	24	short-ἀ-long-έ-long-ξων.	hemi2
tlg001:1.207	ἐκ	1	2	long-ἐκ	hemi1
tlg001:1.207	δʼ	3	3	δʼ	hemi1
tlg001:1.207	ἄρα	3	4	short-ἄ-short-ρα	hemi1
tlg001:1.207	Φωκήων	5	10	long-Φω-long-κή-long-ων	hemi1	diaer2
tlg001:1.207	κίεν	11	12	short-κί-short-εν	hemi2	caesmasc3
tlg001:1.207	Ἴ̄φιτος	13	16	long-Ἴ̄-short-φι-short-τος	hemi2	diaer4
tlg001:1.207	Ὀρνυτίδᾱο	17	24	long-Ὀρ-short-νυ-short-τί-long-δᾱ-long-ο	hemi2	bucdiaer
tlg001:1.208	Ναυβόλου	1	4	long-Ναυ-short-βό-short-λου	hemi1	correption
tlg001:1.208	ἐκγεγαώς·	5	10	long-ἐκ-short-γε-short-γα-long-ώς·	hemi1	diaer2
tlg001:1.208	ξεῖνος	11	14	long-ξεῖ-long-νος	hemi2	caesmasc3
tlg001:1.208	δέ	15	15	short-δέ	hemi2	hiatus
tlg001:1.208	οἱ	16	16	short-οἱ	hemi2	correption
tlg001:1.208	ἔσκε	17	19	long-ἔσ-short-κε	hemi2	bucdiaer
tlg001:1.208	πάροιθεν,	20	24	short-πά-long-ροι-long-θεν,	hemi2
tlg001:1.209	ἦμος	1	3	long-ἦ-short-μος	hemi1
tlg001:1.209	ἔβη	4	6	short-ἔ-long-βη	hemi1
tlg001:1.209	Πῡθώδε	7	11	long-Πῡ-long-θώ-short-δε	hemi1
tlg001:1.209	θεοπροπίᾱς	12	18	short-θε-long-ο-short-προ-short-πί-long-ᾱς	hemi2	caesfem3
tlg001:1.209	ἐρεείνων	19	24	short-ἐ-short-ρε-long-εί-long-νων	hemi2
tlg001:1.210	ναυτιλίης·	1	6	long-ναυ-short-τι-short-λί-long-ης·	hemi1
tlg001:1.210	τόθι	7	8	short-τό-short-θι	hemi1
tlg001:1.210	γάρ	9	10	long-γάρ	hemi1
tlg001:1.210	μιν	11	11	short-μιν	hemi1
tlg001:1.210	ἑοῖς	12	14	short-ἑ-long-οῖς	hemi2	caesfem3
tlg001:1.210	ὑπέδεκτο	15	19	short-ὑπ-short-έ-long-δεκ-short-το	hemi2
tlg001:1.210	δόμοισιν.	20	24	short-δό-long-μοι-long-σιν.	hemi2
tlg001:1.211	Ζήτης	1	4	long-Ζή-long-της	hemi1
tlg001:1.211	αὖ	5	6	long-αὖ	hemi1	diaer2
tlg001:1.211	Κάλαΐς	7	10	short-Κά-short-λα-long-ΐς	hemi1
tlg001:1.211	τε	11	11	short-τε	hemi1
tlg001:1.211	Βορήιοι	12	16	short-Βο-long-ρή-short-ι-short-οι	hemi2	caesfem3	correption
tlg001:1.211	υἷες	17	19	long-υἷ-short-ες	hemi2	bucdiaer
tlg001:1.211	ἵκοντο,	20	24	short-ἵ-long-κον-long-το,	hemi2
tlg001:1.212	οὕς	1	2	long-οὕς	hemi1
tlg001:1.212	ποτʼ	3	3	short-ποτʼ	hemi1
tlg001:1.212	Ἐρεχθηὶς	4	10	short-Ἐ-long-ρεχ-long-θη-long-ὶς	hemi1
tlg001:1.212	Βορέῃ	11	14	short-Βο-short-ρέ-long-ῃ	hemi2	caesmasc3
tlg001:1.212	τέκεν	15	16	short-τέ-short-κεν	hemi2
tlg001:1.212	Ὠρείθυια	17	24	long-Ὠ-long-ρεί-long-θυι-long-α	hemi2	bucdiaer
tlg001:1.213	ἐσχατιῇ	1	6	long-ἐσ-short-χα-short-τι-long-ῇ	hemi1
tlg001:1.213	Θρῄκης	7	10	long-Θρῄ-long-κης	hemi1
tlg001:1.213	δυσχειμέρου·	11	16	long-δυσ-long-χει-short-μέ-short-ρου·	hemi2	caesmasc3
tlg001:1.213	ἔνθʼ	17	18	long-ἔνθʼ	hemi2	bucdiaer
tlg001:1.213	ἄρα	19	20	short-ἄ-short-ρα	hemi2
tlg001:1.213	τήν	21	22	long-τήν	hemi2	diaer6
tlg001:1.213	γε	23	24	long-γε	hemi2
tlg001:1.214	Θρηίκιος	1	6	long-Θρη-short-ί-short-κι-long-ος	hemi1
tlg001:1.214	Βορέης	7	10	short-Βο-short-ρέ-long-ης	hemi1
tlg001:1.214	ἀνερέψατο	11	16	short-ἀν-short-ε-long-ρέ-short-ψα-short-το	hemi2	caesmasc3
tlg001:1.214	Κεκροπίηθεν	17	24	long-Κεκ-short-ρο-short-πί-long-η-long-θεν	hemi2	bucdiaer
tlg001:1.215	Ἰ̄λισσοῦ	1	6	long-Ἰ̄-long-λισ-long-σοῦ	hemi1
tlg001:1.215	προπάροιθε	7	11	short-προ-short-πά-long-ροι-short-θε	hemi1
tlg001:1.215	χορῷ	12	14	short-χο-long-ρῷ	hemi2	caesfem3	hiatus
tlg001:1.215	ἔνι	15	16	short-ἔ-short-νι	hemi2
tlg001:1.215	δῑνεύουσαν.	17	24	long-δῑ-long-νεύ-long-ου-long-σαν.	hemi2	bucdiaer
tlg001:1.216	καί	1	2	long-καί	hemi1
tlg001:1.216	μιν	3	3	short-μιν	hemi1
tlg001:1.216	ἄγων	4	6	short-ἄ-long-γων	hemi1
tlg001:1.216	ἕκαθεν,	7	10	short-ἕ-short-κα-long-θεν,	hemi1
tlg001:1.216	Σαρπηδονίην	11	18	long-Σαρ-long-πη-short-δο-short-νί-long-ην	hemi2	caesmasc3
tlg001:1.216	ὅθι	19	20	short-ὅ-short-θι	hemi2
tlg001:1.216	πέτρην	21	24	long-πέτ-long-ρην	hemi2	diaer6
tlg001:1.217	κλείουσιν,	1	6	long-κλεί-long-ου-long-σιν,	hemi1
tlg001:1.217	ποταμοῖο	7	11	short-πο-short-τα-long-μοῖ-short-ο	hemi1
tlg001:1.217	παρὰ	12	14	short-πα-long-ρὰ	hemi2	caesfem3	preliquid
tlg001:1.217	ῥόον	15	16	short-ῥό-short-ον	hemi2
tlg001:1.217	Ἐργῑ́νοιο,	17	24	long-Ἐρ-long-γῑ́-long-νοι-long-ο,	hemi2	bucdiaer
tlg001:1.218	λῡγαίοις	1	6	long-λῡ-long-γαί-long-οις	hemi1
tlg001:1.218	ἐδάμασσε	7	11	short-ἐ-short-δά-long-μασ-short-σε	hemi1
tlg001:1.218	περὶ	12	14	short-πε-long-ρὶ	hemi2	caesfem3	preliquid
tlg001:1.218	νεφέεσσι	15	19	short-νε-short-φέ-long-εσ-short-σι	hemi2
tlg001:1.218	καλύψᾱς.	20	24	short-κα-long-λύ-long-ψᾱς.	hemi2
tlg001:1.219	τὼ	1	2	long-τὼ	hemi1
tlg001:1.219	μὲν	3	3	short-μὲν	hemi1
tlg001:1.219	ἐπʼ	4	4	short-ἐπʼ	hemi1
tlg001:1.219	ἀκροτάτοισι	5	11	long-ἀκ-short-ρο-short-τά-long-τοι-short-σι	hemi1	diaer2
tlg001:1.219	ποδῶν	12	14	short-πο-long-δῶν	hemi2	caesfem3
tlg001:1.219	ἑκάτερθεν	15	19	short-ἑ-short-κά-long-τερ-short-θεν	hemi2
tlg001:1.219	ἐρεμνᾱ̀ς	20	24	short-ἐ-long-ρεμ-long-νᾱ̀ς	hemi2
tlg001:1.220	σεῖον	1	3	long-σεῖ-short-ον	hemi1
tlg001:1.220	ἀειρομένω	4	10	short-ἀ-long-ει-short-ρο-short-μέ-long-νω	hemi1
tlg001:1.220	πτέρυγας,	11	14	short-πτέ-short-ρυ-long-γας,	hemi2	caesmasc3
tlg001:1.220	μέγα	15	16	short-μέ-short-γα	hemi2
tlg001:1.220	θάμβος	17	19	long-θάμ-short-βος	hemi2	bucdiaer
tlg001:1.220	ἰδέσθαι,	20	24	short-ἰ-long-δέσ-long-θαι,	hemi2
tlg001:1.221	χρῡσείαις	1	6	long-χρῡ-long-σεί-long-αις	hemi1
tlg001:1.221	φολίδεσσι	7	11	short-φο-short-λί-long-δεσ-short-σι	hemi1
tlg001:1.221	διαυγέας·	12	16	short-δι-long-αυ-short-γέ-short-ας·	hemi2	caesfem3
tlg001:1.221	ἀμφὶ	17	19	long-ἀμ-short-φὶ	hemi2	bucdiaer
tlg001:1.221	δὲ	20	20	short-δὲ	hemi2
tlg001:1.221	νώτοις	21	24	long-νώ-long-τοις	hemi2	diaer6
tlg001:1.222	κρᾱ́ατος	1	4	long-κρᾱ́-short-α-short-τος	hemi1
tlg001:1.222	ἐξ	5	6	long-ἐξ	hemi1	diaer2
tlg001:1.222	ὑπάτοιο	7	11	short-ὑ-short-πά-long-τοι-short-ο	hemi1
tlg001:1.222	καὶ	12	12	short-καὶ	hemi2	caesfem3	correption
tlg001:1.222	αὐχένος	13	16	long-αὐ-short-χέ-short-νος	hemi2
tlg001:1.222	ἔνθα	17	19	long-ἔν-short-θα	hemi2	bucdiaer
tlg001:1.222	καὶ	20	20	short-καὶ	hemi2	correption
tlg001:1.222	ἔνθα	21	24	long-ἔν-long-θα	hemi2
tlg001:1.223	κῡάνεαι	1	6	long-κῡ-short-ά-short-νε-long-αι	hemi1
tlg001:1.223	δονέοντο	7	11	short-δο-short-νέ-long-ον-short-το	hemi1
tlg001:1.223	μετὰ	12	14	short-με-long-τὰ	hemi2	caesfem3
tlg001:1.223	πνοιῇσιν	15	19	long-πνοι-long-ῇ-short-σιν	hemi2
tlg001:1.223	ἔθειραι.	20	24	short-ἔ-long-θει-long-ραι.	hemi2
tlg001:1.224	οὐδὲ	1	3	long-οὐ-short-δὲ	hemi1
tlg001:1.224	μὲν	4	4	short-μὲν	hemi1
tlg001:1.224	οὐδʼ	5	6	long-οὐδʼ	hemi1	diaer2
tlg001:1.224	αὐτοῖο	7	11	long-αὐ-long-τοῖ-short-ο	hemi1
tlg001:1.224	πάις	12	14	short-πά-long-ις	hemi2	caesfem3
tlg001:1.224	μενέαινεν	15	19	short-με-short-νέ-long-αι-short-νεν	hemi2
tlg001:1.224	Ἄκαστος	20	24	short-Ἄ-long-κασ-long-τος	hemi2
tlg001:1.225	ἰφθῑ́μου	1	6	long-ἰφ-long-θῑ́-long-μου	hemi1
tlg001:1.225	Πελίᾱο	7	11	short-Πε-short-λί-long-ᾱ-short-ο	hemi1
tlg001:1.225	δόμοις	12	14	short-δό-long-μοις	hemi2	caesfem3
tlg001:1.225	ἔνι	15	16	short-ἔ-short-νι	hemi2
tlg001:1.225	πατρὸς	17	19	long-πατ-short-ρὸς	hemi2	bucdiaer
tlg001:1.225	ἑῆος	20	24	short-ἑ-long-ῆ-long-ος	hemi2
tlg001:1.226	μιμνάζειν,	1	6	long-μιμ-long-νά-long-ζειν,	hemi1
tlg001:1.226	Ἄργος	7	10	long-Ἄρ-long-γος	hemi1
tlg001:1.226	τε	11	11	short-τε	hemi1
tlg001:1.226	θεᾶς	12	14	short-θε-long-ᾶς	hemi2	caesfem3
tlg001:1.226	ὑποεργὸς	15	19	short-ὑ-short-πο-long-ερ-short-γὸς	hemi2
tlg001:1.226	Ἀθήνης·	20	24	short-Ἀ-long-θή-long-νης·	hemi2
tlg001:1.227	ἀλλʼ	1	2	long-ἀλλʼ	hemi1
tlg001:1.227	ἄρα	3	4	short-ἄ-short-ρα	hemi1
tlg001:1.227	καὶ	5	6	long-καὶ	hemi1	diaer2
tlg001:1.227	τὼ	7	8	long-τὼ	hemi1
tlg001:1.227	μέλλον	9	11	long-μέλ-short-λον	hemi1	diaer3
tlg001:1.227	ἐνικρινθῆναι	12	19	short-ἐ-long-νι-long-κριν-long-θῆ-short-ναι	hemi2	caesfem3	correption
tlg001:1.227	ὁμῑ́λῳ.	20	24	short-ὁ-long-μῑ́-long-λῳ.	hemi2
tlg001:1.228	τόσσοι	1	3	long-τόσ-short-σοι	hemi1	correption
tlg001:1.228	ἄρʼ	4	4	short-ἄρʼ	hemi1
tlg001:1.228	Αἰσονίδῃ	5	10	long-Αἰ-short-σο-short-νί-long-δῃ	hemi1	diaer2
tlg001:1.228	συμμήστορες	11	16	long-συμ-long-μήσ-short-το-short-ρες	hemi2	caesmasc3
tlg001:1.228	ἠγερέθοντο.	17	24	long-ἠ-short-γε-short-ρέ-long-θον-long-το.	hemi2	bucdiaer
tlg001:1.229	τοὺς	1	2	long-τοὺς	hemi1
tlg001:1.229	μὲν	3	3	short-μὲν	hemi1
tlg001:1.229	ἀριστῆας	4	10	short-ἀ-long-ρισ-long-τῆ-long-ας	hemi1
tlg001:1.229	Μινύᾱς	11	14	short-Μι-short-νύ-long-ᾱς	hemi2	caesmasc3
tlg001:1.229	περιναιετάοντες	15	24	short-πε-short-ρι-long-ναι-short-ε-short-τά-long-ον-long-τες	hemi2
tlg001:1.230	κίκλησκον	1	6	long-κί-long-κλησ-long-κον	hemi1
tlg001:1.230	μάλα	7	8	short-μά-short-λα	hemi1
tlg001:1.230	πάντας,	9	11	long-πάν-short-τας,	hemi1	diaer3
tlg001:1.230	ἐπεὶ	12	14	short-ἐ-long-πεὶ	hemi2	caesfem3
tlg001:1.230	Μινύᾱο	15	19	short-Μι-short-νύ-long-ᾱ-short-ο	hemi2
tlg001:1.230	θυγατρῶν	20	24	short-θυ-long-γατ-long-ρῶν	hemi2
tlg001:1.231	οἱ	1	2	long-οἱ	hemi1
tlg001:1.231	πλεῖστοι	3	6	long-πλεῖσ-long-τοι	hemi1
tlg001:1.231	καὶ	7	7	short-καὶ	hemi1	correption
tlg001:1.231	ἄριστοι	8	11	short-ἄ-long-ρισ-short-τοι	hemi1	correption
tlg001:1.231	ἀφʼ	12	12	short-ἀφʼ	hemi2	caesfem3
tlg001:1.231	αἵματος	13	16	long-αἵ-short-μα-short-τος	hemi2	diaer4
tlg001:1.231	εὐχετόωντο	17	24	long-εὐ-short-χε-short-τό-long-ων-long-το	hemi2	bucdiaer
tlg001:1.232	ἔμμεναι·	1	4	long-ἔμ-short-με-short-ναι·	hemi1
tlg001:1.232	ὧς	5	6	long-ὧς	hemi1	diaer2
tlg001:1.232	δὲ	7	7	short-δὲ	hemi1
tlg001:1.232	καὶ	8	8	short-καὶ	hemi1	correption
tlg001:1.232	αὐτὸν	9	11	long-αὐ-short-τὸν	hemi1
tlg001:1.232	Ἰήσονα	12	16	short-Ἰ-long-ή-short-σο-short-να	hemi2	caesfem3
tlg001:1.232	γείνατο	17	20	long-γεί-short-να-short-το	hemi2	bucdiaer
tlg001:1.232	μήτηρ	21	24	long-μή-long-τηρ	hemi2	diaer6
tlg001:1.233	Ἀλκιμέδη,	1	6	long-Ἀλ-short-κι-short-μέ-long-δη,	hemi1
tlg001:1.233	Κλυμένης	7	10	short-Κλυ-short-μέ-long-νης	hemi1
tlg001:1.233	Μινυηίδος	11	16	short-Μι-short-νυ-long-η-short-ί-short-δος	hemi2	caesmasc3
tlg001:1.233	ἐκγεγαυῖα.	17	24	long-ἐκ-short-γε-short-γα-long-υῖ-long-α.	hemi2	bucdiaer
tlg001:1.234	αὐτὰρ	1	3	long-αὐ-short-τὰρ	hemi1
tlg001:1.234	ἐπεὶ	4	6	short-ἐ-long-πεὶ	hemi1
tlg001:1.234	δμώεσσιν	7	11	long-δμώ-long-εσ-short-σιν	hemi1
tlg001:1.234	ἐπαρτέα	12	16	short-ἐπ-long-αρ-short-τέ-short-α	hemi2	caesfem3
tlg001:1.234	πάντʼ	17	18	long-πάντʼ	hemi2	bucdiaer
tlg001:1.234	ἐτέτυκτο,	19	24	short-ἐ-short-τέ-long-τυκ-long-το,	hemi2
tlg001:1.235	ὅσσα	1	3	long-ὅσ-short-σα	hemi1
tlg001:1.235	περ	4	4	short-περ	hemi1
tlg001:1.235	ἐντῡ́νονται	5	11	long-ἐν-long-τῡ́-long-νον-short-ται	hemi1	diaer2	correption
tlg001:1.235	ἐπαρτέες	12	16	short-ἐπ-long-αρ-short-τέ-short-ες	hemi2	caesfem3
tlg001:1.235	ἔνδοθι	17	20	long-ἔν-short-δο-short-θι	hemi2	bucdiaer
tlg001:1.235	νῆες,	21	24	long-νῆ-long-ες,	hemi2	diaer6
tlg001:1.236	εὖτʼ	1	2	long-εὖτʼ	hemi1
tlg001:1.236	ἂν	3	3	short-ἂν	hemi1
tlg001:1.236	ἄγῃ	4	6	short-ἄ-long-γῃ	hemi1
tlg001:1.236	χρέος	7	8	short-χρέ-short-ος	hemi1
tlg001:1.236	ἄνδρας	9	11	long-ἄν-short-δρας	hemi1	diaer3
tlg001:1.236	ὑπεὶρ	12	14	short-ὑ-long-πεὶρ	hemi2	caesfem3
tlg001:1.236	ἅλα	15	16	short-ἅ-short-λα	hemi2
tlg001:1.236	ναυτίλλεσθαι,	17	24	long-ναυ-long-τίλ-long-λεσ-long-θαι,	hemi2	bucdiaer
tlg001:1.237	δὴ	1	2	long-δὴ	hemi1
tlg001:1.237	τότʼ	3	3	short-τότʼ	hemi1
tlg001:1.237	ἴσαν	4	6	short-ἴ-long-σαν	hemi1
tlg001:1.237	μετὰ	7	8	short-με-short-τὰ	hemi1
tlg001:1.237	νῆα	9	11	long-νῆ-short-α	hemi1	diaer3
tlg001:1.237	διʼ	12	12	short-διʼ	hemi2	caesfem3
tlg001:1.237	ἄστεος,	13	16	long-ἄσ-short-τε-short-ος,	hemi2	diaer4
tlg001:1.237	ἔνθα	17	19	long-ἔν-short-θα	hemi2	bucdiaer
tlg001:1.237	περ	20	20	short-περ	hemi2
tlg001:1.237	ἀκταὶ	21	24	long-ἀκ-long-ταὶ	hemi2	diaer6
tlg001:1.238	κλείονται	1	6	long-κλεί-long-ον-long-ται	hemi1
tlg001:1.238	Παγασαὶ	7	10	short-Πα-short-γα-long-σαὶ	hemi1
tlg001:1.238	Μαγνήτιδες·	11	16	long-Μαγ-long-νή-short-τι-short-δες·	hemi2	caesmasc3
tlg001:1.238	ἀμφὶ	17	19	long-ἀμ-short-φὶ	hemi2	bucdiaer
tlg001:1.238	δὲ	20	20	short-δὲ	hemi2
tlg001:1.238	λᾱῶν	21	24	long-λᾱ-long-ῶν	hemi2	diaer6
tlg001:1.239	πληθῡ̀ς	1	4	long-πλη-long-θῡ̀ς	hemi1
tlg001:1.239	σπερχομένων	5	10	long-σπερ-short-χο-short-μέ-long-νων	hemi1	diaer2
tlg001:1.239	ἄμυδις	11	14	short-ἄ-short-μυ-long-δις	hemi2	caesmasc3
tlg001:1.239	θέεν·	15	16	short-θέ-short-εν·	hemi2
tlg001:1.239	οἱ	17	18	long-οἱ	hemi2	bucdiaer
tlg001:1.239	δὲ	19	19	short-δὲ	hemi2
tlg001:1.239	φαεινοὶ	20	24	short-φα-long-ει-long-νοὶ	hemi2
tlg001:1.240	ἀστέρες	1	4	long-ἀσ-short-τέ-short-ρες	hemi1
tlg001:1.240	ὣς	5	6	long-ὣς	hemi1	diaer2
tlg001:1.240	νεφέεσσι	7	11	short-νε-short-φέ-long-εσ-short-σι	hemi1
tlg001:1.240	μετέπρεπον·	12	16	short-μετ-long-έ-short-πρε-short-πον·	hemi2	caesfem3
tlg001:1.240	ὧδε	17	19	long-ὧ-short-δε	hemi2	bucdiaer
tlg001:1.240	δʼ	20	20	δʼ	hemi2
tlg001:1.240	ἕκαστος	20	24	short-ἕ-long-κασ-long-τος	hemi2
tlg001:1.241	ἔννεπεν	1	4	long-ἔν-short-νε-short-πεν	hemi1
tlg001:1.241	εἰσορόων	5	10	long-εἰσ-short-ο-short-ρό-long-ων	hemi1	diaer2
tlg001:1.241	σὺν	11	12	long-σὺν	hemi2	caesmasc3
tlg001:1.241	τεύχεσιν	13	16	long-τεύ-short-χε-short-σιν	hemi2	diaer4
tlg001:1.241	ἀ̄ίσσοντας·	17	24	long-ἀ̄-long-ίσ-long-σον-long-τας·	hemi2	bucdiaer
tlg001:1.242	‘Ζεῦ	1	2	long-‘Ζεῦ	hemi1	hiatus
tlg001:1.242	ἄνα,	3	4	short-ἄ-short-να,	hemi1
tlg001:1.242	τίς	5	6	long-τίς	hemi1	diaer2
tlg001:1.242	Πελίᾱο	7	11	short-Πε-short-λί-long-ᾱ-short-ο	hemi1
tlg001:1.242	νόος;	12	14	short-νό-long-ος;	hemi2	caesfem3
tlg001:1.242	πόθι	15	16	short-πό-short-θι	hemi2
tlg001:1.242	τόσσον	17	19	long-τόσ-short-σον	hemi2	bucdiaer
tlg001:1.242	ὅμῑλον	20	24	short-ὅ-long-μῑ-long-λον	hemi2
tlg001:1.243	ἡρώων	1	6	long-ἡ-long-ρώ-long-ων	hemi1
tlg001:1.243	γαίης	7	10	long-γαί-long-ης	hemi1
tlg001:1.243	Παναχαιίδος	11	16	short-Πα-short-να-long-χαι-short-ί-short-δος	hemi2	caesmasc3
tlg001:1.243	ἔκτοθι	17	20	long-ἔκ-short-το-short-θι	hemi2	bucdiaer
tlg001:1.243	βάλλει;	21	24	long-βάλ-long-λει;	hemi2	diaer6
tlg001:1.244	αὐτῆμάρ	1	6	long-αὐ-long-τῆ-long-μάρ	hemi1
tlg001:1.244	κε	7	7	short-κε	hemi1
tlg001:1.244	δόμους	8	10	short-δό-long-μους	hemi1
tlg001:1.244	ὀλοῷ	11	14	short-ὀ-short-λο-long-ῷ	hemi2	caesmasc3
tlg001:1.244	πυρὶ	15	16	short-πυ-short-ρὶ	hemi2
tlg001:1.244	δῃώσειαν	17	24	long-δῃ-long-ώ-long-σει-long-αν	hemi2	bucdiaer
tlg001:1.245	Αἰήτεω,	1	6	long-Αἰ-long-ή-long-τεω,	hemi1	synizesis	hiatus
tlg001:1.245	ὅτε	7	8	short-ὅ-short-τε	hemi1
tlg001:1.245	μή	9	10	long-μή	hemi1	diaer3
tlg001:1.245	σφιν	11	11	short-σφιν	hemi1
tlg001:1.245	ἑκὼν	12	14	short-ἑ-long-κὼν	hemi2	caesfem3
tlg001:1.245	δέρος	15	16	short-δέ-short-ρος	hemi2
tlg001:1.245	ἐγγυαλίξῃ.	17	24	long-ἐγ-short-γυ-short-α-long-λί-long-ξῃ.	hemi2	bucdiaer
tlg001:1.246	ἀλλʼ	1	2	long-ἀλλʼ	hemi1
tlg001:1.246	οὐ	3	4	long-οὐ	hemi1
tlg001:1.246	φυκτὰ	5	7	long-φυκ-short-τὰ	hemi1	diaer2
tlg001:1.246	κέλευθα,	8	11	short-κέ-long-λευ-short-θα,	hemi1
tlg001:1.246	πόνος	12	14	short-πό-long-νος	hemi2	caesfem3
tlg001:1.246	δʼ	15	15	δʼ	hemi2
tlg001:1.246	ἄπρηκτος	15	19	long-ἄ-long-πρηκ-short-τος	hemi2
tlg001:1.246	ἰοῦσιν.’	20	24	short-ἰ-long-οῦ-long-σιν.’	hemi2
tlg001:1.247	ὧς	1	2	long-ὧς	hemi1
tlg001:1.247	φάσαν	3	4	short-φά-short-σαν	hemi1
tlg001:1.247	ἔνθα	5	7	long-ἔν-short-θα	hemi1	diaer2
tlg001:1.247	καὶ	8	8	short-καὶ	hemi1	correption
tlg001:1.247	ἔνθα	9	11	long-ἔν-short-θα	hemi1
tlg001:1.247	κατὰ	12	14	short-κα-long-τὰ	hemi2	caesfem3
tlg001:1.247	πτόλιν·	15	16	short-πτό-short-λιν·	hemi2
tlg001:1.247	αἱ	17	18	long-αἱ	hemi2	bucdiaer
tlg001:1.247	δὲ	19	19	short-δὲ	hemi2
tlg001:1.247	γυναῖκες	20	24	short-γυ-long-ναῖ-long-κες	hemi2
tlg001:1.248	πολλὰ	1	3	long-πολ-short-λὰ	hemi1
tlg001:1.248	μάλʼ	4	4	short-μάλʼ	hemi1
tlg001:1.248	ἀ̄θανάτοισιν	5	11	long-ἀ̄-short-θα-short-νά-long-τοι-short-σιν	hemi1	diaer2
tlg001:1.248	ἐς	12	12	short-ἐς	hemi2	caesfem3
tlg001:1.248	αἰθέρα	13	16	long-αἰ-short-θέ-short-ρα	hemi2	diaer4
tlg001:1.248	χεῖρας	17	19	long-χεῖ-short-ρας	hemi2	bucdiaer
tlg001:1.248	ἄειρον,	20	24	short-ἄ-long-ει-long-ρον,	hemi2
tlg001:1.249	εὐχόμεναι	1	6	long-εὐ-short-χό-short-με-long-ναι	hemi1
tlg001:1.249	νόστοιο	7	11	long-νόσ-long-τοι-short-ο	hemi1
tlg001:1.249	τέλος	12	14	short-τέ-long-λος	hemi2	caesfem3
tlg001:1.249	θῡμηδὲς	15	19	long-θῡμ-long-η-short-δὲς	hemi2
tlg001:1.249	ὀπάσσαι.	20	24	short-ὀ-long-πάσ-long-σαι.	hemi2
tlg001:1.250	ἄλλη	1	4	long-ἄλ-long-λη	hemi1
tlg001:1.250	δʼ	5	5	δʼ	hemi1
tlg001:1.250	εἰς	5	6	long-εἰς	hemi1	diaer2
tlg001:1.250	ἑτέρην	7	10	short-ἑ-short-τέ-long-ρην	hemi1
tlg001:1.250	ὀλοφῡ́ρετο	11	16	short-ὀ-short-λο-long-φῡ́-short-ρε-short-το	hemi2	caesmasc3
tlg001:1.250	δακρυχέουσα·	17	24	long-δακ-short-ρυ-short-χέ-long-ου-long-σα·	hemi2	bucdiaer
tlg001:1.251	‘δειλὴ	1	4	long-‘δει-long-λὴ	hemi1	hiatus
tlg001:1.251	Ἀλκιμέδη,	5	10	long-Ἀλ-short-κι-short-μέ-long-δη,	hemi1	diaer2
tlg001:1.251	καὶ	11	12	long-καὶ	hemi2	caesmasc3
tlg001:1.251	σοὶ	13	14	long-σοὶ	hemi2
tlg001:1.251	κακὸν	15	16	short-κα-short-κὸν	hemi2
tlg001:1.251	ὀψέ	17	19	long-ὀ-short-ψέ	hemi2	bucdiaer
tlg001:1.251	περ	20	20	short-περ	hemi2
tlg001:1.251	ἔμπης	21	24	long-ἔμ-long-πης	hemi2	diaer6
tlg001:1.252	ἤλυθεν,	1	4	long-ἤ-short-λυ-short-θεν,	hemi1
tlg001:1.252	οὐδʼ	5	6	long-οὐδʼ	hemi1	diaer2
tlg001:1.252	ἐτέλεσσας	7	11	short-ἐ-short-τέ-long-λεσ-short-σας	hemi1
tlg001:1.252	ἐπʼ	12	12	short-ἐπʼ	hemi2	caesfem3
tlg001:1.252	ἀγλαΐῃ	13	18	long-ἀγ-short-λα-short-ΐ-long-ῃ	hemi2	diaer4
tlg001:1.252	βιότοιο.	19	24	short-βι-short-ό-long-τοι-long-ο.	hemi2
tlg001:1.253	Αἴσων	1	4	long-Αἴ-long-σων	hemi1
tlg001:1.253	αὖ	5	6	long-αὖ	hemi1	diaer2
tlg001:1.253	μέγα	7	8	short-μέ-short-γα	hemi1
tlg001:1.253	δή	9	10	long-δή	hemi1	diaer3
tlg001:1.253	τι	11	11	short-τι	hemi1
tlg001:1.253	δυσάμμορος.	12	16	short-δυσ-long-άμ-short-μο-short-ρος.	hemi2	caesfem3
tlg001:1.253	ἦ	17	18	long-ἦ	hemi2	bucdiaer
tlg001:1.253	τέ	19	19	short-τέ	hemi2	hiatus
tlg001:1.253	οἱ	20	20	short-οἱ	hemi2	correption
tlg001:1.253	ἦεν	21	24	long-ἦ-long-εν	hemi2	diaer6
tlg001:1.254	βέλτερον,	1	4	long-βέλ-short-τε-short-ρον,	hemi1
tlg001:1.254	εἰ	5	6	long-εἰ	hemi1	diaer2
tlg001:1.254	τὸ	7	7	short-τὸ	hemi1
tlg001:1.254	πάροιθεν	8	11	short-πά-long-ροι-short-θεν	hemi1
tlg001:1.254	ἐνὶ	12	14	short-ἐ-long-νὶ	hemi2	caesfem3
tlg001:1.254	κτερέεσσιν	15	19	short-κτε-short-ρέ-long-εσ-short-σιν	hemi2
tlg001:1.254	ἐλυσθεὶς	20	24	short-ἐ-long-λυσ-long-θεὶς	hemi2
tlg001:1.255	νειόθι	1	4	long-νει-short-ό-short-θι	hemi1
tlg001:1.255	γαίης	5	8	long-γαί-long-ης	hemi1	diaer2
tlg001:1.255	κεῖτο,	9	11	long-κεῖ-short-το,	hemi1	diaer3
tlg001:1.255	κακῶν	12	14	short-κα-long-κῶν	hemi2	caesfem3
tlg001:1.255	ἔτι	15	16	short-ἔ-short-τι	hemi2
tlg001:1.255	νῆις	17	19	long-νῆ-short-ις	hemi2	bucdiaer
tlg001:1.255	ἀέθλων.	20	24	short-ἀ-long-έθ-long-λων.	hemi2
tlg001:1.256	ὡς	1	2	long-ὡς	hemi1
tlg001:1.256	ὄφελεν	3	6	short-ὄ-short-φε-long-λεν	hemi1
tlg001:1.256	καὶ	7	8	long-καὶ	hemi1
tlg001:1.256	Φρίξον,	9	11	long-Φρί-short-ξον,	hemi1
tlg001:1.256	ὅτʼ	12	12	short-ὅτʼ	hemi2	caesfem3
tlg001:1.256	ὤλετο	13	16	long-ὤ-short-λε-short-το	hemi2	diaer4
tlg001:1.256	παρθένος	17	20	long-παρ-short-θέ-short-νος	hemi2	bucdiaer
tlg001:1.256	Ἕλλη,	21	24	long-Ἕλ-long-λη,	hemi2	diaer6
tlg001:1.257	κῦμα	1	3	long-κῦ-short-μα	hemi1
tlg001:1.257	μέλαν	4	6	short-μέ-long-λαν	hemi1
tlg001:1.257	κρῑῷ	7	10	long-κρῑ-long-ῷ	hemi1	hiatus
tlg001:1.257	ἅμʼ	11	11	short-ἅμʼ	hemi2	caesmasc3
tlg001:1.257	ἐπικλύσαι·	12	16	short-ἐ-long-πι-short-κλύ-short-σαι·	hemi2
tlg001:1.257	ἀλλὰ	17	19	long-ἀλ-short-λὰ	hemi2	bucdiaer
tlg001:1.257	καὶ	20	20	short-καὶ	hemi2	correption
tlg001:1.257	αὐδὴν	21	24	long-αὐ-long-δὴν	hemi2	diaer6
tlg001:1.258	ἀνδρομέην	1	6	long-ἀν-short-δρο-short-μέ-long-ην	hemi1
tlg001:1.258	προέηκε	7	11	short-προ-short-έ-long-η-short-κε	hemi1
tlg001:1.258	κακὸν	12	14	short-κα-long-κὸν	hemi2	caesfem3
tlg001:1.258	τέρας,	15	16	short-τέ-short-ρας,	hemi2
tlg001:1.258	ὥς	17	18	long-ὥς	hemi2	bucdiaer
tlg001:1.258	κεν	19	19	short-κεν	hemi2
tlg001:1.258	ἀνῑ́ᾱς	20	24	short-ἀν-long-ῑ́-long-ᾱς	hemi2
tlg001:1.259	Ἀλκιμέδῃ	1	6	long-Ἀλ-short-κι-short-μέ-long-δῃ	hemi1
tlg001:1.259	μετόπισθε	7	11	short-μετ-short-ό-long-πισ-short-θε	hemi1
tlg001:1.259	καὶ	12	12	short-καὶ	hemi2	caesfem3	correption
tlg001:1.259	ἄλγεα	13	16	long-ἄλ-short-γε-short-α	hemi2
tlg001:1.259	μῡρία	17	20	long-μῡ-short-ρί-short-α	hemi2	bucdiaer
tlg001:1.259	θείη.’	21	24	long-θεί-long-η.’	hemi2	diaer6
tlg001:1.260	αἱ	1	2	long-αἱ	hemi1
tlg001:1.260	μὲν	3	3	short-μὲν	hemi1
tlg001:1.260	ἄρʼ	4	4	short-ἄρʼ	hemi1
tlg001:1.260	ὧς	5	6	long-ὧς	hemi1	diaer2
tlg001:1.260	ἀγόρευον	7	11	short-ἀ-short-γό-long-ρευ-short-ον	hemi1
tlg001:1.260	ἐπὶ	12	14	short-ἐ-long-πὶ	hemi2	caesfem3
tlg001:1.260	προμολῇσι	15	19	short-προ-short-μο-long-λῇ-short-σι	hemi2
tlg001:1.260	κιόντων.	20	24	short-κι-long-όν-long-των.	hemi2
tlg001:1.261	ἤδη	1	4	long-ἤ-long-δη	hemi1
tlg001:1.261	δὲ	5	6	long-δὲ	hemi1
tlg001:1.261	δμῶές	7	10	long-δμῶ-long-ές	hemi1
tlg001:1.261	τε	11	11	short-τε	hemi1
tlg001:1.261	πολεῖς	12	14	short-πο-long-λεῖς	hemi2	caesfem3
tlg001:1.261	δμωαί	15	18	long-δμω-long-αί	hemi2
tlg001:1.261	τʼ	19	19	τʼ	hemi2
tlg001:1.261	ἀγέροντο·	19	24	short-ἀ-short-γέ-long-ρον-long-το·	hemi2
tlg001:1.262	μήτηρ	1	4	long-μή-long-τηρ	hemi1
tlg001:1.262	δʼ	5	5	δʼ	hemi1
tlg001:1.262	ἀμφʼ	5	6	long-ἀμφʼ	hemi1	diaer2
tlg001:1.262	αὐτὸν	7	10	long-αὐ-long-τὸν	hemi1
tlg001:1.262	βεβολημένη.	11	16	short-βε-short-βο-long-λη-short-μέ-short-νη.	hemi2	caesmasc3	correption
tlg001:1.262	ὀξὺ	17	19	long-ὀ-short-ξὺ	hemi2	bucdiaer
tlg001:1.262	δʼ	20	20	δʼ	hemi2
tlg001:1.262	ἑκάστην	20	24	short-ἑ-long-κάσ-long-την	hemi2
tlg001:1.263	δῦνεν	1	3	long-δῦ-short-νεν	hemi1
tlg001:1.263	ἄχος·	4	6	short-ἄ-long-χος·	hemi1
tlg001:1.263	σὺν	7	8	long-σὺν	hemi1
tlg001:1.263	δέ	9	10	long-δέ	hemi1
tlg001:1.263	σφι	11	11	short-σφι	hemi1
tlg001:1.263	πατὴρ	12	14	short-πα-long-τὴρ	hemi2	caesfem3
tlg001:1.263	ὀλοῷ	15	18	short-ὀ-short-λο-long-ῷ	hemi2	hiatus
tlg001:1.263	ὑπὸ	19	20	short-ὑ-short-πὸ	hemi2
tlg001:1.263	γήραι	21	24	long-γή-long-ραι	hemi2	diaer6
tlg001:1.264	ἐντυπὰς	1	4	long-ἐν-short-τυ-short-πὰς	hemi1
tlg001:1.264	ἐν	5	6	long-ἐν	hemi1	diaer2
tlg001:1.264	λεχέεσσι	7	11	short-λε-short-χέ-long-εσ-short-σι	hemi1
tlg001:1.264	καλυψάμενος	12	18	short-κα-long-λυ-short-ψά-short-με-long-νος	hemi2	caesfem3
tlg001:1.264	γοάασκεν.	19	24	short-γο-short-ά-long-ασ-long-κεν.	hemi2
tlg001:1.265	αὐτὰρ	1	3	long-αὐ-short-τὰρ	hemi1
tlg001:1.265	ὁ	4	4	short-ὁ	hemi1
tlg001:1.265	τῶν	5	6	long-τῶν	hemi1	diaer2
tlg001:1.265	μὲν	7	7	short-μὲν	hemi1
tlg001:1.265	ἔπειτα	8	11	short-ἔ-long-πει-short-τα	hemi1
tlg001:1.265	κατεπρήῡνεν	12	19	short-κατ-long-ε-long-πρή-long-ῡ-short-νεν	hemi2	caesfem3
tlg001:1.265	ἀνῑ́ᾱς	20	24	short-ἀν-long-ῑ́-long-ᾱς	hemi2
tlg001:1.266	θαρσῡ́νων,	1	6	long-θαρ-long-σῡ́-long-νων,	hemi1
tlg001:1.266	δμώεσσι	7	11	long-δμώ-long-εσ-short-σι	hemi1
tlg001:1.266	δʼ	12	12	δʼ	hemi1
tlg001:1.266	ἀρήια	12	16	short-ἀ-long-ρή-short-ι-short-α	hemi2	caesfem3
tlg001:1.266	τεύχεʼ	17	19	long-τεύ-short-χεʼ	hemi2	bucdiaer
tlg001:1.266	ἀείρειν	20	24	short-ἀ-long-εί-long-ρειν	hemi2
tlg001:1.267	πέφραδεν·	1	4	long-πέ-short-φρα-short-δεν·	hemi1
tlg001:1.267	οἱ	5	6	long-οἱ	hemi1	diaer2
tlg001:1.267	δέ	7	7	short-δέ	hemi1
tlg001:1.267	τε	8	8	short-τε	hemi1
tlg001:1.267	σῖγα	9	11	long-σῖ-short-γα	hemi1	diaer3
tlg001:1.267	κατηφέες	12	16	short-κατ-long-η-short-φέ-short-ες	hemi2	caesfem3
tlg001:1.267	ἠείροντο.	17	24	long-ἠ-long-εί-long-ρον-long-το.	hemi2	bucdiaer
tlg001:1.268	μήτηρ	1	4	long-μή-long-τηρ	hemi1
tlg001:1.268	δʼ	5	5	δʼ	hemi1
tlg001:1.268	ὡς	5	6	long-ὡς	hemi1	diaer2
tlg001:1.268	τὰ	7	8	long-τὰ	hemi1
tlg001:1.268	πρῶτʼ	9	10	long-πρῶτʼ	hemi1	diaer3
tlg001:1.268	ἐπεχεύατο	11	16	short-ἐπ-short-ε-long-χεύ-short-α-short-το	hemi2	caesmasc3
tlg001:1.268	πήχεε	17	20	long-πή-short-χε-short-ε	hemi2	bucdiaer
tlg001:1.268	παιδί,	21	24	long-παι-long-δί,	hemi2	diaer6
tlg001:1.269	ὧς	1	2	long-ὧς	hemi1
tlg001:1.269	ἔχετο	3	6	short-ἔ-short-χε-long-το	hemi1
tlg001:1.269	κλαίουσʼ	7	10	long-κλαί-long-ουσʼ	hemi1
tlg001:1.269	ἀδινώτερον,	11	16	short-ἀ-short-δι-long-νώ-short-τε-short-ρον,	hemi2	caesmasc3
tlg001:1.269	ἠύτε	17	20	long-ἠ-short-ύ-short-τε	hemi2	bucdiaer
tlg001:1.269	κούρη	21	24	long-κού-long-ρη	hemi2	diaer6
tlg001:1.270	οἰόθεν	1	4	long-οἰ-short-ό-short-θεν	hemi1
tlg001:1.270	ἀσπασίως	5	10	long-ἀσ-short-πα-short-σί-long-ως	hemi1	diaer2
tlg001:1.270	πολιὴν	11	14	short-πο-short-λι-long-ὴν	hemi2	caesmasc3
tlg001:1.270	τροφὸν	15	16	short-τρο-short-φὸν	hemi2
tlg001:1.270	ἀμφιπεσοῦσα	17	24	long-ἀμ-short-φι-short-πε-long-σοῦ-long-σα	hemi2	bucdiaer
tlg001:1.271	μῡ́ρεται,	1	4	long-μῡ́-short-ρε-short-ται,	hemi1	correption
tlg001:1.271	ᾗ	5	6	long-ᾗ	hemi1	diaer2	hiatus
tlg001:1.271	οὐκ	7	8	long-οὐκ	hemi1
tlg001:1.271	εἰσὶν	9	11	long-εἰ-short-σὶν	hemi1	diaer3
tlg001:1.271	ἔτʼ	12	12	short-ἔτʼ	hemi2	caesfem3
tlg001:1.271	ἄλλοι	13	16	long-ἄλ-long-λοι	hemi2	diaer4
tlg001:1.271	κηδεμονῆες,	17	24	long-κη-short-δε-short-μο-long-νῆ-long-ες,	hemi2	bucdiaer
tlg001:1.272	ἀλλʼ	1	2	long-ἀλλʼ	hemi1
tlg001:1.272	ὑπὸ	3	4	short-ὑ-short-πὸ	hemi1
tlg001:1.272	μητρυιῇ	5	10	long-μητ-long-ρυι-long-ῇ	hemi1	diaer2
tlg001:1.272	βίοτον	11	14	short-βί-short-ο-long-τον	hemi2	caesmasc3
tlg001:1.272	βαρὺν	15	16	short-βα-short-ρὺν	hemi2
tlg001:1.272	ἡγηλάζει·	17	24	long-ἡ-long-γη-long-λά-long-ζει·	hemi2	bucdiaer
tlg001:1.273	καί	1	2	long-καί	hemi1	hiatus
tlg001:1.273	ἑ	3	3	short-ἑ	hemi1
tlg001:1.273	νέον	4	6	short-νέ-long-ον	hemi1
tlg001:1.273	πολέεσσιν	7	11	short-πο-short-λέ-long-εσ-short-σιν	hemi1
tlg001:1.273	ὀνείδεσιν	12	16	short-ὀ-long-νεί-short-δε-short-σιν	hemi2	caesfem3
tlg001:1.273	ἐστυφέλιξεν,	17	24	long-ἐ-short-στυ-short-φέ-long-λι-long-ξεν,	hemi2	bucdiaer
tlg001:1.274	τῇ	1	2	long-τῇ	hemi1
tlg001:1.274	δέ	3	3	short-δέ	hemi1
tlg001:1.274	τʼ	4	4	τʼ	hemi1
tlg001:1.274	ὀδῡρομένῃ	4	10	short-ὀ-long-δῡ-short-ρο-short-μέ-long-νῃ	hemi1
tlg001:1.274	δέδεται	11	14	short-δέ-short-δε-long-ται	hemi2	caesmasc3
tlg001:1.274	κέαρ	15	16	short-κέ-short-αρ	hemi2
tlg001:1.274	ἔνδοθεν	17	20	long-ἔν-short-δο-short-θεν	hemi2	bucdiaer
tlg001:1.274	ἄ̄τῃ,	21	24	long-ἄ̄-long-τῃ,	hemi2	diaer6
tlg001:1.275	οὐδʼ	1	2	long-οὐδʼ	hemi1
tlg001:1.275	ἔχει	3	4	short-ἔ-short-χει	hemi1	correption
tlg001:1.275	ἐκφλύξαι	5	10	long-ἐκ-long-φλύ-long-ξαι	hemi1	diaer2
tlg001:1.275	τόσσον	11	14	long-τόσ-long-σον	hemi2	caesmasc3
tlg001:1.275	γόον,	15	16	short-γό-short-ον,	hemi2
tlg001:1.275	ὅσσον	17	19	long-ὅσ-short-σον	hemi2	bucdiaer
tlg001:1.275	ὀρεχθεῖ·	20	24	short-ὀ-long-ρεχ-long-θεῖ·	hemi2
tlg001:1.276	ὧς	1	2	long-ὧς	hemi1
tlg001:1.276	ἀδινὸν	3	6	short-ἀ-short-δι-long-νὸν	hemi1
tlg001:1.276	κλαίεσκεν	7	11	long-κλαί-long-εσ-short-κεν	hemi1
tlg001:1.276	ἑὸν	12	14	short-ἑ-long-ὸν	hemi2	caesfem3
tlg001:1.276	παῖδʼ	15	16	long-παῖδʼ	hemi2
tlg001:1.276	ἀγκὰς	17	19	long-ἀγ-short-κὰς	hemi2	bucdiaer
tlg001:1.276	ἔχουσα	20	24	short-ἔ-long-χου-long-σα	hemi2
tlg001:1.277	Ἀλκιμέδη,	1	6	long-Ἀλ-short-κι-short-μέ-long-δη,	hemi1
tlg001:1.277	καὶ	7	8	long-καὶ	hemi1
tlg001:1.277	τοῖον	9	11	long-τοῖ-short-ον	hemi1
tlg001:1.277	ἔπος	12	14	short-ἔ-long-πος	hemi2	caesfem3
tlg001:1.277	φάτο	15	16	short-φά-short-το	hemi2
tlg001:1.277	κηδοσύνῃσιν·	17	24	long-κη-short-δο-short-σύ-long-νῃ-long-σιν·	hemi2	bucdiaer
tlg001:1.278	‘αἴθʼ	1	2	long-‘αἴθʼ	hemi1
tlg001:1.278	ὄφελον	3	6	short-ὄ-short-φε-long-λον	hemi1
tlg001:1.278	κεῖνʼ	7	8	long-κεῖνʼ	hemi1
tlg001:1.278	ἦμαρ,	9	11	long-ἦ-short-μαρ,	hemi1	diaer3
tlg001:1.278	ὅτʼ	12	12	short-ὅτʼ	hemi2	caesfem3
tlg001:1.278	ἐξειπόντος	13	19	long-ἐξ-long-ει-long-πόν-short-τος	hemi2	diaer4
tlg001:1.278	ἄκουσα	20	24	short-ἄ-long-κου-long-σα	hemi2
tlg001:1.279	δειλὴ	1	3	long-δει-short-λὴ	hemi1	correption
tlg001:1.279	ἐγὼ	4	6	short-ἐ-long-γὼ	hemi1
tlg001:1.279	Πελίᾱο	7	11	short-Πε-short-λί-long-ᾱ-short-ο	hemi1
tlg001:1.279	κακὴν	12	14	short-κα-long-κὴν	hemi2	caesfem3
tlg001:1.279	βασιλῆος	15	19	short-βα-short-σι-long-λῆ-short-ος	hemi2
tlg001:1.279	ἐφετμήν,	20	24	short-ἐ-long-φετ-long-μήν,	hemi2
tlg001:1.280	αὐτίκʼ	1	3	long-αὐ-short-τίκʼ	hemi1
tlg001:1.280	ἀπὸ	4	6	short-ἀ-long-πὸ	hemi1
tlg001:1.280	ψῡχὴν	7	10	long-ψῡ-long-χὴν	hemi1
tlg001:1.280	μεθέμεν,	11	14	short-μεθ-short-έ-long-μεν,	hemi2	caesmasc3
tlg001:1.280	κηδέων	15	18	long-κη-long-δέων	hemi2	synizesis
tlg001:1.280	τε	19	19	short-τε	hemi2
tlg001:1.280	λαθέσθαι,	20	24	short-λα-long-θέσ-long-θαι,	hemi2
tlg001:1.281	ὄφρʼ	1	2	long-ὄφρʼ	hemi1
tlg001:1.281	αὐτός	3	6	long-αὐ-long-τός	hemi1
tlg001:1.281	με	7	7	short-με	hemi1
tlg001:1.281	τεῇσι	8	11	short-τε-long-ῇ-short-σι	hemi1
tlg001:1.281	φίλαις	12	14	short-φί-long-λαις	hemi2	caesfem3
tlg001:1.281	ταρχῡ́σαο	15	20	long-ταρ-long-χῡ́-short-σα-short-ο	hemi2
tlg001:1.281	χερσίν,	21	24	long-χερ-long-σίν,	hemi2	diaer6
tlg001:1.282	τέκνον	1	3	long-τέκ-short-νον	hemi1
tlg001:1.282	ἐμόν·	4	6	short-ἐ-long-μόν·	hemi1
tlg001:1.282	τὸ	7	7	short-τὸ	hemi1
tlg001:1.282	γὰρ	8	8	short-γὰρ	hemi1
tlg001:1.282	οἶον	9	11	long-οἶ-short-ον	hemi1	diaer3
tlg001:1.282	ἔην	12	14	short-ἔ-long-ην	hemi2	caesfem3
tlg001:1.282	ἔτι	15	16	short-ἔ-short-τι	hemi2
tlg001:1.282	λοιπὸν	17	19	long-λοι-short-πὸν	hemi2	bucdiaer
tlg001:1.282	ἐέλδωρ	20	24	short-ἐ-long-έλ-long-δωρ	hemi2
tlg001:1.283	ἐκ	1	2	long-ἐκ	hemi1
tlg001:1.283	σέθεν,	3	4	short-σέ-short-θεν,	hemi1
tlg001:1.283	ἄλλα	5	7	long-ἄλ-short-λα	hemi1	diaer2
tlg001:1.283	δὲ	8	8	short-δὲ	hemi1
tlg001:1.283	πάντα	9	11	long-πάν-short-τα	hemi1	diaer3
tlg001:1.283	πάλαι	12	14	short-πά-long-λαι	hemi2	caesfem3
tlg001:1.283	θρεπτήρια	15	20	long-θρεπ-long-τή-short-ρι-short-α	hemi2
tlg001:1.283	πέσσω.	21	24	long-πέσ-long-σω.	hemi2	diaer6
tlg001:1.284	νῦν	1	2	long-νῦν	hemi1
tlg001:1.284	γε	3	3	short-γε	hemi1
tlg001:1.284	μὲν	4	4	short-μὲν	hemi1
tlg001:1.284	ἡ	5	6	long-ἡ	hemi1	diaer2
tlg001:1.284	τὸ	7	7	short-τὸ	hemi1
tlg001:1.284	πάροιθεν	8	11	short-πά-long-ροι-short-θεν	hemi1
tlg001:1.284	Ἀχαιιάδεσσιν	12	19	short-Ἀ-long-χαι-short-ι-short-ά-long-δεσ-short-σιν	hemi2	caesfem3
tlg001:1.284	ἀγητὴ	20	24	short-ἀ-long-γη-long-τὴ	hemi2
tlg001:1.285	δμωὶς	1	3	long-δμω-short-ὶς	hemi1
tlg001:1.285	ὅπως	4	6	short-ὅ-long-πως	hemi1
tlg001:1.285	κενεοῖσι	7	11	short-κε-short-νε-long-οῖ-short-σι	hemi1
tlg001:1.285	λελείψομαι	12	16	short-λε-long-λεί-short-ψο-short-μαι	hemi2	caesfem3	correption
tlg001:1.285	ἐν	17	18	long-ἐν	hemi2	bucdiaer
tlg001:1.285	μεγάροισιν,	19	24	short-με-short-γά-long-ροι-long-σιν,	hemi2
tlg001:1.286	σεῖο	1	3	long-σεῖ-short-ο	hemi1
tlg001:1.286	πόθῳ	4	6	short-πό-long-θῳ	hemi1
tlg001:1.286	μινύθουσα	7	11	short-μι-short-νύ-long-θου-short-σα	hemi1
tlg001:1.286	δυσάμμορος,	12	16	short-δυσ-long-άμ-short-μο-short-ρος,	hemi2	caesfem3
tlg001:1.286	ᾧ	17	18	long-ᾧ	hemi2	bucdiaer	hiatus
tlg001:1.286	ἔπι	19	20	short-ἔ-short-πι	hemi2
tlg001:1.286	πολλὴν	21	24	long-πολ-long-λὴν	hemi2	diaer6
tlg001:1.287	ἀγλαΐην	1	6	long-ἀγ-short-λα-short-ΐ-long-ην	hemi1
tlg001:1.287	καὶ	7	8	long-καὶ	hemi1
tlg001:1.287	κῦδος	9	11	long-κῦ-short-δος	hemi1
tlg001:1.287	ἔχον	12	14	short-ἔ-long-χον	hemi2	caesfem3
tlg001:1.287	πάρος,	15	16	short-πά-short-ρος,	hemi2
tlg001:1.287	ᾧ	17	18	long-ᾧ	hemi2	bucdiaer	hiatus
tlg001:1.287	ἔπι	19	20	short-ἔ-short-πι	hemi2
tlg001:1.287	μούνῳ	21	24	long-μού-long-νῳ	hemi2	diaer6
tlg001:1.288	μίτρην	1	4	long-μίτ-long-ρην	hemi1
tlg001:1.288	πρῶτον	5	7	long-πρῶ-short-τον	hemi1	diaer2
tlg001:1.288	ἔλῡσα	8	11	short-ἔ-long-λῡ-short-σα	hemi1
tlg001:1.288	καὶ	12	12	short-καὶ	hemi2	caesfem3	correption
tlg001:1.288	ὕστατον.	13	16	long-ὕσ-short-τα-short-τον.	hemi2
tlg001:1.288	ἔξοχα	17	20	long-ἔξ-short-ο-short-χα	hemi2	bucdiaer
tlg001:1.288	γάρ	21	22	long-γάρ	hemi2
tlg001:1.288	μοι	23	24	long-μοι	hemi2
tlg001:1.289	Εἰλείθυια	1	7	long-Εἰ-long-λεί-long-θυι-short-α	hemi1
tlg001:1.289	θεᾱ̀	8	10	short-θε-long-ᾱ̀	hemi1
tlg001:1.289	πολέος	11	14	short-πο-short-λέ-long-ος	hemi2	caesmasc3
tlg001:1.289	ἐμέγηρε	15	19	short-ἐ-short-μέ-long-γη-short-ρε	hemi2
tlg001:1.289	τόκοιο.	20	24	short-τό-long-κοι-long-ο.	hemi2
tlg001:1.290	ᾤ	1	2	long-ᾤ	hemi1
tlg001:1.290	μοι	3	3	short-μοι	hemi1	correption
tlg001:1.290	ἐμῆς	4	6	short-ἐ-long-μῆς	hemi1
tlg001:1.290	ἄ̄της·	7	10	long-ἄ̄-long-της·	hemi1
tlg001:1.290	τὸ	11	11	short-τὸ	hemi2	caesmasc3
tlg001:1.290	μὲν	12	12	short-μὲν	hemi2
tlg001:1.290	οὐδʼ	13	14	long-οὐδʼ	hemi2	diaer4
tlg001:1.290	ὅσον,	15	16	short-ὅ-short-σον,	hemi2
tlg001:1.290	οὐδʼ	17	18	long-οὐδʼ	hemi2	bucdiaer
tlg001:1.290	ἐν	19	19	short-ἐν	hemi2
tlg001:1.290	ὀνείρῳ	20	24	short-ὀ-long-νεί-long-ρῳ	hemi2
tlg001:1.291	ὠισάμην,	1	6	long-ὠ-short-ι-short-σά-long-μην,	hemi1
tlg001:1.291	εἰ	7	8	long-εἰ	hemi1
tlg001:1.291	Φρίξος	9	11	long-Φρί-short-ξος	hemi1	diaer3
tlg001:1.291	ἐμοὶ	12	14	short-ἐ-long-μοὶ	hemi2	caesfem3
tlg001:1.291	κακὸν	15	16	short-κα-short-κὸν	hemi2
tlg001:1.291	ἔσσετʼ	17	19	long-ἔσ-short-σετʼ	hemi2	bucdiaer
tlg001:1.291	ἀλύξᾱς.’	20	24	short-ἀ-long-λύ-long-ξᾱς.’	hemi2
tlg001:1.292	ὧς	1	2	long-ὧς	hemi1
tlg001:1.292	ἥ	3	4	long-ἥ	hemi1
tlg001:1.292	γε	5	6	long-γε	hemi1
tlg001:1.292	στενάχουσα	7	11	short-στε-short-νά-long-χου-short-σα	hemi1
tlg001:1.292	κινῡ́ρετο·	12	16	short-κι-long-νῡ́-short-ρε-short-το·	hemi2	caesfem3
tlg001:1.292	ταὶ	17	18	long-ταὶ	hemi2	bucdiaer
tlg001:1.292	δὲ	19	19	short-δὲ	hemi2
tlg001:1.292	γυναῖκες	20	24	short-γυ-long-ναῖ-long-κες	hemi2
tlg001:1.293	ἀμφίπολοι	1	6	long-ἀμ-short-φί-short-πο-long-λοι	hemi1
tlg001:1.293	γοάασκον	7	11	short-γο-short-ά-long-ασ-short-κον	hemi1
tlg001:1.293	ἐπισταδόν·	12	16	short-ἐ-long-πι-short-στα-short-δόν·	hemi2	caesfem3
tlg001:1.293	αὐτὰρ	17	19	long-αὐ-short-τὰρ	hemi2	bucdiaer
tlg001:1.293	ὁ	20	20	short-ὁ	hemi2
tlg001:1.293	τήν	21	22	long-τήν	hemi2	diaer6
tlg001:1.293	γε	23	24	long-γε	hemi2
tlg001:1.294	μειλιχίοις	1	6	long-μει-short-λι-short-χί-long-οις	hemi1
tlg001:1.294	ἐπέεσσι	7	11	short-ἐ-short-πέ-long-εσ-short-σι	hemi1
tlg001:1.294	παρηγορέων	12	18	short-παρ-long-η-short-γο-short-ρέ-long-ων	hemi2	caesfem3
tlg001:1.294	προσέειπεν·	19	24	short-προσ-short-έ-long-ει-long-πεν·	hemi2
tlg001:1.295	‘μή	1	2	long-‘μή	hemi1
tlg001:1.295	μοι	3	4	long-μοι	hemi1
tlg001:1.295	λευγαλέᾱς	5	10	long-λευ-short-γα-short-λέ-long-ᾱς	hemi1	diaer2
tlg001:1.295	ἐνιβάλλεο,	11	16	short-ἐ-short-νι-long-βάλ-short-λε-short-ο,	hemi2	caesmasc3
tlg001:1.295	μῆτερ,	17	19	long-μῆ-short-τερ,	hemi2	bucdiaer
tlg001:1.295	ἀνῑ́ᾱς	20	24	short-ἀν-long-ῑ́-long-ᾱς	hemi2
tlg001:1.296	ὧδε	1	3	long-ὧ-short-δε	hemi1
tlg001:1.296	λίην,	4	6	short-λί-long-ην,	hemi1
tlg001:1.296	ἐπεὶ	7	8	short-ἐ-short-πεὶ	hemi1	correption
tlg001:1.296	οὐ	9	10	long-οὐ	hemi1	diaer3
tlg001:1.296	μὲν	11	11	short-μὲν	hemi1
tlg001:1.296	ἐρητῡ́σεις	12	18	short-ἐ-long-ρη-long-τῡ́-long-σεις	hemi2	caesfem3
tlg001:1.296	κακότητος	19	24	short-κα-short-κό-long-τη-long-τος	hemi2
tlg001:1.297	δάκρυσιν,	1	4	long-δάκ-short-ρυ-short-σιν,	hemi1
tlg001:1.297	ἀλλʼ	5	6	long-ἀλλʼ	hemi1	diaer2
tlg001:1.297	ἔτι	7	8	short-ἔ-short-τι	hemi1
tlg001:1.297	κεν	9	10	long-κεν	hemi1
tlg001:1.297	καὶ	11	11	short-καὶ	hemi2	caesmasc3	correption
tlg001:1.297	ἐπʼ	12	12	short-ἐπʼ	hemi2
tlg001:1.297	ἄλγεσιν	13	16	long-ἄλ-short-γε-short-σιν	hemi2	diaer4
tlg001:1.297	ἄλγος	17	19	long-ἄλ-short-γος	hemi2	bucdiaer
tlg001:1.297	ἄροιο.	20	24	short-ἄ-long-ροι-long-ο.	hemi2
tlg001:1.298	πήματα	1	4	long-πή-short-μα-short-τα	hemi1
tlg001:1.298	γάρ	5	6	long-γάρ	hemi1
tlg001:1.298	τʼ	7	7	τʼ	hemi1
tlg001:1.298	ἀίδηλα	7	11	short-ἀ-short-ί-long-δη-short-λα	hemi1
tlg001:1.298	θεοὶ	12	14	short-θε-long-οὶ	hemi2	caesfem3
tlg001:1.298	θνητοῖσι	15	19	long-θνη-long-τοῖ-short-σι	hemi2
tlg001:1.298	νέμουσιν,	20	24	short-νέ-long-μου-long-σιν,	hemi2
tlg001:1.299	τῶν	1	2	long-τῶν	hemi1
tlg001:1.299	μοῖραν	3	6	long-μοῖ-long-ραν	hemi1
tlg001:1.299	κατὰ	7	8	short-κα-short-τὰ	hemi1
tlg001:1.299	θῡμὸν	9	11	long-θῡ-short-μὸν	hemi1	diaer3
tlg001:1.299	ἀνῑάζουσά	12	19	short-ἀν-long-ῑ-long-ά-long-ζου-short-σά	hemi2	caesfem3
tlg001:1.299	περ	20	20	short-περ	hemi2
tlg001:1.299	ἔμπης	21	24	long-ἔμ-long-πης	hemi2	diaer6
tlg001:1.300	τλῆθι	1	3	long-τλῆ-short-θι	hemi1
tlg001:1.300	φέρειν·	4	6	short-φέ-long-ρειν·	hemi1
tlg001:1.300	θάρσει	7	10	long-θάρ-long-σει	hemi1
tlg001:1.300	δὲ	11	11	short-δὲ	hemi1
tlg001:1.300	συνημοσύνῃσιν	12	19	short-συν-long-η-short-μο-short-σύ-long-νῃ-short-σιν	hemi2	caesfem3
tlg001:1.300	Ἀθήνης,	20	24	short-Ἀ-long-θή-long-νης,	hemi2
tlg001:1.301	ἠδὲ	1	3	long-ἠ-short-δὲ	hemi1
tlg001:1.301	θεοπροπίοισιν,	4	11	short-θε-long-ο-short-προ-short-πί-long-οι-short-σιν,	hemi1
tlg001:1.301	ἐπεὶ	12	14	short-ἐ-long-πεὶ	hemi2	caesfem3
tlg001:1.301	μάλα	15	16	short-μά-short-λα	hemi2
tlg001:1.301	δεξιὰ	17	20	long-δε-short-ξι-short-ὰ	hemi2	bucdiaer
tlg001:1.301	Φοῖβος	21	24	long-Φοῖ-long-βος	hemi2	diaer6
tlg001:1.302	ἔχρη,	1	3	long-ἔ-short-χρη,	hemi1	correption
tlg001:1.302	ἀτὰρ	4	6	short-ἀ-long-τὰρ	hemi1
tlg001:1.302	μετέπειτά	7	11	short-μετ-short-έ-long-πει-short-τά	hemi1
tlg001:1.302	γ᾽ἀριστήων	12	18	short-γ᾽ἀ-long-ρισ-long-τή-long-ων	hemi2	caesfem3
tlg001:1.302	ἐπαρωγῇ.	19	24	short-ἐπ-short-α-long-ρω-long-γῇ.	hemi2
tlg001:1.303	ἀλλὰ	1	3	long-ἀλ-short-λὰ	hemi1
tlg001:1.303	σὺ	4	4	short-σὺ	hemi1
tlg001:1.303	μὲν	5	6	long-μὲν	hemi1
tlg001:1.303	νῦν	7	8	long-νῦν	hemi1
tlg001:1.303	αὖθι	9	11	long-αὖ-short-θι	hemi1	diaer3
tlg001:1.303	μετʼ	12	12	short-μετʼ	hemi2	caesfem3
tlg001:1.303	ἀμφιπόλοισιν	13	19	long-ἀμ-short-φι-short-πό-long-λοι-short-σιν	hemi2	diaer4
tlg001:1.303	ἕκηλος	20	24	short-ἕ-long-κη-long-λος	hemi2
tlg001:1.304	μίμνε	1	3	long-μίμ-short-νε	hemi1
tlg001:1.304	δόμοις,	4	6	short-δό-long-μοις,	hemi1
tlg001:1.304	μηδʼ	7	8	long-μηδʼ	hemi1
tlg001:1.304	ὄρνις	9	11	long-ὄρ-short-νις	hemi1	diaer3
tlg001:1.304	ἀεικελίη	12	18	short-ἀ-long-ει-short-κε-short-λί-long-η	hemi2	caesfem3
tlg001:1.304	πέλε	19	20	short-πέ-short-λε	hemi2
tlg001:1.304	νηί·	21	24	long-νη-long-ί·	hemi2	diaer6
tlg001:1.305	κεῖσε	1	3	long-κεῖ-short-σε	hemi1
tlg001:1.305	δʼ	4	4	δʼ	hemi1
tlg001:1.305	ὁμαρτήσουσιν	4	11	short-ὁ-long-μαρ-long-τή-long-σου-short-σιν	hemi1
tlg001:1.305	ἔται	12	14	short-ἔ-long-ται	hemi2	caesfem3
tlg001:1.305	δμῶές	15	18	long-δμῶ-long-ές	hemi2
tlg001:1.305	τε	19	19	short-τε	hemi2
tlg001:1.305	κιόντι.’	20	24	short-κι-long-όν-long-τι.’	hemi2
tlg001:1.306	ἦ,	1	2	long-ἦ,	hemi1
tlg001:1.306	καὶ	3	3	short-καὶ	hemi1	correption
tlg001:1.306	ὁ	4	4	short-ὁ	hemi1
tlg001:1.306	μὲν	5	6	long-μὲν	hemi1
tlg001:1.306	προτέρωσε	7	11	short-προ-short-τέ-long-ρω-short-σε	hemi1
tlg001:1.306	δόμων	12	14	short-δό-long-μων	hemi2	caesfem3
tlg001:1.306	ἐξῶρτο	15	19	long-ἐξ-long-ῶρ-short-το	hemi2
tlg001:1.306	νέεσθαι.	20	24	short-νέ-long-εσ-long-θαι.	hemi2
tlg001:1.307	οἷος	1	4	long-οἷ-long-ος	hemi1
tlg001:1.307	δʼ	5	5	δʼ	hemi1
tlg001:1.307	ἐκ	5	6	long-ἐκ	hemi1	diaer2
tlg001:1.307	νηοῖο	7	11	long-νη-long-οῖ-short-ο	hemi1
tlg001:1.307	θυώδεος	12	16	short-θυ-long-ώ-short-δε-short-ος	hemi2	caesfem3
tlg001:1.307	εἶσιν	17	19	long-εἶ-short-σιν	hemi2	bucdiaer
tlg001:1.307	Ἀπόλλων	20	24	short-Ἀ-long-πόλ-long-λων	hemi2
tlg001:1.308	Δῆλον	1	3	long-Δῆ-short-λον	hemi1
tlg001:1.308	ἀνʼ	4	4	short-ἀνʼ	hemi1
tlg001:1.308	ἠγαθέην,	5	10	long-ἠ-short-γα-short-θέ-long-ην,	hemi1	diaer2
tlg001:1.308	ἠὲ	11	14	long-ἠ-long-ὲ	hemi2	caesmasc3
tlg001:1.308	Κλάρον,	15	16	short-Κλά-short-ρον,	hemi2
tlg001:1.308	ἢ	17	18	long-ἢ	hemi2	bucdiaer	hiatus
tlg001:1.308	ὅγε	19	20	short-ὅ-short-γε	hemi2
tlg001:1.308	Πῡθώ,	21	24	long-Πῡ-long-θώ,	hemi2	diaer6
tlg001:1.309	ἢ	1	2	long-ἢ	hemi1
tlg001:1.309	Λυκίην	3	6	short-Λυ-short-κί-long-ην	hemi1
tlg001:1.309	εὐρεῖαν,	7	11	long-εὐ-long-ρεῖ-short-αν,	hemi1
tlg001:1.309	ἐπὶ	12	14	short-ἐ-long-πὶ	hemi2	caesfem3
tlg001:1.309	Ξάνθοιο	15	19	long-Ξάν-long-θοι-short-ο	hemi2
tlg001:1.309	ῥοῇσιν,	20	24	short-ῥο-long-ῇ-long-σιν,	hemi2
tlg001:1.310	τοῖος	1	3	long-τοῖ-short-ος	hemi1
tlg001:1.310	ἀνὰ	4	6	short-ἀ-long-νὰ	hemi1
tlg001:1.310	πληθῡ̀ν	7	10	long-πλη-long-θῡ̀ν	hemi1
tlg001:1.310	δήμου	11	14	long-δή-long-μου	hemi2	caesmasc3
tlg001:1.310	κίεν·	15	16	short-κί-short-εν·	hemi2
tlg001:1.310	ὦρτο	17	19	long-ὦρ-short-το	hemi2	bucdiaer
tlg001:1.310	δʼ	20	20	δʼ	hemi2
tlg001:1.310	ἀῡτὴ	20	24	short-ἀ-long-ῡ-long-τὴ	hemi2
tlg001:1.311	κεκλομένων	1	6	long-κε-short-κλο-short-μέ-long-νων	hemi1
tlg001:1.311	ἄμυδις.	7	10	short-ἄ-short-μυ-long-δις.	hemi1
tlg001:1.311	τῷ	11	12	long-τῷ	hemi2	caesmasc3
tlg001:1.311	δὲ	13	14	long-δὲ	hemi2
tlg001:1.311	ξύμβλητο	15	19	long-ξύμ-long-βλη-short-το	hemi2
tlg001:1.311	γεραιὴ	20	24	short-γε-long-ραι-long-ὴ	hemi2
tlg001:1.312	Ἰ̄φιὰς	1	4	long-Ἰ̄-short-φι-short-ὰς	hemi1
tlg001:1.312	Ἀρτέμιδος	5	10	long-Ἀρ-short-τέ-short-μι-long-δος	hemi1	diaer2
tlg001:1.312	πολιηόχου	11	16	short-πο-short-λι-long-η-short-ό-short-χου	hemi2	caesmasc3	correption
tlg001:1.312	ἀ̄ρήτειρα,	17	24	long-ἀ̄-long-ρή-long-τει-long-ρα,	hemi2	bucdiaer
tlg001:1.313	καί	1	2	long-καί	hemi1
tlg001:1.313	μιν	3	4	long-μιν	hemi1
tlg001:1.313	δεξιτερῆς	5	10	long-δε-short-ξι-short-τε-long-ρῆς	hemi1	diaer2
tlg001:1.313	χειρὸς	11	14	long-χει-long-ρὸς	hemi2	caesmasc3
tlg001:1.313	κύσεν,	15	16	short-κύ-short-σεν,	hemi2
tlg001:1.313	οὐδέ	17	19	long-οὐ-short-δέ	hemi2	bucdiaer
tlg001:1.313	τι	20	20	short-τι	hemi2
tlg001:1.313	φάσθαι	21	24	long-φάσ-long-θαι	hemi2	diaer6
tlg001:1.314	ἔμπης	1	4	long-ἔμ-long-πης	hemi1
tlg001:1.314	ἱ̄εμένη	5	10	long-ἱ̄-short-ε-short-μέ-long-νη	hemi1	diaer2
tlg001:1.314	δύνατο,	11	14	short-δύ-short-να-long-το,	hemi2	caesmasc3
tlg001:1.314	προθέοντος	15	19	short-προ-short-θέ-long-ον-short-τος	hemi2
tlg001:1.314	ὁμῑ́λου·	20	24	short-ὁ-long-μῑ́-long-λου·	hemi2
tlg001:1.315	ἀλλʼ	1	2	long-ἀλλʼ	hemi1
tlg001:1.315	ἡ	3	4	long-ἡ	hemi1
tlg001:1.315	μὲν	5	6	long-μὲν	hemi1
tlg001:1.315	λίπετʼ	7	8	short-λί-short-πετʼ	hemi1
tlg001:1.315	αὖθι	9	11	long-αὖ-short-θι	hemi1	diaer3
tlg001:1.315	παρακλιδόν,	12	16	short-πα-long-ρα-short-κλι-short-δόν,	hemi2	caesfem3
tlg001:1.315	οἷα	17	19	long-οἷ-short-α	hemi2	bucdiaer
tlg001:1.315	γεραιὴ	20	24	short-γε-long-ραι-long-ὴ	hemi2
tlg001:1.316	ὁπλοτέρων,	1	6	long-ὁπ-short-λο-short-τέ-long-ρων,	hemi1
tlg001:1.316	ὁ	7	7	short-ὁ	hemi1
tlg001:1.316	δὲ	8	8	short-δὲ	hemi1
tlg001:1.316	πολλὸν	9	11	long-πολ-short-λὸν	hemi1	diaer3
tlg001:1.316	ἀποπλαγχθεὶς	12	18	short-ἀ-long-πο-long-πλαγχ-long-θεὶς	hemi2	caesfem3
tlg001:1.316	ἐλιάσθη.	19	24	short-ἐ-short-λι-long-άσ-long-θη.	hemi2
tlg001:1.317	αὐτὰρ	1	3	long-αὐ-short-τὰρ	hemi1
tlg001:1.317	ἐπεί	4	6	short-ἐ-long-πεί	hemi1
tlg001:1.317	ῥα	7	7	short-ῥα	hemi1
tlg001:1.317	πόληος	8	11	short-πό-long-λη-short-ος	hemi1
tlg001:1.317	ἐυδμήτους	12	18	short-ἐ-long-υ-long-δμή-long-τους	hemi2	caesfem3
tlg001:1.317	λίπʼ	19	19	short-λίπʼ	hemi2
tlg001:1.317	ἀγυιᾱ́ς,	20	24	short-ἀ-long-γυι-long-ᾱ́ς,	hemi2
tlg001:1.318	ἀκτὴν	1	4	long-ἀκ-long-τὴν	hemi1
tlg001:1.318	δʼ	5	5	δʼ	hemi1
tlg001:1.318	ἵ̄κᾱνεν	5	10	long-ἵ̄-long-κᾱ-long-νεν	hemi1	diaer2
tlg001:1.318	Παγασηίδα,	11	16	short-Πα-short-γα-long-ση-short-ί-short-δα,	hemi2	caesmasc3
tlg001:1.318	τῇ	17	18	long-τῇ	hemi2	bucdiaer
tlg001:1.318	μιν	19	19	short-μιν	hemi2
tlg001:1.318	ἑταῖροι	20	24	short-ἑ-long-ταῖ-long-ροι	hemi2
tlg001:1.319	δειδέχατʼ,	1	4	long-δει-short-δέ-short-χατʼ,	hemi1
tlg001:1.319	Ἀργῴῃ	5	10	long-Ἀρ-long-γῴ-long-ῃ	hemi1	diaer2	hiatus
tlg001:1.319	ἄμυδις	11	14	short-ἄ-short-μυ-long-δις	hemi2	caesmasc3
tlg001:1.319	παρὰ	15	16	short-πα-short-ρὰ	hemi2
tlg001:1.319	νηὶ	17	19	long-νη-short-ὶ	hemi2	bucdiaer
tlg001:1.319	μένοντες.	20	24	short-μέ-long-νον-long-τες.	hemi2
tlg001:1.320	στῆ	1	2	long-στῆ	hemi1
tlg001:1.320	δʼ	3	3	δʼ	hemi1
tlg001:1.320	ἄρʼ	3	3	short-ἄρʼ	hemi1
tlg001:1.320	ἐπὶ	4	6	short-ἐ-long-πὶ	hemi1
tlg001:1.320	προμολῇς·	7	10	short-προ-short-μο-long-λῇς·	hemi1
tlg001:1.320	οἱ	11	12	long-οἱ	hemi2	caesmasc3
tlg001:1.320	δʼ	13	13	δʼ	hemi2
tlg001:1.320	ἀντίοι	13	16	long-ἀν-short-τί-short-οι	hemi2	diaer4	correption
tlg001:1.320	ἠγερέθοντο.	17	24	long-ἠ-short-γε-short-ρέ-long-θον-long-το.	hemi2	bucdiaer
tlg001:1.321	ἐς	1	2	long-ἐς	hemi1
tlg001:1.321	δʼ	3	3	δʼ	hemi1
tlg001:1.321	ἐνόησαν	3	7	short-ἐ-short-νό-long-η-short-σαν	hemi1
tlg001:1.321	Ἄκαστον	8	11	short-Ἄ-long-κασ-short-τον	hemi1
tlg001:1.321	ὁμῶς	12	14	short-ὁ-long-μῶς	hemi2	caesfem3
tlg001:1.321	Ἄργον	15	18	long-Ἄρ-long-γον	hemi2
tlg001:1.321	τε	19	19	short-τε	hemi2
tlg001:1.321	πόληος	20	24	short-πό-long-λη-long-ος	hemi2
tlg001:1.322	νόσφι	1	3	long-νόσ-short-φι	hemi1
tlg001:1.322	καταβλώσκοντας,	4	11	short-κα-long-τα-long-βλώσ-long-κον-short-τας,	hemi1
tlg001:1.322	ἐθάμβησαν	12	18	short-ἐ-long-θάμ-long-βη-long-σαν	hemi2	caesfem3
tlg001:1.322	δʼ	19	19	δʼ	hemi2
tlg001:1.322	ἐσιδόντες	19	24	short-ἐσ-short-ι-long-δόν-long-τες	hemi2
tlg001:1.323	πασσυδίῃ	1	6	long-πασ-short-συ-short-δί-long-ῃ	hemi1
tlg001:1.323	Πελίᾱο	7	11	short-Πε-short-λί-long-ᾱ-short-ο	hemi1
tlg001:1.323	παρὲκ	12	14	short-παρ-long-ὲκ	hemi2	caesfem3
tlg001:1.323	νόον	15	16	short-νό-short-ον	hemi2
tlg001:1.323	ἰ̄θῡ́οντας.	17	24	long-ἰ̄-long-θῡ́-long-ον-long-τας.	hemi2	bucdiaer
tlg001:1.324	δέρμα	1	3	long-δέρ-short-μα	hemi1
tlg001:1.324	δʼ	4	4	δʼ	hemi1
tlg001:1.324	ὁ	4	4	short-ὁ	hemi1
tlg001:1.324	μὲν	5	6	long-μὲν	hemi1
tlg001:1.324	ταύροιο	7	11	long-ταύ-long-ροι-short-ο	hemi1
tlg001:1.324	ποδηνεκὲς	12	16	short-πο-long-δη-short-νε-short-κὲς	hemi2	caesfem3
tlg001:1.324	ἀμφέχετʼ	17	20	long-ἀμφ-short-έ-short-χετʼ	hemi2	bucdiaer
tlg001:1.324	ὤμους	21	24	long-ὤ-long-μους	hemi2	diaer6
tlg001:1.325	Ἄργος	1	3	long-Ἄρ-short-γος	hemi1
tlg001:1.325	Ἀρεστορίδης	4	10	short-Ἀ-long-ρεσ-short-το-short-ρί-long-δης	hemi1
tlg001:1.325	λάχνῃ	11	14	long-λάχ-long-νῃ	hemi2	caesmasc3
tlg001:1.325	μέλαν·	15	16	short-μέ-short-λαν·	hemi2
tlg001:1.325	αὐτὰρ	17	19	long-αὐ-short-τὰρ	hemi2	bucdiaer
tlg001:1.325	ὁ	20	20	short-ὁ	hemi2
tlg001:1.325	κᾱλὴν	21	24	long-κᾱ-long-λὴν	hemi2	diaer6
tlg001:1.326	δίπλακα,	1	4	long-δί-short-πλα-short-κα,	hemi1
tlg001:1.326	τήν	5	6	long-τήν	hemi1	diaer2
tlg001:1.326	οἱ	7	7	short-οἱ	hemi1	correption
tlg001:1.326	ὄπασσε	8	11	short-ὄ-long-πασ-short-σε	hemi1
tlg001:1.326	κασιγνήτη	12	18	short-κα-long-σι-long-γνή-long-τη	hemi2	caesfem3
tlg001:1.326	Πελόπεια.	19	24	short-Πε-short-λό-long-πει-long-α.	hemi2
tlg001:1.327	ἀλλʼ	1	2	long-ἀλλʼ	hemi1
tlg001:1.327	ἔμπης	3	6	long-ἔμ-long-πης	hemi1
tlg001:1.327	τὼ	7	8	long-τὼ	hemi1
tlg001:1.327	μέν	9	10	long-μέν	hemi1
tlg001:1.327	τε	11	11	short-τε	hemi1
tlg001:1.327	διεξερέεσθαι	12	19	short-δι-long-ε-short-ξε-short-ρέ-long-εσ-short-θαι	hemi2	caesfem3	correption
tlg001:1.327	ἕκαστα	20	24	short-ἕ-long-κασ-long-τα	hemi2
tlg001:1.328	ἔσχετο·	1	4	long-ἔσ-short-χε-short-το·	hemi1
tlg001:1.328	τοὺς	5	6	long-τοὺς	hemi1	diaer2
tlg001:1.328	δʼ	7	7	δʼ	hemi1
tlg001:1.328	ἀγορήνδε	7	11	short-ἀ-short-γο-long-ρήν-short-δε	hemi1
tlg001:1.328	συνεδριάασθαι	12	19	short-συν-long-εδ-short-ρι-short-ά-long-ασ-short-θαι	hemi2	caesfem3	correption
tlg001:1.328	ἄνωγεν.	20	24	short-ἄ-long-νω-long-γεν.	hemi2
tlg001:1.329	αὐτοῦ	1	4	long-αὐ-long-τοῦ	hemi1
tlg001:1.329	δʼ	5	5	δʼ	hemi1
tlg001:1.329	ἰλλομένοις	5	10	long-ἰλ-short-λο-short-μέ-long-νοις	hemi1	diaer2
tlg001:1.329	ἐπὶ	11	12	short-ἐ-short-πὶ	hemi2	caesmasc3
tlg001:1.329	λαίφεσιν,	13	16	long-λαί-short-φε-short-σιν,	hemi2	diaer4
tlg001:1.329	ἠδὲ	17	19	long-ἠ-short-δὲ	hemi2	bucdiaer
tlg001:1.329	καὶ	20	20	short-καὶ	hemi2	correption
tlg001:1.329	ἱστῷ	21	24	long-ἱσ-long-τῷ	hemi2
tlg001:1.330	κεκλιμένῳ	1	6	long-κε-short-κλι-short-μέ-long-νῳ	hemi1
tlg001:1.330	μάλα	7	8	short-μά-short-λα	hemi1
tlg001:1.330	πάντες	9	11	long-πάν-short-τες	hemi1	diaer3
tlg001:1.330	ἐπισχερὼ	12	16	short-ἐ-long-πι-short-σχε-short-ρὼ	hemi2	caesfem3	correption
tlg001:1.330	ἑδριόωντο.	17	24	long-ἑδ-short-ρι-short-ό-long-ων-long-το.	hemi2	bucdiaer
tlg001:1.331	τοῖσιν	1	4	long-τοῖ-long-σιν	hemi1
tlg001:1.331	δʼ	5	5	δʼ	hemi1
tlg001:1.331	Αἴσονος	5	8	long-Αἴ-short-σο-short-νος	hemi1	diaer2
tlg001:1.331	υἱὸς	9	11	long-υἱ-short-ὸς	hemi1	diaer3
tlg001:1.331	ἐυφρονέων	12	18	short-ἐ-long-υ-short-φρο-short-νέ-long-ων	hemi2	caesfem3
tlg001:1.331	μετέειπεν·	19	24	short-μετ-short-έ-long-ει-long-πεν·	hemi2
tlg001:1.332	‘ἄλλα	1	3	long-‘ἄλ-short-λα	hemi1
tlg001:1.332	μὲν	4	4	short-μὲν	hemi1
tlg001:1.332	ὅσσα	5	7	long-ὅσ-short-σα	hemi1	diaer2
tlg001:1.332	τε	8	8	short-τε	hemi1
tlg001:1.332	νηὶ	9	11	long-νη-short-ὶ	hemi1	diaer3	hiatus
tlg001:1.332	ἐφοπλίσσασθαι	12	19	short-ἐφ-long-οπ-long-λίσ-long-σασ-short-θαι	hemi2	caesfem3	correption
tlg001:1.332	ἔοικεν	20	24	short-ἔ-long-οι-long-κεν	hemi2
tlg001:1.333	πάντα	1	3	long-πάν-short-τα	hemi1
tlg001:1.333	γὰρ	4	4	short-γὰρ	hemi1
tlg001:1.333	εὖ	5	6	long-εὖ	hemi1	diaer2
tlg001:1.333	κατὰ	7	8	short-κα-short-τὰ	hemi1
tlg001:1.333	κόσμον	9	11	long-κόσ-short-μον	hemi1	diaer3
tlg001:1.333	ἐπαρτέα	12	16	short-ἐπ-long-αρ-short-τέ-short-α	hemi2	caesfem3
tlg001:1.333	κεῖται	17	19	long-κεῖ-short-ται	hemi2	bucdiaer	correption
tlg001:1.333	ἰοῦσιν.	20	24	short-ἰ-long-οῦ-long-σιν.	hemi2
tlg001:1.334	τῶ	1	2	long-τῶ	hemi1	hiatus
tlg001:1.334	οὐκ	3	4	long-οὐκ	hemi1
tlg001:1.334	ἂν	5	6	long-ἂν	hemi1
tlg001:1.334	δηναιὸν	7	11	long-δη-long-ναι-short-ὸν	hemi1
tlg001:1.334	ἐχοίμεθα	12	16	short-ἐ-long-χοί-short-με-short-θα	hemi2	caesfem3
tlg001:1.334	τοῖο	17	19	long-τοῖ-short-ο	hemi2	bucdiaer	hiatus
tlg001:1.334	ἕκητι	20	24	short-ἕ-long-κη-long-τι	hemi2
tlg001:1.335	ναυτιλίης,	1	6	long-ναυ-short-τι-short-λί-long-ης,	hemi1
tlg001:1.335	ὅτε	7	8	short-ὅ-short-τε	hemi1
tlg001:1.335	μοῦνον	9	11	long-μοῦ-short-νον	hemi1	diaer3
tlg001:1.335	ἐπιπνεύσουσιν	12	19	short-ἐ-long-πι-long-πνεύ-long-σου-short-σιν	hemi2	caesfem3
tlg001:1.335	ἀῆται.	20	24	short-ἀ-long-ῆ-long-ται.	hemi2
tlg001:1.336	ἀλλά,	1	3	long-ἀλ-short-λά,	hemi1
tlg001:1.336	φίλοι,	4	6	short-φί-long-λοι,	hemi1
tlg001:1.336	ξῡνὸς	7	10	long-ξῡ-long-νὸς	hemi1
tlg001:1.336	γὰρ	11	11	short-γὰρ	hemi1
tlg001:1.336	ἐς	12	12	short-ἐς	hemi2	caesfem3
tlg001:1.336	Ἑλλάδα	13	16	long-Ἑλ-short-λά-short-δα	hemi2	diaer4
tlg001:1.336	νόστος	17	19	long-νόσ-short-τος	hemi2	bucdiaer
tlg001:1.336	ὀπίσσω,	20	24	short-ὀ-long-πίσ-long-σω,	hemi2
tlg001:1.337	ξῡναὶ	1	4	long-ξῡ-long-ναὶ	hemi1
tlg001:1.337	δʼ	5	5	δʼ	hemi1
tlg001:1.337	ἄμμι	5	7	long-ἄμ-short-μι	hemi1	diaer2
tlg001:1.337	πέλονται	8	11	short-πέ-long-λον-short-ται	hemi1	correption
tlg001:1.337	ἐς	12	12	short-ἐς	hemi2	caesfem3
tlg001:1.337	Αἰήτᾱο	13	19	long-Αἰ-long-ή-long-τᾱ-short-ο	hemi2	diaer4
tlg001:1.337	κέλευθοι	20	24	short-κέ-long-λευ-long-θοι	hemi2
tlg001:1.338	τούνεκα	1	4	long-τού-short-νε-short-κα	hemi1
tlg001:1.338	νῦν	5	6	long-νῦν	hemi1	diaer2
tlg001:1.338	τὸν	7	7	short-τὸν	hemi1
tlg001:1.338	ἄριστον	8	11	short-ἄ-long-ρισ-short-τον	hemi1
tlg001:1.338	ἀφειδήσαντες	12	19	short-ἀ-long-φει-long-δή-long-σαν-short-τες	hemi2	caesfem3
tlg001:1.338	ἕλεσθε	20	24	short-ἕ-long-λεσ-long-θε	hemi2
tlg001:1.339	ὄρχαμον	1	4	long-ὄρ-short-χα-short-μον	hemi1
tlg001:1.339	ἡμείων,	5	10	long-ἡ-long-μεί-long-ων,	hemi1	diaer2
tlg001:1.339	ᾧ	11	12	long-ᾧ	hemi2	caesmasc3
tlg001:1.339	κεν	13	14	long-κεν	hemi2
tlg001:1.339	τὰ	15	15	short-τὰ	hemi2	hiatus
tlg001:1.339	ἕκαστα	16	19	short-ἕ-long-κασ-short-τα	hemi2	caesfem4
tlg001:1.339	μέλοιτο,	20	24	short-μέ-long-λοι-long-το,	hemi2
tlg001:1.340	νείκεα	1	4	long-νεί-short-κε-short-α	hemi1
tlg001:1.340	συνθεσίᾱς	5	10	long-συν-short-θε-short-σί-long-ᾱς	hemi1	diaer2
tlg001:1.340	τε	11	11	short-τε	hemi1
tlg001:1.340	μετὰ	12	14	short-με-long-τὰ	hemi2	caesfem3
tlg001:1.340	ξείνοισι	15	19	long-ξεί-long-νοι-short-σι	hemi2
tlg001:1.340	βαλέσθαι.’	20	24	short-βα-long-λέσ-long-θαι.’	hemi2
tlg001:1.341	ὧς	1	2	long-ὧς	hemi1
tlg001:1.341	φάτο·	3	4	short-φά-short-το·	hemi1
tlg001:1.341	πάπτηναν	5	10	long-πάπ-long-τη-long-ναν	hemi1	diaer2
tlg001:1.341	δὲ	11	11	short-δὲ	hemi1
tlg001:1.341	νέοι	12	14	short-νέ-long-οι	hemi2	caesfem3
tlg001:1.341	θρασὺν	15	16	short-θρα-short-σὺν	hemi2
tlg001:1.341	Ἡρακλῆα	17	24	long-Ἡ-long-ρα-long-κλῆ-long-α	hemi2	bucdiaer
tlg001:1.342	ἥμενον	1	4	long-ἥ-short-με-short-νον	hemi1
tlg001:1.342	ἐν	5	6	long-ἐν	hemi1	diaer2
tlg001:1.342	μέσσοισι·	7	11	long-μέσ-long-σοι-short-σι·	hemi1
tlg001:1.342	μιῇ	12	14	short-μι-long-ῇ	hemi2	caesfem3
tlg001:1.342	δέ	15	15	short-δέ	hemi2	hiatus
tlg001:1.342	ἑ	16	16	short-ἑ	hemi2
tlg001:1.342	πάντες	17	19	long-πάν-short-τες	hemi2	bucdiaer
tlg001:1.342	ἀῡτῇ	20	24	short-ἀ-long-ῡ-long-τῇ	hemi2
tlg001:1.343	σημαίνειν	1	6	long-ση-long-μαί-long-νειν	hemi1
tlg001:1.343	ἐπέτελλον·	7	11	short-ἐπ-short-έ-long-τελ-short-λον·	hemi1
tlg001:1.343	ὁ	12	12	short-ὁ	hemi2	caesfem3
tlg001:1.343	δʼ	13	13	δʼ	hemi2
tlg001:1.343	αὐτόθεν,	13	16	long-αὐ-short-τό-short-θεν,	hemi2	diaer4
tlg001:1.343	ἔνθα	17	19	long-ἔν-short-θα	hemi2	bucdiaer
tlg001:1.343	περ	20	20	short-περ	hemi2
tlg001:1.343	ἧστο,	21	24	long-ἧσ-long-το,	hemi2	diaer6
tlg001:1.344	δεξιτερὴν	1	6	long-δε-short-ξι-short-τε-long-ρὴν	hemi1
tlg001:1.344	ἀνὰ	7	8	short-ἀ-short-νὰ	hemi1
tlg001:1.344	χεῖρα	9	11	long-χεῖ-short-ρα	hemi1	diaer3
tlg001:1.344	τανύσσατο	12	16	short-τα-long-νύσ-short-σα-short-το	hemi2	caesfem3
tlg001:1.344	φώνησέν	17	22	long-φώ-long-νη-long-σέν	hemi2	bucdiaer
tlg001:1.344	τε·	23	24	long-τε·	hemi2
tlg001:1.345	‘μήτις	1	3	long-‘μή-short-τις	hemi1
tlg001:1.345	ἐμοὶ	4	6	short-ἐ-long-μοὶ	hemi1
tlg001:1.345	τόδε	7	8	short-τό-short-δε	hemi1
tlg001:1.345	κῦδος	9	11	long-κῦ-short-δος	hemi1	diaer3
tlg001:1.345	ὀπαζέτω.	12	16	short-ὀ-long-πα-short-ζέ-short-τω.	hemi2	caesfem3	correption
tlg001:1.345	οὐ	17	18	long-οὐ	hemi2	bucdiaer
tlg001:1.345	γὰρ	19	19	short-γὰρ	hemi2
tlg001:1.345	ἔγωγε	20	24	short-ἔ-long-γω-long-γε	hemi2
tlg001:1.346	πείσομαι·	1	4	long-πεί-short-σο-short-μαι·	hemi1
tlg001:1.346	ὥστε	5	7	long-ὥσ-short-τε	hemi1	diaer2
tlg001:1.346	καὶ	8	8	short-καὶ	hemi1	correption
tlg001:1.346	ἄλλον	9	11	long-ἄλ-short-λον	hemi1
tlg001:1.346	ἀναστήσεσθαι	12	19	short-ἀ-long-να-long-στή-long-σεσ-short-θαι	hemi2	caesfem3	correption
tlg001:1.346	ἐρύξω.	20	24	short-ἐ-long-ρύ-long-ξω.	hemi2
tlg001:1.347	αὐτός,	1	3	long-αὐ-short-τός,	hemi1
tlg001:1.347	ὅτις	4	6	short-ὅ-long-τις	hemi1
tlg001:1.347	ξυνάγειρε,	7	11	short-ξυ-short-νά-long-γει-short-ρε,	hemi1
tlg001:1.347	καὶ	12	12	short-καὶ	hemi2	caesfem3	correption
tlg001:1.347	ἀρχεύοι	13	18	long-ἀρ-long-χεύ-long-οι	hemi2	hiatus
tlg001:1.347	ὁμάδοιο.’	19	24	short-ὁ-short-μά-long-δοι-long-ο.’	hemi2
tlg001:1.348	ἦ	1	2	long-ἦ	hemi1
tlg001:1.348	ῥα	3	3	short-ῥα	hemi1
tlg001:1.348	μέγα	4	6	short-μέ-long-γα	hemi1
tlg001:1.348	φρονέων,	7	10	short-φρο-short-νέ-long-ων,	hemi1
tlg001:1.348	ἐπὶ	11	12	short-ἐ-short-πὶ	hemi2	caesmasc3
tlg001:1.348	δʼ	13	13	δʼ	hemi2
tlg001:1.348	ᾔνεον,	13	16	long-ᾔ-short-νε-short-ον,	hemi2	diaer4
tlg001:1.348	ὡς	17	18	long-ὡς	hemi2	bucdiaer
tlg001:1.348	ἐκέλευεν	19	24	short-ἐ-short-κέ-long-λευ-long-εν	hemi2
tlg001:1.349	Ἡρακλέης·	1	6	long-Ἡ-short-ρα-short-κλέ-long-ης·	hemi1
tlg001:1.349	ἀνὰ	7	8	short-ἀ-short-νὰ	hemi1
tlg001:1.349	δʼ	9	9	δʼ	hemi1
tlg001:1.349	αὐτὸς	9	11	long-αὐ-short-τὸς	hemi1	diaer3
tlg001:1.349	ἀρήιος	12	16	short-ἀ-long-ρή-short-ι-short-ος	hemi2	caesfem3
tlg001:1.349	ὤρνυτʼ	17	19	long-ὤρ-short-νυτʼ	hemi2	bucdiaer
tlg001:1.349	Ἰήσων	20	24	short-Ἰ-long-ή-long-σων	hemi2
tlg001:1.350	γηθόσυνος,	1	6	long-γη-short-θό-short-συ-long-νος,	hemi1
tlg001:1.350	καὶ	7	8	long-καὶ	hemi1
tlg001:1.350	τοῖα	9	11	long-τοῖ-short-α	hemi1
tlg001:1.350	λιλαιομένοις	12	18	short-λι-long-λαι-short-ο-short-μέ-long-νοις	hemi2	caesfem3
tlg001:1.350	ἀγόρευεν·	19	24	short-ἀ-short-γό-long-ρευ-long-εν·	hemi2
tlg001:1.351	‘εἰ	1	2	long-‘εἰ	hemi1
tlg001:1.351	μὲν	3	4	long-μὲν	hemi1
tlg001:1.351	δή	5	6	long-δή	hemi1	diaer2
tlg001:1.351	μοι	7	8	long-μοι	hemi1
tlg001:1.351	κῦδος	9	11	long-κῦ-short-δος	hemi1	diaer3
tlg001:1.351	ἐπιτρωπᾶτε	12	19	short-ἐ-long-πι-long-τρω-long-πᾶ-short-τε	hemi2	caesfem3
tlg001:1.351	μέλεσθαι,	20	24	short-μέ-long-λεσ-long-θαι,	hemi2
tlg001:1.352	μηκέτʼ	1	3	long-μη-short-κέτʼ	hemi1
tlg001:1.352	ἔπειθʼ,	4	6	short-ἔ-long-πειθʼ,	hemi1
tlg001:1.352	ὡς	7	8	long-ὡς	hemi1
tlg001:1.352	καὶ	9	10	long-καὶ	hemi1	diaer3
tlg001:1.352	πρίν,	11	11	short-πρίν,	hemi1
tlg001:1.352	ἐρητῡ́οιτο	12	19	short-ἐ-long-ρη-long-τῡ́-long-οι-short-το	hemi2	caesfem3
tlg001:1.352	κέλευθα.	20	24	short-κέ-long-λευ-long-θα.	hemi2
tlg001:1.353	νῦν	1	2	long-νῦν	hemi1
tlg001:1.353	γε	3	3	short-γε	hemi1
tlg001:1.353	μὲν	4	4	short-μὲν	hemi1
tlg001:1.353	ἤδη	5	8	long-ἤ-long-δη	hemi1	diaer2
tlg001:1.353	Φοῖβον	9	11	long-Φοῖ-short-βον	hemi1	diaer3
tlg001:1.353	ἀρεσσάμενοι	12	18	short-ἀ-long-ρεσ-short-σά-short-με-long-νοι	hemi2	caesfem3
tlg001:1.353	θυέεσσιν	19	24	short-θυ-short-έ-long-εσ-long-σιν	hemi2
tlg001:1.354	δαῖτʼ	1	2	long-δαῖτʼ	hemi1
tlg001:1.354	ἐντῡνώμεσθα	3	11	long-ἐν-long-τῡ-long-νώ-long-μεσ-short-θα	hemi1
tlg001:1.354	παρασχεδόν.	12	16	short-πα-long-ρα-short-σχε-short-δόν.	hemi2	caesfem3
tlg001:1.354	ὄφρα	17	19	long-ὄφ-short-ρα	hemi2	bucdiaer
tlg001:1.354	δʼ	20	20	δʼ	hemi2
tlg001:1.354	ἴωσιν	20	24	short-ἴ-long-ω-long-σιν	hemi2
tlg001:1.355	δμῶες	1	3	long-δμῶ-short-ες	hemi1
tlg001:1.355	ἐμοὶ	4	6	short-ἐ-long-μοὶ	hemi1
tlg001:1.355	σταθμῶν	7	10	long-σταθ-long-μῶν	hemi1
tlg001:1.355	σημάντορες,	11	16	long-ση-long-μάν-short-το-short-ρες,	hemi2	caesmasc3
tlg001:1.355	οἷσι	17	19	long-οἷ-short-σι	hemi2	bucdiaer
tlg001:1.355	μέμηλεν	20	24	short-μέ-long-μη-long-λεν	hemi2
tlg001:1.356	δεῦρο	1	3	long-δεῦ-short-ρο	hemi1
tlg001:1.356	βόας	4	6	short-βό-long-ας	hemi1
tlg001:1.356	ἀγέληθεν	7	11	short-ἀ-short-γέ-long-λη-short-θεν	hemi1
tlg001:1.356	ἐὺ	12	14	short-ἐ-long-ὺ	hemi2	caesfem3
tlg001:1.356	κρῑ́ναντας	15	19	long-κρῑ́-long-ναν-short-τας	hemi2
tlg001:1.356	ἐλάσσαι,	20	24	short-ἐ-long-λάσ-long-σαι,	hemi2
tlg001:1.357	τόφρα	1	3	long-τόφ-short-ρα	hemi1
tlg001:1.357	κε	4	4	short-κε	hemi1
tlg001:1.357	νῆʼ	5	6	long-νῆʼ	hemi1	diaer2
tlg001:1.357	ἐρύσαιμεν	7	11	short-ἐ-short-ρύ-long-σαι-short-μεν	hemi1
tlg001:1.357	ἔσω	12	14	short-ἔ-long-σω	hemi2	caesfem3	hiatus
tlg001:1.357	ἁλός,	15	16	short-ἁ-short-λός,	hemi2
tlg001:1.357	ὅπλα	17	19	long-ὅπ-short-λα	hemi2	bucdiaer
tlg001:1.357	δὲ	20	20	short-δὲ	hemi2
tlg001:1.357	πάντα	21	24	long-πάν-long-τα	hemi2	diaer6
tlg001:1.358	ἐνθέμενοι	1	6	long-ἐν-short-θέ-short-με-long-νοι	hemi1
tlg001:1.358	πεπάλαχθε	7	11	short-πε-short-πά-long-λαχ-short-θε	hemi1
tlg001:1.358	κατὰ	12	14	short-κα-long-τὰ	hemi2	caesfem3
tlg001:1.358	κληῖδας	15	19	long-κλη-long-ῖ-short-δας	hemi2
tlg001:1.358	ἐρετμά.	20	24	short-ἐ-long-ρετ-long-μά.	hemi2
tlg001:1.359	τείως	1	4	long-τεί-long-ως	hemi1
tlg001:1.359	δʼ	5	5	δʼ	hemi1
tlg001:1.359	αὖ	5	6	long-αὖ	hemi1	diaer2
tlg001:1.359	καὶ	7	8	long-καὶ	hemi1
tlg001:1.359	βωμὸν	9	11	long-βω-short-μὸν	hemi1
tlg001:1.359	ἐπάκτιον	12	16	short-ἐπ-long-άκ-short-τι-short-ον	hemi2	caesfem3
tlg001:1.359	Ἐμβασίοιο	17	24	long-Ἐμ-short-βα-short-σί-long-οι-long-ο	hemi2	bucdiaer
tlg001:1.360	θείομεν	1	4	long-θεί-short-ο-short-μεν	hemi1
tlg001:1.360	Ἀ̄πόλλωνος,	5	11	long-Ἀ̄-long-πόλ-long-λω-short-νος,	hemi1	diaer2
tlg001:1.360	ὅ	12	12	short-ὅ	hemi2	caesfem3
tlg001:1.360	μοι	13	14	long-μοι	hemi2
tlg001:1.360	χρείων	15	18	long-χρεί-long-ων	hemi2
tlg001:1.360	ὑπέδεκτο	19	24	short-ὑπ-short-έ-long-δεκ-long-το	hemi2
tlg001:1.361	σημανέειν	1	6	long-ση-short-μα-short-νέ-long-ειν	hemi1
tlg001:1.361	δείξειν	7	10	long-δεί-long-ξειν	hemi1
tlg001:1.361	τε	11	11	short-τε	hemi1
tlg001:1.361	πόρους	12	14	short-πό-long-ρους	hemi2	caesfem3
tlg001:1.361	ἁλός,	15	16	short-ἁ-short-λός,	hemi2
tlg001:1.361	εἴ	17	18	long-εἴ	hemi2	bucdiaer
tlg001:1.361	κε	19	19	short-κε	hemi2
tlg001:1.361	θυηλαῖς	20	24	short-θυ-long-η-long-λαῖς	hemi2
tlg001:1.362	οὗ	1	2	long-οὗ	hemi1	hiatus
tlg001:1.362	ἕθεν	3	4	short-ἕ-short-θεν	hemi1
tlg001:1.362	ἐξάρχωμαι	5	11	long-ἐξ-long-άρ-long-χω-short-μαι	hemi1	diaer2	correption
tlg001:1.362	ἀεθλεύων	12	18	short-ἀ-long-εθ-long-λεύ-long-ων	hemi2	caesfem3
tlg001:1.362	βασιλῆι.’	19	24	short-βα-short-σι-long-λῆ-long-ι.’	hemi2
tlg001:1.363	Ἦ	1	2	long-Ἦ	hemi1
tlg001:1.363	ῥα,	3	3	short-ῥα,	hemi1
tlg001:1.363	καὶ	4	4	short-καὶ	hemi1	correption
tlg001:1.363	εἰς	5	6	long-εἰς	hemi1
tlg001:1.363	ἔργον	7	10	long-ἔρ-long-γον	hemi1
tlg001:1.363	πρῶτος	11	14	long-πρῶ-long-τος	hemi2	caesmasc3
tlg001:1.363	τράπεθ’·	15	16	short-τρά-short-πεθ’·	hemi2
tlg001:1.363	οἱ	17	18	long-οἱ	hemi2	bucdiaer
tlg001:1.363	δʼ	19	19	δʼ	hemi2
tlg001:1.363	ἐπανέσταν	19	24	short-ἐπ-short-αν-long-έ-long-σταν	hemi2
tlg001:1.364	πειθόμενοι·	1	6	long-πει-short-θό-short-με-long-νοι·	hemi1
tlg001:1.364	ἀπὸ	7	8	short-ἀ-short-πὸ	hemi1
tlg001:1.364	δʼ	9	9	δʼ	hemi1
tlg001:1.364	εἵματʼ	9	11	long-εἵ-short-ματʼ	hemi1	diaer3
tlg001:1.364	ἐπήτριμα	12	16	short-ἐπ-long-ήτ-short-ρι-short-μα	hemi2	caesfem3
tlg001:1.364	νηήσαντο	17	24	long-νη-long-ή-long-σαν-long-το	hemi2	bucdiaer
tlg001:1.365	λείῳ	1	3	long-λεί-short-ῳ	hemi1	correption
tlg001:1.365	ἐπὶ	4	6	short-ἐ-long-πὶ	hemi1
tlg001:1.365	πλαταμῶνι,	7	11	short-πλα-short-τα-long-μῶ-short-νι,	hemi1
tlg001:1.365	τὸν	12	12	short-τὸν	hemi2	caesfem3
tlg001:1.365	οὐκ	13	14	long-οὐκ	hemi2	diaer4
tlg001:1.365	ἐπέβαλλε	15	19	short-ἐπ-short-έ-long-βαλ-short-λε	hemi2
tlg001:1.365	θάλασσα	20	24	short-θά-long-λασ-long-σα	hemi2
tlg001:1.366	κῡ́μασι,	1	4	long-κῡ́-short-μα-short-σι,	hemi1
tlg001:1.366	χειμερίη	5	10	long-χει-short-με-short-ρί-long-η	hemi1	diaer2
tlg001:1.366	δὲ	11	11	short-δὲ	hemi1
tlg001:1.366	πάλαι	12	14	short-πά-long-λαι	hemi2	caesfem3	hiatus
tlg001:1.366	ἀποέκλυσεν	15	20	short-ἀ-short-πο-long-έκ-short-λυ-short-σεν	hemi2
tlg001:1.366	ἅλμη.	21	24	long-ἅλ-long-μη.	hemi2	diaer6
tlg001:1.367	νῆα	1	3	long-νῆ-short-α	hemi1
tlg001:1.367	δʼ	4	4	δʼ	hemi1
tlg001:1.367	ἐπικρατέως	4	10	short-ἐ-long-πι-short-κρα-short-τέ-long-ως	hemi1
tlg001:1.367	Ἄργου	11	14	long-Ἄρ-long-γου	hemi2	caesmasc3	hiatus
tlg001:1.367	ὑποθημοσύνῃσιν	15	24	short-ὑ-short-πο-long-θη-short-μο-short-σύ-long-νῃ-long-σιν	hemi2
tlg001:1.368	ἔζωσαν	1	6	long-ἔ-long-ζω-long-σαν	hemi1
tlg001:1.368	πάμπρωτον	7	11	long-πάμ-long-πρω-short-τον	hemi1
tlg001:1.368	ἐυστρεφεῖ	12	16	short-ἐ-long-υ-short-στρε-short-φεῖ	hemi2	caesfem3	correption
tlg001:1.368	ἔνδοθεν	17	20	long-ἔν-short-δο-short-θεν	hemi2	bucdiaer
tlg001:1.368	ὅπλῳ	21	24	long-ὅπ-long-λῳ	hemi2	diaer6
tlg001:1.369	τεινάμενοι	1	6	long-τει-short-νά-short-με-long-νοι	hemi1	hiatus
tlg001:1.369	ἑκάτερθεν,	7	11	short-ἑ-short-κά-long-τερ-short-θεν,	hemi1
tlg001:1.369	ἵνʼ	12	12	short-ἵνʼ	hemi2	caesfem3
tlg001:1.369	εὖ	13	14	long-εὖ	hemi2	diaer4	hiatus
tlg001:1.369	ἀραροίατο	15	20	short-ἀ-short-ρα-long-ροί-short-α-short-το	hemi2
tlg001:1.369	γόμφοις	21	24	long-γόμ-long-φοις	hemi2	diaer6
tlg001:1.370	δούρατα	1	4	long-δού-short-ρα-short-τα	hemi1
tlg001:1.370	καὶ	5	6	long-καὶ	hemi1	diaer2
tlg001:1.370	ῥοθίοιο	7	11	short-ῥο-short-θί-long-οι-short-ο	hemi1
tlg001:1.370	βίην	12	14	short-βί-long-ην	hemi2	caesfem3
tlg001:1.370	ἔχοι	15	16	short-ἔ-short-χοι	hemi2	correption
tlg001:1.370	ἀντιόωσαν.	17	24	long-ἀν-short-τι-short-ό-long-ω-long-σαν.	hemi2	bucdiaer
tlg001:1.371	σκάπτον	1	4	long-σκάπ-long-τον	hemi1
tlg001:1.371	δʼ	5	5	δʼ	hemi1
tlg001:1.371	αἶψα	5	7	long-αἶ-short-ψα	hemi1	diaer2
tlg001:1.371	κατʼ	8	8	short-κατʼ	hemi1
tlg001:1.371	εὖρος	9	11	long-εὖ-short-ρος	hemi1	diaer3
tlg001:1.371	ὅσον	12	14	short-ὅ-long-σον	hemi2	caesfem3
tlg001:1.371	περιβάλλετο	15	20	short-πε-short-ρι-long-βάλ-short-λε-short-το	hemi2
tlg001:1.371	χῶρον,	21	24	long-χῶ-long-ρον,	hemi2	diaer6
tlg001:1.372	ἠδὲ	1	3	long-ἠ-short-δὲ	hemi1
tlg001:1.372	κατὰ	4	6	short-κα-long-τὰ	hemi1
tlg001:1.372	πρῴρᾱν	7	10	long-πρῴ-long-ρᾱν	hemi1
tlg001:1.372	εἴσω	11	14	long-εἴ-long-σω	hemi2	caesmasc3	hiatus
tlg001:1.372	ἁλὸς	15	16	short-ἁ-short-λὸς	hemi2
tlg001:1.372	ὁσσάτιόν	17	22	long-ὁσ-short-σά-short-τι-long-όν	hemi2	bucdiaer
tlg001:1.372	περ	23	24	long-περ	hemi2
tlg001:1.373	ἑλκομένη	1	6	long-ἑλ-short-κο-short-μέ-long-νη	hemi1
tlg001:1.373	χείρεσσιν	7	11	long-χεί-long-ρεσ-short-σιν	hemi1
tlg001:1.373	ἐπιδραμέεσθαι	12	19	short-ἐ-long-πι-short-δρα-short-μέ-long-εσ-short-θαι	hemi2	caesfem3	correption
tlg001:1.373	ἔμελλεν.	20	24	short-ἔ-long-μελ-long-λεν.	hemi2
tlg001:1.374	αἰεὶ	1	4	long-αἰ-long-εὶ	hemi1
tlg001:1.374	δὲ	5	6	long-δὲ	hemi1
tlg001:1.374	προτέρω	7	10	short-προ-short-τέ-long-ρω	hemi1
tlg001:1.374	χθαμαλώτερον	11	16	short-χθα-short-μα-long-λώ-short-τε-short-ρον	hemi2	caesmasc3
tlg001:1.374	ἐξελάχαινον	17	24	long-ἐξ-short-ε-short-λά-long-χαι-long-νον	hemi2	bucdiaer
tlg001:1.375	στείρης,	1	4	long-στεί-long-ρης,	hemi1
tlg001:1.375	ἐν	5	6	long-ἐν	hemi1	diaer2
tlg001:1.375	δʼ	7	7	δʼ	hemi1
tlg001:1.375	ὁλκῷ	7	10	long-ὁλ-long-κῷ	hemi1
tlg001:1.375	ξεστᾱ̀ς	11	14	long-ξεσ-long-τᾱ̀ς	hemi2	caesmasc3
tlg001:1.375	στορέσαντο	15	19	short-στο-short-ρέ-long-σαν-short-το	hemi2
tlg001:1.375	φάλαγγας·	20	24	short-φά-long-λαγ-long-γας·	hemi2
tlg001:1.376	τὴν	1	2	long-τὴν	hemi1
tlg001:1.376	δὲ	3	3	short-δὲ	hemi1
tlg001:1.376	κατάντη	4	8	short-κατ-long-άν-long-τη	hemi1
tlg001:1.376	κλῖναν	9	11	long-κλῖ-short-ναν	hemi1	diaer3
tlg001:1.376	ἐπὶ	12	14	short-ἐ-long-πὶ	hemi2	caesfem3
tlg001:1.376	πρώτῃσι	15	19	long-πρώ-long-τῃ-short-σι	hemi2
tlg001:1.376	φάλαγξιν,	20	24	short-φά-long-λαγ-long-ξιν,	hemi2
tlg001:1.377	ὥς	1	2	long-ὥς	hemi1
tlg001:1.377	κεν	3	3	short-κεν	hemi1
tlg001:1.377	ὀλισθαίνουσα	4	11	short-ὀ-long-λισ-long-θαί-long-νου-short-σα	hemi1
tlg001:1.377	διʼ	12	12	short-διʼ	hemi2	caesfem3
tlg001:1.377	αὐτᾱ́ων	13	18	long-αὐ-long-τᾱ́-long-ων	hemi2	diaer4
tlg001:1.377	φορέοιτο.	19	24	short-φο-short-ρέ-long-οι-long-το.	hemi2
tlg001:1.378	ὕψι	1	3	long-ὕ-short-ψι	hemi1
tlg001:1.378	δʼ	4	4	δʼ	hemi1
tlg001:1.378	ἄρʼ	4	4	short-ἄρʼ	hemi1
tlg001:1.378	ἔνθα	5	7	long-ἔν-short-θα	hemi1	diaer2
tlg001:1.378	καὶ	8	8	short-καὶ	hemi1	correption
tlg001:1.378	ἔνθα	9	11	long-ἔν-short-θα	hemi1
tlg001:1.378	μεταστρέψαντες	12	19	short-με-long-τα-long-στρέ-long-ψαν-short-τες	hemi2	caesfem3
tlg001:1.378	ἐρετμὰ	20	24	short-ἐ-long-ρετ-long-μὰ	hemi2
tlg001:1.379	πήχυιον	1	6	long-πή-long-χυι-long-ον	hemi1
tlg001:1.379	προύχοντα	7	11	long-πρού-long-χον-short-τα	hemi1
tlg001:1.379	περὶ	12	14	short-πε-long-ρὶ	hemi2	caesfem3
tlg001:1.379	σκαλμοῖσιν	15	19	long-σκαλ-long-μοῖ-short-σιν	hemi2
tlg001:1.379	ἔδησαν.	20	24	short-ἔ-long-δη-long-σαν.	hemi2
tlg001:1.380	τῶν	1	2	long-τῶν	hemi1
tlg001:1.380	δʼ	3	3	δʼ	hemi1
tlg001:1.380	ἐναμοιβαδὶς	3	8	short-ἐν-short-α-long-μοι-short-βα-short-δὶς	hemi1
tlg001:1.380	αὐτοὶ	9	11	long-αὐ-short-τοὶ	hemi1	diaer3	correption
tlg001:1.380	ἐνέσταθεν	12	16	short-ἐν-long-έ-short-στα-short-θεν	hemi2	caesfem3
tlg001:1.380	ἀμφοτέρωθεν,	17	24	long-ἀμ-short-φο-short-τέ-long-ρω-long-θεν,	hemi2	bucdiaer
tlg001:1.381	στέρνα	1	3	long-στέρ-short-να	hemi1
tlg001:1.381	θ᾽ὁμοῦ	4	6	short-θ᾽ὁ-long-μοῦ	hemi1
tlg001:1.381	καὶ	7	8	long-καὶ	hemi1
tlg001:1.381	χεῖρας	9	11	long-χεῖ-short-ρας	hemi1
tlg001:1.381	ἐπήλασαν.	12	16	short-ἐπ-long-ή-short-λα-short-σαν.	hemi2	caesfem3
tlg001:1.381	ἐν	17	18	long-ἐν	hemi2	bucdiaer
tlg001:1.381	δʼ	19	19	δʼ	hemi2
tlg001:1.381	ἄρα	19	20	short-ἄ-short-ρα	hemi2
tlg001:1.381	Τῖφυς	21	24	long-Τῖ-long-φυς	hemi2	diaer6
tlg001:1.382	βήσαθʼ,	1	3	long-βή-short-σαθʼ,	hemi1
tlg001:1.382	ἵνʼ	4	4	short-ἵνʼ	hemi1
tlg001:1.382	ὀτρῡ́νειε	5	11	long-ὀτ-long-ρῡ́-long-νει-short-ε	hemi1	diaer2
tlg001:1.382	νέους	12	14	short-νέ-long-ους	hemi2	caesfem3
tlg001:1.382	κατὰ	15	16	short-κα-short-τὰ	hemi2
tlg001:1.382	καιρὸν	17	19	long-και-short-ρὸν	hemi2	bucdiaer
tlg001:1.382	ἐρύσσαι·	20	24	short-ἐ-long-ρύσ-long-σαι·	hemi2
tlg001:1.383	κεκλόμενος	1	6	long-κε-short-κλό-short-με-long-νος	hemi1
tlg001:1.383	δʼ	7	7	δʼ	hemi1
tlg001:1.383	ἤῡσε	7	11	long-ἤ-long-ῡ-short-σε	hemi1
tlg001:1.383	μάλα	12	14	short-μά-long-λα	hemi2	caesfem3	preliquid
tlg001:1.383	μέγα·	15	16	short-μέ-short-γα·	hemi2
tlg001:1.383	τοὶ	17	18	long-τοὶ	hemi2	bucdiaer
tlg001:1.383	δὲ	19	19	short-δὲ	hemi2
tlg001:1.383	παρᾶσσον	20	24	short-πα-long-ρᾶσ-long-σον	hemi2
tlg001:1.384	ᾧ	1	2	long-ᾧ	hemi1
tlg001:1.384	κράτεϊ	3	6	short-κρά-short-τε-long-ϊ	hemi1
tlg001:1.384	βρῑ́σαντες	7	11	long-βρῑ́-long-σαν-short-τες	hemi1
tlg001:1.384	ἰῇ	12	14	short-ἰ-long-ῇ	hemi2	caesfem3
tlg001:1.384	στυφέλιξαν	15	19	short-στυ-short-φέ-long-λι-short-ξαν	hemi2
tlg001:1.384	ἐρωῇ	20	24	short-ἐ-long-ρω-long-ῇ	hemi2
tlg001:1.385	νειόθεν	1	4	long-νει-short-ό-short-θεν	hemi1
tlg001:1.385	ἐξ	5	6	long-ἐξ	hemi1	diaer2
tlg001:1.385	ἕδρης,	7	10	long-ἕδ-long-ρης,	hemi1
tlg001:1.385	ἐπὶ	11	12	short-ἐ-short-πὶ	hemi2	caesmasc3
tlg001:1.385	δʼ	13	13	δʼ	hemi2
tlg001:1.385	ἐρρώσαντο	13	19	long-ἐρ-long-ρώ-long-σαν-short-το	hemi2	diaer4
tlg001:1.385	πόδεσσιν	20	24	short-πό-long-δεσ-long-σιν	hemi2
tlg001:1.386	προπροβιαζόμενοι·	1	10	long-προ-short-προ-short-βι-long-α-short-ζό-short-με-long-νοι·	hemi1
tlg001:1.386	ἡ	11	12	long-ἡ	hemi2	caesmasc3
tlg001:1.386	δʼ	13	13	δʼ	hemi2
tlg001:1.386	ἕσπετο	13	16	long-ἕσ-short-πε-short-το	hemi2	diaer4
tlg001:1.386	Πηλιὰς	17	20	long-Πη-short-λι-short-ὰς	hemi2	bucdiaer
tlg001:1.386	Ἀργὼ	21	24	long-Ἀρ-long-γὼ	hemi2	diaer6
tlg001:1.387	ῥίμφα	1	3	long-ῥίμ-short-φα	hemi1
tlg001:1.387	μάλʼ·	4	4	short-μάλʼ·	hemi1
tlg001:1.387	οἱ	5	6	long-οἱ	hemi1	diaer2
tlg001:1.387	δʼ	7	7	δʼ	hemi1
tlg001:1.387	ἑκάτερθεν	7	11	short-ἑ-short-κά-long-τερ-short-θεν	hemi1
tlg001:1.387	ἐπῑ́αχον	12	16	short-ἐπ-long-ῑ́-short-α-short-χον	hemi2	caesfem3
tlg001:1.387	ἀ̄ίσσοντες.	17	24	long-ἀ̄-long-ίσ-long-σον-long-τες.	hemi2	bucdiaer
tlg001:1.388	αἱ	1	2	long-αἱ	hemi1
tlg001:1.388	δʼ	3	3	δʼ	hemi1
tlg001:1.388	ἄρʼ	3	3	short-ἄρʼ	hemi1
tlg001:1.388	ὑπὸ	4	6	short-ὑ-long-πὸ	hemi1
tlg001:1.388	τρόπιδι	7	10	short-τρό-short-πι-long-δι	hemi1
tlg001:1.388	στιβαρῇ	11	14	short-στι-short-βα-long-ρῇ	hemi2	caesmasc3
tlg001:1.388	στενάχοντο	15	19	short-στε-short-νά-long-χον-short-το	hemi2
tlg001:1.388	φάλαγγες	20	24	short-φά-long-λαγ-long-γες	hemi2
tlg001:1.389	τρῑβόμεναι	1	6	long-τρῑ-short-βό-short-με-long-ναι	hemi1
tlg001:1.389	περὶ	7	8	short-πε-short-ρὶ	hemi1
tlg001:1.389	δέ	9	10	long-δέ	hemi1
tlg001:1.389	σφιν	11	11	short-σφιν	hemi1
tlg001:1.389	ἀιδνὴ	12	16	short-ἀ-long-ιδ-long-νὴ	hemi2	caesfem3
tlg001:1.389	κήκιε	17	20	long-κή-short-κι-short-ε	hemi2	bucdiaer
tlg001:1.389	λιγνὺς	21	24	long-λιγ-long-νὺς	hemi2	diaer6
tlg001:1.390	βρῑθοσύνῃ,	1	6	long-βρῑ-short-θο-short-σύ-long-νῃ,	hemi1
tlg001:1.390	κατόλισθε	7	11	short-κατ-short-ό-long-λισ-short-θε	hemi1
tlg001:1.390	δʼ	12	12	δʼ	hemi1
tlg001:1.390	ἔσω	12	14	short-ἔ-long-σω	hemi2	caesfem3	hiatus
tlg001:1.390	ἁλός·	15	16	short-ἁ-short-λός·	hemi2
tlg001:1.390	οἱ	17	18	long-οἱ	hemi2	bucdiaer
tlg001:1.390	δέ	19	19	short-δέ	hemi2
tlg001:1.390	μιν	20	20	short-μιν	hemi2
tlg001:1.390	αὖθι	21	24	long-αὖ-long-θι	hemi2	diaer6
tlg001:1.391	ἂψ	1	2	long-ἂψ	hemi1
tlg001:1.391	ἀνασειράζοντες	3	11	short-ἀ-short-να-long-σει-long-ρά-long-ζον-short-τες	hemi1
tlg001:1.391	ἔχον	12	14	short-ἔ-long-χον	hemi2	caesfem3
tlg001:1.391	προτέρωσε	15	19	short-προ-short-τέ-long-ρω-short-σε	hemi2
tlg001:1.391	κιοῦσαν.	20	24	short-κι-long-οῦ-long-σαν.	hemi2
tlg001:1.392	σκαλμοῖς	1	4	long-σκαλ-long-μοῖς	hemi1
tlg001:1.392	δʼ	5	5	δʼ	hemi1
tlg001:1.392	ἀμφὶς	5	7	long-ἀμ-short-φὶς	hemi1	diaer2
tlg001:1.392	ἐρετμὰ	8	11	short-ἐ-long-ρετ-short-μὰ	hemi1
tlg001:1.392	κατήρτυον·	12	16	short-κατ-long-ήρ-short-τυ-short-ον·	hemi2	caesfem3
tlg001:1.392	ἐν	17	18	long-ἐν	hemi2	bucdiaer
tlg001:1.392	δέ	19	19	short-δέ	hemi2	hiatus
tlg001:1.392	οἱ	20	20	short-οἱ	hemi2	correption
tlg001:1.392	ἱστὸν	21	24	long-ἱσ-long-τὸν	hemi2	diaer6
tlg001:1.393	λαίφεά	1	4	long-λαί-short-φε-short-ά	hemi1
tlg001:1.393	τʼ	5	5	τʼ	hemi1
tlg001:1.393	εὐποίητα	5	11	long-εὐ-long-ποί-long-η-short-τα	hemi1	diaer2
tlg001:1.393	καὶ	12	12	short-καὶ	hemi2	caesfem3	correption
tlg001:1.393	ἁρμαλιὴν	13	18	long-ἁρ-short-μα-short-λι-long-ὴν	hemi2
tlg001:1.393	ἐβάλοντο.	19	24	short-ἐ-short-βά-long-λον-long-το.	hemi2
tlg001:1.394	αὐτὰρ	1	3	long-αὐ-short-τὰρ	hemi1
tlg001:1.394	ἐπεὶ	4	6	short-ἐ-long-πεὶ	hemi1
tlg001:1.394	τὰ	7	7	short-τὰ	hemi1	hiatus
tlg001:1.394	ἕκαστα	8	11	short-ἕ-long-κασ-short-τα	hemi1
tlg001:1.394	περιφραδέως	12	18	short-πε-long-ρι-short-φρα-short-δέ-long-ως	hemi2	caesfem3
tlg001:1.394	ἀλέγῡναν,	19	24	short-ἀ-short-λέ-long-γῡ-long-ναν,	hemi2
tlg001:1.395	κληῖδας	1	6	long-κλη-long-ῖ-long-δας	hemi1
tlg001:1.395	μὲν	7	8	long-μὲν	hemi1
tlg001:1.395	πρῶτα	9	11	long-πρῶ-short-τα	hemi1	diaer3
tlg001:1.395	πάλῳ	12	14	short-πά-long-λῳ	hemi2	caesfem3
tlg001:1.395	διεμοιρήσαντο,	15	24	short-δι-short-ε-long-μοι-long-ρή-long-σαν-long-το,	hemi2
tlg001:1.396	ἄνδρʼ	1	2	long-ἄνδρʼ	hemi1
tlg001:1.396	ἐντῡναμένω	3	10	long-ἐν-long-τῡ-short-να-short-μέ-long-νω	hemi1
tlg001:1.396	δοιὼ	11	14	long-δοι-long-ὼ	hemi2	caesmasc3
tlg001:1.396	μίαν·	15	16	short-μί-short-αν·	hemi2
tlg001:1.396	ἐκ	17	18	long-ἐκ	hemi2	bucdiaer
tlg001:1.396	δʼ	19	19	δʼ	hemi2
tlg001:1.396	ἄρα	19	20	short-ἄ-short-ρα	hemi2
tlg001:1.396	μέσσην	21	24	long-μέσ-long-σην	hemi2	diaer6
tlg001:1.397	ᾕρεον	1	4	long-ᾕ-short-ρε-short-ον	hemi1
tlg001:1.397	Ἡρακλῆι	5	11	long-Ἡ-long-ρα-long-κλῆ-short-ι	hemi1	diaer2
tlg001:1.397	καὶ	12	12	short-καὶ	hemi2	caesfem3	correption
tlg001:1.397	ἡρώων	13	18	long-ἡ-long-ρώ-long-ων	hemi2
tlg001:1.397	ἄτερ	19	20	short-ἄ-short-τερ	hemi2
tlg001:1.397	ἄλλων	21	24	long-ἄλ-long-λων	hemi2	diaer6
tlg001:1.398	Ἀγκαίῳ,	1	6	long-Ἀγ-long-καί-long-ῳ,	hemi1
tlg001:1.398	Τεγέης	7	10	short-Τε-short-γέ-long-ης	hemi1
tlg001:1.398	ὅς	11	12	long-ὅς	hemi2	caesmasc3
tlg001:1.398	ῥα	13	14	long-ῥα	hemi2
tlg001:1.398	πτολίεθρον	15	19	short-πτο-short-λί-long-εθ-short-ρον	hemi2
tlg001:1.398	ἔναιεν.	20	24	short-ἔ-long-ναι-long-εν.	hemi2
tlg001:1.399	τοῖς	1	2	long-τοῖς	hemi1
tlg001:1.399	μέσσην	3	6	long-μέσ-long-σην	hemi1
tlg001:1.399	οἴοισιν	7	11	long-οἴ-long-οι-short-σιν	hemi1
tlg001:1.399	ἀπὸ	12	14	short-ἀ-long-πὸ	hemi2	caesfem3
tlg001:1.399	κληῖδα	15	19	long-κλη-long-ῖ-short-δα	hemi2
tlg001:1.399	λίποντο	20	24	short-λί-long-πον-long-το	hemi2
tlg001:1.400	αὔτως,	1	4	long-αὔ-long-τως,	hemi1
tlg001:1.400	οὔτι	5	7	long-οὔ-short-τι	hemi1	diaer2
tlg001:1.400	πάλῳ·	8	10	short-πά-long-λῳ·	hemi1
tlg001:1.400	ἐπὶ	11	12	short-ἐ-short-πὶ	hemi2	caesmasc3
tlg001:1.400	δʼ	13	13	δʼ	hemi2
tlg001:1.400	ἔτρεπον	13	16	long-ἔ-short-τρε-short-πον	hemi2	diaer4
tlg001:1.400	αἰνήσαντες	17	24	long-αἰ-long-νή-long-σαν-long-τες	hemi2	bucdiaer
tlg001:1.401	Τῖφυν	1	3	long-Τῖ-short-φυν	hemi1
tlg001:1.401	ἐυστείρης	4	10	short-ἐ-long-υ-long-στεί-long-ρης	hemi1
tlg001:1.401	οἰήια	11	16	long-οἰ-long-ή-short-ι-short-α	hemi2	caesmasc3
tlg001:1.401	νηὸς	17	19	long-νη-short-ὸς	hemi2	bucdiaer
tlg001:1.401	ἔρυσθαι.	20	24	short-ἔ-long-ρυσ-long-θαι.	hemi2
tlg001:1.402	ἔνθεν	1	4	long-ἔν-long-θεν	hemi1
tlg001:1.402	δʼ	5	5	δʼ	hemi1
tlg001:1.402	αὖ	5	6	long-αὖ	hemi1	diaer2
tlg001:1.402	λᾱ́ιγγας	7	11	long-λᾱ́-long-ιγ-short-γας	hemi1
tlg001:1.402	ἁλὸς	12	14	short-ἁ-long-λὸς	hemi2	caesfem3
tlg001:1.402	σχεδὸν	15	16	short-σχε-short-δὸν	hemi2
tlg001:1.402	ὀχλίζοντες	17	24	long-ὀχ-long-λί-long-ζον-long-τες	hemi2	bucdiaer
tlg001:1.403	νήεον	1	4	long-νή-short-ε-short-ον	hemi1
tlg001:1.403	αὐτόθι	5	8	long-αὐ-short-τό-short-θι	hemi1	diaer2
tlg001:1.403	βωμὸν	9	11	long-βω-short-μὸν	hemi1	diaer3
tlg001:1.403	ἐπάκτιον	12	16	short-ἐπ-long-άκ-short-τι-short-ον	hemi2	caesfem3
tlg001:1.403	Ἀ̄πόλλωνος,	17	24	long-Ἀ̄-long-πόλ-long-λω-long-νος,	hemi2	bucdiaer
tlg001:1.404	Ἀκτίου	1	4	long-Ἀκ-short-τί-short-ου	hemi1	correption
tlg001:1.404	Ἐμβασίοιό	5	11	long-Ἐμ-short-βα-short-σί-long-οι-short-ό	hemi1	diaer2
tlg001:1.404	τʼ	12	12	τʼ	hemi1
tlg001:1.404	ἐπώνυμον·	12	16	short-ἐπ-long-ώ-short-νυ-short-μον·	hemi2	caesfem3
tlg001:1.404	ὦκα	17	19	long-ὦ-short-κα	hemi2	bucdiaer
tlg001:1.404	δέ	20	20	short-δέ	hemi2
tlg001:1.404	τοί	21	22	long-τοί	hemi2
tlg001:1.404	γε	23	24	long-γε	hemi2
tlg001:1.405	φιτροὺς	1	4	long-φιτ-long-ροὺς	hemi1
tlg001:1.405	ἀζαλέης	5	10	long-ἀ-short-ζα-short-λέ-long-ης	hemi1	diaer2
tlg001:1.405	στόρεσαν	11	14	short-στό-short-ρε-long-σαν	hemi2	caesmasc3
tlg001:1.405	καθύπερθεν	15	19	short-καθ-short-ύ-long-περ-short-θεν	hemi2
tlg001:1.405	ἐλαίης.	20	24	short-ἐ-long-λαί-long-ης.	hemi2
tlg001:1.406	τείως	1	4	long-τεί-long-ως	hemi1
tlg001:1.406	δʼ	5	5	δʼ	hemi1
tlg001:1.406	αὖτʼ	5	6	long-αὖτʼ	hemi1	diaer2
tlg001:1.406	ἀγέληθεν	7	11	short-ἀ-short-γέ-long-λη-short-θεν	hemi1
tlg001:1.406	ἐπιπροέηκαν	12	19	short-ἐ-long-πι-short-προ-short-έ-long-η-short-καν	hemi2	caesfem3
tlg001:1.406	ἄγοντες	20	24	short-ἄ-long-γον-long-τες	hemi2
tlg001:1.407	βουκόλοι	1	4	long-βου-short-κό-short-λοι	hemi1	correption
tlg001:1.407	Αἰσονίδᾱο	5	11	long-Αἰ-short-σο-short-νί-long-δᾱ-short-ο	hemi1	diaer2
tlg001:1.407	δύω	12	14	short-δύ-long-ω	hemi2	caesfem3
tlg001:1.407	βόε.	15	16	short-βό-short-ε.	hemi2
tlg001:1.407	τοὺς	17	18	long-τοὺς	hemi2	bucdiaer
tlg001:1.407	δʼ	19	19	δʼ	hemi2
tlg001:1.407	ἐρύσαντο	19	24	short-ἐ-short-ρύ-long-σαν-long-το	hemi2
tlg001:1.408	κουρότεροι	1	6	long-κου-short-ρό-short-τε-long-ροι	hemi1	hiatus
tlg001:1.408	ἑτάρων	7	10	short-ἑ-short-τά-long-ρων	hemi1
tlg001:1.408	βωμοῦ	11	14	long-βω-long-μοῦ	hemi2	caesmasc3
tlg001:1.408	σχεδόν.	15	16	short-σχε-short-δόν.	hemi2
tlg001:1.408	οἱ	17	18	long-οἱ	hemi2	bucdiaer
tlg001:1.408	δʼ	19	19	δʼ	hemi2
tlg001:1.408	ἄρʼ	19	19	short-ἄρʼ	hemi2
tlg001:1.408	ἔπειτα	20	24	short-ἔ-long-πει-long-τα	hemi2
tlg001:1.409	χέρνιβά	1	4	long-χέρ-short-νι-short-βά	hemi1
tlg001:1.409	τʼ	5	5	τʼ	hemi1
tlg001:1.409	οὐλοχύτᾱς	5	10	long-οὐ-short-λο-short-χύ-long-τᾱς	hemi1	diaer2
tlg001:1.409	τε	11	11	short-τε	hemi1
tlg001:1.409	παρέσχεθον.	12	16	short-παρ-long-έσ-short-χε-short-θον.	hemi2	caesfem3
tlg001:1.409	αὐτὰρ	17	19	long-αὐ-short-τὰρ	hemi2	bucdiaer
tlg001:1.409	Ἰήσων	20	24	short-Ἰ-long-ή-long-σων	hemi2
tlg001:1.410	εὔχετο	1	4	long-εὔ-short-χε-short-το	hemi1
tlg001:1.410	κεκλόμενος	5	10	long-κε-short-κλό-short-με-long-νος	hemi1	diaer2
tlg001:1.410	πατρώιον	11	16	long-πατ-long-ρώ-short-ι-short-ον	hemi2	caesmasc3
tlg001:1.410	Ἀ̄πόλλωνα·	17	24	long-Ἀ̄-long-πόλ-long-λω-long-να·	hemi2	bucdiaer
tlg001:1.411	‘κλῦθι	1	3	long-‘κλῦ-short-θι	hemi1	hiatus
tlg001:1.411	ἄναξ,	4	6	short-ἄ-long-ναξ,	hemi1
tlg001:1.411	Παγασᾱ́ς	7	10	short-Πα-short-γα-long-σᾱ́ς	hemi1
tlg001:1.411	τε	11	11	short-τε	hemi1
tlg001:1.411	πόλιν	12	14	short-πό-long-λιν	hemi2	caesfem3
tlg001:1.411	τʼ	15	15	τʼ	hemi2
tlg001:1.411	Αἰσωνίδα	15	20	long-Αἰ-long-σω-short-νί-short-δα	hemi2
tlg001:1.411	ναίων,	21	24	long-ναί-long-ων,	hemi2	diaer6
tlg001:1.412	ἡμετέροιο	1	7	long-ἡ-short-με-short-τέ-long-ροι-short-ο	hemi1
tlg001:1.412	τοκῆος	8	11	short-το-long-κῆ-short-ος	hemi1
tlg001:1.412	ἐπώνυμον,	12	16	short-ἐπ-long-ώ-short-νυ-short-μον,	hemi2	caesfem3
tlg001:1.412	ὅς	17	18	long-ὅς	hemi2	bucdiaer
tlg001:1.412	μοι	19	19	short-μοι	hemi2	correption
tlg001:1.412	ὑπέστης	20	24	short-ὑπ-long-έ-long-στης	hemi2
tlg001:1.413	Πῡθοῖ	1	4	long-Πῡ-long-θοῖ	hemi1
tlg001:1.413	χρειομένῳ	5	10	long-χρει-short-ο-short-μέ-long-νῳ	hemi1	diaer2	hiatus
tlg001:1.413	ἄνυσιν	11	14	short-ἄ-short-νυ-long-σιν	hemi2	caesmasc3
tlg001:1.413	καὶ	15	16	long-καὶ	hemi2
tlg001:1.413	πείραθʼ	17	19	long-πεί-short-ραθʼ	hemi2
tlg001:1.413	ὁδοῖο	20	24	short-ὁ-long-δοῖ-long-ο	hemi2
tlg001:1.414	σημανέειν,	1	6	long-ση-short-μα-short-νέ-long-ειν,	hemi1
tlg001:1.414	αὐτὸς	7	10	long-αὐ-long-τὸς	hemi1
tlg001:1.414	γὰρ	11	11	short-γὰρ	hemi1
tlg001:1.414	ἐπαίτιος	12	16	short-ἐπ-long-αί-short-τι-short-ος	hemi2	caesfem3
tlg001:1.414	ἔπλευ	17	19	long-ἔ-short-πλευ	hemi2	bucdiaer	correption
tlg001:1.414	ἀέθλων·	20	24	short-ἀ-long-έθ-long-λων·	hemi2
tlg001:1.415	αὐτὸς	1	4	long-αὐ-long-τὸς	hemi1
tlg001:1.415	νῦν	5	6	long-νῦν	hemi1	diaer2
tlg001:1.415	ἄγε	7	8	short-ἄ-short-γε	hemi1
tlg001:1.415	νῆα	9	11	long-νῆ-short-α	hemi1	diaer3
tlg001:1.415	σὺν	12	12	short-σὺν	hemi2	caesfem3
tlg001:1.415	ἀρτεμέεσσιν	13	19	long-ἀρ-short-τε-short-μέ-long-εσ-short-σιν	hemi2	diaer4
tlg001:1.415	ἑταίροις	20	24	short-ἑ-long-ταί-long-ροις	hemi2
tlg001:1.416	κεῖσέ	1	3	long-κεῖ-short-σέ	hemi1
tlg001:1.416	τε	4	4	short-τε	hemi1
tlg001:1.416	καὶ	5	6	long-καὶ	hemi1	diaer2
tlg001:1.416	παλίνορσον	7	11	short-πα-short-λί-long-νορ-short-σον	hemi1
tlg001:1.416	ἐς	12	12	short-ἐς	hemi2	caesfem3
tlg001:1.416	Ἑλλάδα.	13	16	long-Ἑλ-short-λά-short-δα.	hemi2	diaer4
tlg001:1.416	σοὶ	17	18	long-σοὶ	hemi2	bucdiaer
tlg001:1.416	δʼ	19	19	δʼ	hemi2
tlg001:1.416	ἂν	19	19	short-ἂν	hemi2
tlg001:1.416	ὀπίσσω	20	24	short-ὀ-long-πίσ-long-σω	hemi2
tlg001:1.417	τόσσων,	1	4	long-τόσ-long-σων,	hemi1
tlg001:1.417	ὅσσοι	5	8	long-ὅσ-long-σοι	hemi1	diaer2
tlg001:1.417	κεν	9	10	long-κεν	hemi1
tlg001:1.417	νοστήσομεν,	11	16	long-νοσ-long-τή-short-σο-short-μεν,	hemi2	caesmasc3
tlg001:1.417	ἀγλαὰ	17	20	long-ἀγ-short-λα-short-ὰ	hemi2	bucdiaer
tlg001:1.417	ταύρων	21	24	long-ταύ-long-ρων	hemi2	diaer6
tlg001:1.418	ἱ̄ρὰ	1	3	long-ἱ̄-short-ρὰ	hemi1
tlg001:1.418	πάλιν	4	6	short-πά-long-λιν	hemi1
tlg001:1.418	βωμῷ	7	10	long-βω-long-μῷ	hemi1	hiatus
tlg001:1.418	ἐπιθήσομεν·	11	16	short-ἐ-short-πι-long-θή-short-σο-short-μεν·	hemi2	caesmasc3
tlg001:1.418	ἄλλα	17	19	long-ἄλ-short-λα	hemi2	bucdiaer
tlg001:1.418	δὲ	20	20	short-δὲ	hemi2
tlg001:1.418	Πῡθοῖ,	21	24	long-Πῡ-long-θοῖ,	hemi2	diaer6
tlg001:1.419	ἄλλα	1	3	long-ἄλ-short-λα	hemi1
tlg001:1.419	δʼ	4	4	δʼ	hemi1
tlg001:1.419	ἐς	4	4	short-ἐς	hemi1
tlg001:1.419	Ὀρτυγίην	5	10	long-Ὀρ-short-τυ-short-γί-long-ην	hemi1	diaer2
tlg001:1.419	ἀπερείσια	11	16	short-ἀ-short-πε-long-ρεί-short-σι-short-α	hemi2	caesmasc3
tlg001:1.419	δῶρα	17	19	long-δῶ-short-ρα	hemi2	bucdiaer
tlg001:1.419	κομίσσω.	20	24	short-κο-long-μίσ-long-σω.	hemi2
tlg001:1.420	νῦν	1	2	long-νῦν	hemi1
tlg001:1.420	δʼ	3	3	δʼ	hemi1
tlg001:1.420	ἴθι,	3	4	short-ἴ-short-θι,	hemi1
tlg001:1.420	καὶ	5	6	long-καὶ	hemi1	diaer2
tlg001:1.420	τήνδʼ	7	8	long-τήνδʼ	hemi1
tlg001:1.420	ἧμιν,	9	11	long-ἧ-short-μιν,	hemi1	diaer3
tlg001:1.420	Ἑκηβόλε,	12	16	short-Ἑ-long-κη-short-βό-short-λε,	hemi2	caesfem3
tlg001:1.420	δέξο	17	19	long-δέ-short-ξο	hemi2	bucdiaer
tlg001:1.420	θυηλήν,	20	24	short-θυ-long-η-long-λήν,	hemi2
tlg001:1.421	ἥν	1	2	long-ἥν	hemi1
tlg001:1.421	τοι	3	4	long-τοι	hemi1
tlg001:1.421	τῆσδʼ	5	6	long-τῆσδʼ	hemi1	diaer2
tlg001:1.421	ἐπίβαθρα	7	11	short-ἐ-short-πί-long-βαθ-short-ρα	hemi1
tlg001:1.421	χάριν	12	14	short-χά-long-ριν	hemi2	caesfem3
tlg001:1.421	προτεθείμεθα	15	20	short-προ-short-τε-long-θεί-short-με-short-θα	hemi2
tlg001:1.421	νηὸς	21	24	long-νη-long-ὸς	hemi2	diaer6
tlg001:1.422	πρωτίστην·	1	6	long-πρω-long-τίσ-long-την·	hemi1
tlg001:1.422	λῡ́σαιμι	7	11	long-λῡ́-long-σαι-short-μι	hemi1
tlg001:1.422	δʼ	12	12	δʼ	hemi1
tlg001:1.422	,ἄναξ,	12	14	short-,ἄ-long-ναξ,	hemi2	caesfem3
tlg001:1.422	ἐπʼ	15	15	short-ἐπʼ	hemi2
tlg001:1.422	ἀπήμονι	16	20	short-ἀ-long-πή-short-μο-short-νι	hemi2	caesfem4
tlg001:1.422	μοίρῃ	21	24	long-μοί-long-ρῃ	hemi2	diaer6
tlg001:1.423	πείσματα	1	4	long-πείσ-short-μα-short-τα	hemi1
tlg001:1.423	σὴν	5	6	long-σὴν	hemi1	diaer2
tlg001:1.423	διὰ	7	8	short-δι-short-ὰ	hemi1
tlg001:1.423	μῆτιν·	9	11	long-μῆ-short-τιν·	hemi1	diaer3
tlg001:1.423	ἐπιπνεύσειε	12	19	short-ἐ-long-πι-long-πνεύ-long-σει-short-ε	hemi2	caesfem3
tlg001:1.423	δʼ	20	20	δʼ	hemi2
tlg001:1.423	ἀήτης	20	24	short-ἀ-long-ή-long-της	hemi2
tlg001:1.424	μείλιχος,	1	4	long-μεί-short-λι-short-χος,	hemi1
tlg001:1.424	ᾧ	5	6	long-ᾧ	hemi1	diaer2
tlg001:1.424	κʼ	7	7	κʼ	hemi1
tlg001:1.424	ἐπὶ	7	8	short-ἐ-short-πὶ	hemi1
tlg001:1.424	πόντον	9	11	long-πόν-short-τον	hemi1	diaer3
tlg001:1.424	ἐλευσόμεθʼ	12	16	short-ἐ-long-λευ-short-σό-short-μεθʼ	hemi2	caesfem3
tlg001:1.424	εὐδιόωντες.’	17	24	long-εὐ-short-δι-short-ό-long-ων-long-τες.’	hemi2	bucdiaer
tlg001:1.425	ἦ,	1	2	long-ἦ,	hemi1
tlg001:1.425	καὶ	3	3	short-καὶ	hemi1	correption
tlg001:1.425	ἅμʼ	4	4	short-ἅμʼ	hemi1
tlg001:1.425	εὐχωλῇ	5	10	long-εὐ-long-χω-long-λῇ	hemi1	diaer2
tlg001:1.425	προχύτᾱς	11	14	short-προ-short-χύ-long-τᾱς	hemi2	caesmasc3
tlg001:1.425	βάλε.	15	16	short-βά-short-λε.	hemi2
tlg001:1.425	τὼ	17	18	long-τὼ	hemi2	bucdiaer
tlg001:1.425	δʼ	19	19	δʼ	hemi2
tlg001:1.425	ἐπὶ	19	20	short-ἐ-short-πὶ	hemi2
tlg001:1.425	βουσὶν	21	24	long-βου-long-σὶν	hemi2	diaer6
tlg001:1.426	ζωσάσθην,	1	6	long-ζω-long-σάσ-long-θην,	hemi1
tlg001:1.426	Ἀγκαῖος	7	11	long-Ἀγ-long-καῖ-short-ος	hemi1
tlg001:1.426	ὑπέρβιος,	12	16	short-ὑ-long-πέρ-short-βι-short-ος,	hemi2	caesfem3
tlg001:1.426	Ἡρακλέης	17	22	long-Ἡ-short-ρα-short-κλέ-long-ης	hemi2	bucdiaer
tlg001:1.426	τε.	23	24	long-τε.	hemi2
tlg001:1.427	ἤτοι	1	3	long-ἤ-short-τοι	hemi1	correption
tlg001:1.427	ὁ	4	4	short-ὁ	hemi1
tlg001:1.427	μὲν	5	6	long-μὲν	hemi1
tlg001:1.427	ῥοπάλῳ	7	10	short-ῥο-short-πά-long-λῳ	hemi1
tlg001:1.427	μέσσον	11	14	long-μέσ-long-σον	hemi2	caesmasc3
tlg001:1.427	κάρη	15	16	short-κά-short-ρη	hemi2	correption
tlg001:1.427	ἀμφὶ	17	19	long-ἀμ-short-φὶ	hemi2	bucdiaer
tlg001:1.427	μέτωπα	20	24	short-μέ-long-τω-long-πα	hemi2
tlg001:1.428	πλῆξεν,	1	3	long-πλῆ-short-ξεν,	hemi1
tlg001:1.428	ὁ	4	4	short-ὁ	hemi1
tlg001:1.428	δʼ	5	5	δʼ	hemi1
tlg001:1.428	ἀθρόος	5	8	long-ἀθ-short-ρό-short-ος	hemi1	diaer2
tlg001:1.428	αὖθι	9	11	long-αὖ-short-θι	hemi1	diaer3
tlg001:1.428	πεσὼν	12	14	short-πε-long-σὼν	hemi2	caesfem3
tlg001:1.428	ἐνερείσατο	15	20	short-ἐν-short-ε-long-ρεί-short-σα-short-το	hemi2
tlg001:1.428	γαίῃ·	21	24	long-γαί-long-ῃ·	hemi2	diaer6
tlg001:1.429	Ἀγκαῖος	1	6	long-Ἀγ-long-καῖ-long-ος	hemi1
tlg001:1.429	δʼ	7	7	δʼ	hemi1
tlg001:1.429	ἑτέροιο	7	11	short-ἑ-short-τέ-long-ροι-short-ο	hemi1
tlg001:1.429	κατὰ	12	14	short-κα-long-τὰ	hemi2	caesfem3
tlg001:1.429	πλατὺν	15	16	short-πλα-short-τὺν	hemi2
tlg001:1.429	αὐχένα	17	20	long-αὐ-short-χέ-short-να	hemi2	bucdiaer
tlg001:1.429	κόψᾱς	21	24	long-κό-long-ψᾱς	hemi2	diaer6
tlg001:1.430	χαλκείῳ	1	6	long-χαλ-long-κεί-long-ῳ	hemi1
tlg001:1.430	πελέκει	7	10	short-πε-short-λέ-long-κει	hemi1
tlg001:1.430	κρατεροὺς	11	14	short-κρα-short-τε-long-ροὺς	hemi2	caesmasc3
tlg001:1.430	διέκερσε	15	19	short-δι-short-έ-long-κερ-short-σε	hemi2
tlg001:1.430	τένοντας·	20	24	short-τέ-long-νον-long-τας·	hemi2
tlg001:1.431	ἤριπε	1	4	long-ἤ-short-ρι-short-πε	hemi1
tlg001:1.431	δʼ	5	5	δʼ	hemi1
tlg001:1.431	ἀμφοτέροισι	5	11	long-ἀμ-short-φο-short-τέ-long-ροι-short-σι	hemi1	diaer2
tlg001:1.431	περιρρηδὴς	12	18	short-πε-long-ριρ-long-ρη-long-δὴς	hemi2	caesfem3
tlg001:1.431	κεράεσσιν.	19	24	short-κε-short-ρά-long-εσ-long-σιν.	hemi2
tlg001:1.432	τοὺς	1	2	long-τοὺς	hemi1
tlg001:1.432	δʼ	3	3	δʼ	hemi1
tlg001:1.432	ἕταροι	3	6	short-ἕ-short-τα-long-ροι	hemi1
tlg001:1.432	σφάξαν	7	10	long-σφά-long-ξαν	hemi1
tlg001:1.432	τε	11	11	short-τε	hemi1
tlg001:1.432	θοῶς,	12	14	short-θο-long-ῶς,	hemi2	caesfem3
tlg001:1.432	δεῖράν	15	18	long-δεῖ-long-ράν	hemi2
tlg001:1.432	τε	19	19	short-τε	hemi2
tlg001:1.432	βοείᾱς,	20	24	short-βο-long-εί-long-ᾱς,	hemi2
tlg001:1.433	κόπτον,	1	4	long-κόπ-long-τον,	hemi1
tlg001:1.433	δαίτρευόν	5	10	long-δαίτ-long-ρευ-long-όν	hemi1	diaer2
tlg001:1.433	τε,	11	11	short-τε,	hemi1
tlg001:1.433	καὶ	12	12	short-καὶ	hemi2	caesfem3	correption
tlg001:1.433	ἱ̄ερὰ	13	16	long-ἱ̄-short-ε-short-ρὰ	hemi2
tlg001:1.433	μῆρʼ	17	18	long-μῆρʼ	hemi2	bucdiaer
tlg001:1.433	ἐτάμοντο,	19	24	short-ἐ-short-τά-long-μον-long-το,	hemi2
tlg001:1.434	κὰδ	1	2	long-κὰδ	hemi1
tlg001:1.434	δʼ	3	3	δʼ	hemi1
tlg001:1.434	ἄμυδις	3	6	short-ἄ-short-μυ-long-δις	hemi1
tlg001:1.434	τάγε	7	8	short-τά-short-γε	hemi1
tlg001:1.434	πάντα	9	11	long-πάν-short-τα	hemi1	diaer3
tlg001:1.434	καλύψαντες	12	18	short-κα-long-λύ-long-ψαν-long-τες	hemi2	caesfem3
tlg001:1.434	πύκα	19	20	short-πύ-short-κα	hemi2
tlg001:1.434	δημῷ	21	24	long-δη-long-μῷ	hemi2	diaer6
tlg001:1.435	καῖον	1	3	long-καῖ-short-ον	hemi1
tlg001:1.435	ἐπὶ	4	6	short-ἐ-long-πὶ	hemi1
tlg001:1.435	σχίζῃσιν·	7	11	long-σχί-long-ζῃ-short-σιν·	hemi1
tlg001:1.435	ὁ	12	12	short-ὁ	hemi2	caesfem3
tlg001:1.435	δʼ	13	13	δʼ	hemi2
tlg001:1.435	ἀκρήτους	13	18	long-ἀ-long-κρή-long-τους	hemi2	diaer4
tlg001:1.435	χέε	19	20	short-χέ-short-ε	hemi2
tlg001:1.435	λοιβᾱ̀ς	21	24	long-λοι-long-βᾱ̀ς	hemi2	diaer6
tlg001:1.436	Αἰσονίδης,	1	6	long-Αἰ-short-σο-short-νί-long-δης,	hemi1
tlg001:1.436	γήθει	7	10	long-γή-long-θει	hemi1
tlg001:1.436	δὲ	11	11	short-δὲ	hemi1
tlg001:1.436	σέλας	12	14	short-σέ-long-λας	hemi2	caesfem3
tlg001:1.436	θηεύμενος	15	20	long-θη-long-εύ-short-με-short-νος	hemi2
tlg001:1.436	Ἴδμων	21	24	long-Ἴδ-long-μων	hemi2	diaer6
tlg001:1.437	πάντοσε	1	4	long-πάν-short-το-short-σε	hemi1
tlg001:1.437	λαμπόμενον	5	10	long-λαμ-short-πό-short-με-long-νον	hemi1	diaer2
tlg001:1.437	θυέων	11	14	short-θυ-short-έ-long-ων	hemi2	caesmasc3
tlg001:1.437	ἄπο	15	16	short-ἄ-short-πο	hemi2
tlg001:1.437	τοῖό	17	19	long-τοῖ-short-ό	hemi2	bucdiaer
tlg001:1.437	τε	20	20	short-τε	hemi2
tlg001:1.437	λιγνὺν	21	24	long-λιγ-long-νὺν	hemi2	diaer6
tlg001:1.438	πορφυρέαις	1	6	long-πορ-short-φυ-short-ρέ-long-αις	hemi1
tlg001:1.438	ἑλίκεσσιν	7	11	short-ἑ-short-λί-long-κεσ-short-σιν	hemi1
tlg001:1.438	ἐναίσιμον	12	16	short-ἐν-long-αί-short-σι-short-μον	hemi2	caesfem3
tlg001:1.438	ἀ̄ίσσουσαν·	17	24	long-ἀ̄-long-ίσ-long-σου-long-σαν·	hemi2	bucdiaer
tlg001:1.439	αἶψα	1	3	long-αἶ-short-ψα	hemi1
tlg001:1.439	δʼ	4	4	δʼ	hemi1
tlg001:1.439	ἀπηλεγέως	4	10	short-ἀπ-long-η-short-λε-short-γέ-long-ως	hemi1
tlg001:1.439	νόον	11	12	short-νό-short-ον	hemi2	caesmasc3
tlg001:1.439	ἔκφατο	13	16	long-ἔκ-short-φα-short-το	hemi2	diaer4
tlg001:1.439	Λητοΐδᾱο·	17	24	long-Λη-short-το-short-ΐ-long-δᾱ-long-ο·	hemi2	bucdiaer
tlg001:1.440	‘ὑ̄μῖν	1	4	long-‘ὑ̄-long-μῖν	hemi1
tlg001:1.440	μὲν	5	6	long-μὲν	hemi1
tlg001:1.440	δὴ	7	8	long-δὴ	hemi1
tlg001:1.440	μοῖρα	9	11	long-μοῖ-short-ρα	hemi1	diaer3
tlg001:1.440	θεῶν	12	14	short-θε-long-ῶν	hemi2	caesfem3
tlg001:1.440	χρειώ	15	18	long-χρει-long-ώ	hemi2
tlg001:1.440	τε	19	19	short-τε	hemi2
tlg001:1.440	περῆσαι	20	24	short-πε-long-ρῆ-long-σαι	hemi2
tlg001:1.441	ἐνθάδε	1	4	long-ἐν-short-θά-short-δε	hemi1
tlg001:1.441	κῶας	5	7	long-κῶ-short-ας	hemi1	diaer2
tlg001:1.441	ἄγοντας·	8	11	short-ἄ-long-γον-short-τας·	hemi1
tlg001:1.441	ἀπειρέσιοι	12	18	short-ἀ-long-πει-short-ρέ-short-σι-long-οι	hemi2	caesfem3
tlg001:1.441	δʼ	19	19	δʼ	hemi2
tlg001:1.441	ἐνὶ	19	20	short-ἐ-short-νὶ	hemi2
tlg001:1.441	μέσσῳ	21	24	long-μέσ-long-σῳ	hemi2	diaer6
tlg001:1.442	κεῖσέ	1	3	long-κεῖ-short-σέ	hemi1
tlg001:1.442	τε	4	4	short-τε	hemi1
tlg001:1.442	δεῦρό	5	7	long-δεῦ-short-ρό	hemi1	diaer2
tlg001:1.442	τʼ	8	8	τʼ	hemi1
tlg001:1.442	ἔᾱσιν	8	11	short-ἔ-long-ᾱ-short-σιν	hemi1
tlg001:1.442	ἀνερχομένοισιν	12	19	short-ἀν-long-ερ-short-χο-short-μέ-long-νοι-short-σιν	hemi2	caesfem3
tlg001:1.442	ἄεθλοι.	20	24	short-ἄ-long-εθ-long-λοι.	hemi2
tlg001:1.443	αὐτὰρ	1	3	long-αὐ-short-τὰρ	hemi1
tlg001:1.443	ἐμοὶ	4	6	short-ἐ-long-μοὶ	hemi1
tlg001:1.443	θανέειν	7	10	short-θα-short-νέ-long-ειν	hemi1
tlg001:1.443	στυγερῇ	11	14	short-στυ-short-γε-long-ρῇ	hemi2	caesmasc3	hiatus
tlg001:1.443	ὑπὸ	15	16	short-ὑ-short-πὸ	hemi2
tlg001:1.443	δαίμονος	17	20	long-δαί-short-μο-short-νος	hemi2	bucdiaer
tlg001:1.443	αἴσῃ	21	24	long-αἴ-long-σῃ	hemi2	diaer6
tlg001:1.444	τηλόθι	1	4	long-τη-short-λό-short-θι	hemi1
tlg001:1.444	που	5	6	long-που	hemi1
tlg001:1.444	πέπρωται	7	11	long-πέ-long-πρω-short-ται	hemi1	correption
tlg001:1.444	ἐπʼ	12	12	short-ἐπʼ	hemi2	caesfem3
tlg001:1.444	Ἀ̄σίδος	13	16	long-Ἀ̄-short-σί-short-δος	hemi2	diaer4
tlg001:1.444	ἠπείροιο.	17	24	long-ἠ-long-πεί-long-ροι-long-ο.	hemi2	bucdiaer
tlg001:1.445	ὧδε	1	3	long-ὧ-short-δε	hemi1
tlg001:1.445	κακοῖς	4	6	short-κα-long-κοῖς	hemi1
tlg001:1.445	δεδαὼς	7	10	short-δε-short-δα-long-ὼς	hemi1
tlg001:1.445	ἔτι	11	12	short-ἔ-short-τι	hemi2	caesmasc3
tlg001:1.445	καὶ	13	14	long-καὶ	hemi2	diaer4
tlg001:1.445	πάρος	15	16	short-πά-short-ρος	hemi2
tlg001:1.445	οἰωνοῖσιν	17	24	long-οἰ-long-ω-long-νοῖ-long-σιν	hemi2	bucdiaer
tlg001:1.446	πότμον	1	3	long-πότ-short-μον	hemi1
tlg001:1.446	ἐμὸν	4	6	short-ἐ-long-μὸν	hemi1
tlg001:1.446	πάτρης	7	10	long-πάτ-long-ρης	hemi1
tlg001:1.446	ἐξήιον,	11	16	long-ἐξ-long-ή-short-ι-short-ον,	hemi2	caesmasc3
tlg001:1.446	ὄφρʼ	17	18	long-ὄφρʼ	hemi2	bucdiaer
tlg001:1.446	ἐπιβαίην	19	24	short-ἐ-short-πι-long-βαί-long-ην	hemi2
tlg001:1.447	νηός,	1	3	long-νη-short-ός,	hemi1
tlg001:1.447	ἐυκλείη	4	10	short-ἐ-long-υ-long-κλεί-long-η	hemi1
tlg001:1.447	δὲ	11	11	short-δὲ	hemi1
tlg001:1.447	δόμοις	12	14	short-δό-long-μοις	hemi2	caesfem3
tlg001:1.447	ἐπιβάντι	15	19	short-ἐ-short-πι-long-βάν-short-τι	hemi2
tlg001:1.447	λίπηται.’	20	24	short-λί-long-πη-long-ται.’	hemi2
tlg001:1.448	ὧς	1	2	long-ὧς	hemi1
tlg001:1.448	ἄρʼ	3	3	short-ἄρʼ	hemi1
tlg001:1.448	ἔφη·	4	6	short-ἔ-long-φη·	hemi1
tlg001:1.448	κοῦροι	7	10	long-κοῦ-long-ροι	hemi1
tlg001:1.448	δὲ	11	11	short-δὲ	hemi1
tlg001:1.448	θεοπροπίης	12	18	short-θε-long-ο-short-προ-short-πί-long-ης	hemi2	caesfem3
tlg001:1.448	ἀίοντες	19	24	short-ἀ-short-ί-long-ον-long-τες	hemi2
tlg001:1.449	νόστῳ	1	4	long-νόσ-long-τῳ	hemi1
tlg001:1.449	μὲν	5	6	long-μὲν	hemi1
tlg001:1.449	γήθησαν,	7	11	long-γή-long-θη-short-σαν,	hemi1
tlg001:1.449	ἄχος	12	14	short-ἄ-long-χος	hemi2	caesfem3
tlg001:1.449	δʼ	15	15	δʼ	hemi2
tlg001:1.449	ἕλεν	15	16	short-ἕ-short-λεν	hemi2
tlg001:1.449	Ἴδμονος	17	20	long-Ἴδ-short-μο-short-νος	hemi2	bucdiaer
tlg001:1.449	αἴσῃ.	21	24	long-αἴ-long-σῃ.	hemi2	diaer6
tlg001:1.450	ἦμος	1	4	long-ἦ-long-μος	hemi1
tlg001:1.450	δʼ	5	5	δʼ	hemi1
tlg001:1.450	ἠέλιος	5	10	long-ἠ-short-έ-short-λι-long-ος	hemi1	diaer2
tlg001:1.450	σταθερὸν	11	14	short-στα-short-θε-long-ρὸν	hemi2	caesmasc3
tlg001:1.450	παραμείβεται	15	20	short-παρ-short-α-long-μεί-short-βε-short-ται	hemi2	correption
tlg001:1.450	ἦμαρ,	21	24	long-ἦ-long-μαρ,	hemi2	diaer6
tlg001:1.451	αἱ	1	2	long-αἱ	hemi1
tlg001:1.451	δὲ	3	3	short-δὲ	hemi1
tlg001:1.451	νέον	4	6	short-νέ-long-ον	hemi1
tlg001:1.451	σκοπέλοισιν	7	11	short-σκο-short-πέ-long-λοι-short-σιν	hemi1
tlg001:1.451	ὑποσκιόωνται	12	19	short-ὑ-long-ποσ-short-κι-short-ό-long-ων-short-ται	hemi2	caesfem3	correption
tlg001:1.451	ἄρουραι,	20	24	short-ἄ-long-ρου-long-ραι,	hemi2
tlg001:1.452	δειελινὸν	1	6	long-δει-short-ε-short-λι-long-νὸν	hemi1
tlg001:1.452	κλῑ́νοντος	7	11	long-κλῑ́-long-νον-short-τος	hemi1
tlg001:1.452	ὑπὸ	12	14	short-ὑ-long-πὸ	hemi2	caesfem3
tlg001:1.452	ζόφον	15	16	short-ζό-short-φον	hemi2
tlg001:1.452	ἠελίοιο,	17	24	long-ἠ-short-ε-short-λί-long-οι-long-ο,	hemi2	bucdiaer
tlg001:1.453	τῆμος	1	3	long-τῆ-short-μος	hemi1
tlg001:1.453	ἄρʼ	4	4	short-ἄρʼ	hemi1
tlg001:1.453	ἤδη	5	8	long-ἤ-long-δη	hemi1	diaer2
tlg001:1.453	πάντες	9	11	long-πάν-short-τες	hemi1	diaer3
tlg001:1.453	ἐπὶ	12	14	short-ἐ-long-πὶ	hemi2	caesfem3
tlg001:1.453	ψαμάθοισι	15	19	short-ψα-short-μά-long-θοι-short-σι	hemi2
tlg001:1.453	βαθεῖαν	20	24	short-βα-long-θεῖ-long-αν	hemi2
tlg001:1.454	φυλλάδα	1	4	long-φυλ-short-λά-short-δα	hemi1
tlg001:1.454	χευάμενοι	5	10	long-χευ-short-ά-short-με-long-νοι	hemi1	diaer2
tlg001:1.454	πολιοῦ	11	14	short-πο-short-λι-long-οῦ	hemi2	caesmasc3
tlg001:1.454	πρόπαρ	15	16	short-πρό-short-παρ	hemi2
tlg001:1.454	αἰγιαλοῖο	17	24	long-αἰ-short-γι-short-α-long-λοῖ-long-ο	hemi2	bucdiaer
tlg001:1.455	κέκλινθʼ	1	4	long-κέ-long-κλινθʼ	hemi1
tlg001:1.455	ἑξείης·	5	10	long-ἑ-long-ξεί-long-ης·	hemi1	diaer2
tlg001:1.455	παρὰ	11	12	short-πα-short-ρὰ	hemi2	caesmasc3
tlg001:1.455	δέ	13	14	long-δέ	hemi2
tlg001:1.455	σφισι	15	16	short-σφι-short-σι	hemi2
tlg001:1.455	μῡρίʼ	17	19	long-μῡ-short-ρίʼ	hemi2	bucdiaer
tlg001:1.455	ἔκειτο	20	24	short-ἔ-long-κει-long-το	hemi2
tlg001:1.456	εἴδατα,	1	4	long-εἴ-short-δα-short-τα,	hemi1
tlg001:1.456	καὶ	5	6	long-καὶ	hemi1	diaer2
tlg001:1.456	μέθυ	7	8	short-μέ-short-θυ	hemi1
tlg001:1.456	λᾱρόν,	9	11	long-λᾱ-short-ρόν,	hemi1	diaer3
tlg001:1.456	ἀφυσσαμένων	12	18	short-ἀ-long-φυσ-short-σα-short-μέ-long-νων	hemi2	caesfem3
tlg001:1.456	προχόῃσιν	19	24	short-προ-short-χό-long-ῃ-long-σιν	hemi2
tlg001:1.457	οἰνοχόων·	1	6	long-οἰ-short-νο-short-χό-long-ων·	hemi1
tlg001:1.457	μετέπειτα	7	11	short-μετ-short-έ-long-πει-short-τα	hemi1
tlg001:1.457	δʼ	12	12	δʼ	hemi1
tlg001:1.457	ἀμοιβαδὶς	12	16	short-ἀ-long-μοι-short-βα-short-δὶς	hemi2	caesfem3
tlg001:1.457	ἀλλήλοισιν	17	24	long-ἀλ-long-λή-long-λοι-long-σιν	hemi2	bucdiaer
tlg001:1.458	μῡθεῦνθʼ,	1	4	long-μῡ-long-θεῦνθʼ,	hemi1
tlg001:1.458	οἷά	5	7	long-οἷ-short-ά	hemi1	diaer2
tlg001:1.458	τε	8	8	short-τε	hemi1
tlg001:1.458	πολλὰ	9	11	long-πολ-short-λὰ	hemi1	diaer3
tlg001:1.458	νέοι	12	14	short-νέ-long-οι	hemi2	caesfem3
tlg001:1.458	παρὰ	15	16	short-πα-short-ρὰ	hemi2
tlg001:1.458	δαιτὶ	17	19	long-δαι-short-τὶ	hemi2	bucdiaer
tlg001:1.458	καὶ	20	20	short-καὶ	hemi2	correption
tlg001:1.458	οἴνῳ	21	24	long-οἴ-long-νῳ	hemi2
tlg001:1.459	τερπνῶς	1	4	long-τερ-long-πνῶς	hemi1
tlg001:1.459	ἑψιόωνται,	5	11	long-ἑ-short-ψι-short-ό-long-ων-short-ται,	hemi1	diaer2	correption
tlg001:1.459	ὅτʼ	12	12	short-ὅτʼ	hemi2	caesfem3
tlg001:1.459	ἄ̄ατος	13	16	long-ἄ̄-short-α-short-τος	hemi2	diaer4
tlg001:1.459	ὕβρις	17	19	long-ὕβ-short-ρις	hemi2	bucdiaer
tlg001:1.459	ἀπείη.	20	24	short-ἀπ-long-εί-long-η.	hemi2
tlg001:1.460	ἔνθʼ	1	2	long-ἔνθʼ	hemi1
tlg001:1.460	αὖτʼ	3	4	long-αὖτʼ	hemi1
tlg001:1.460	Αἰσονίδης	5	10	long-Αἰ-short-σο-short-νί-long-δης	hemi1	diaer2
tlg001:1.460	μὲν	11	11	short-μὲν	hemi1
tlg001:1.460	ἀμήχανος	12	16	short-ἀ-long-μή-short-χα-short-νος	hemi2	caesfem3
tlg001:1.460	εἰν	17	18	long-εἰν	hemi2	bucdiaer
tlg001:1.460	ἑοῖ	19	20	short-ἑ-short-οῖ	hemi2	correption
tlg001:1.460	αὐτῷ	21	24	long-αὐ-long-τῷ	hemi2	diaer6
tlg001:1.461	πορφῡ́ρεσκεν	1	7	long-πορ-long-φῡ́-long-ρεσ-short-κεν	hemi1
tlg001:1.461	ἕκαστα	8	11	short-ἕ-long-κασ-short-τα	hemi1
tlg001:1.461	κατηφιόωντι	12	19	short-κατ-long-η-short-φι-short-ό-long-ων-short-τι	hemi2	caesfem3	hiatus
tlg001:1.461	ἐοικώς.	20	24	short-ἐ-long-οι-long-κώς.	hemi2
tlg001:1.462	τὸν	1	2	long-τὸν	hemi1
tlg001:1.462	δʼ	3	3	δʼ	hemi1
tlg001:1.462	ἄρʼ	3	3	short-ἄρʼ	hemi1
tlg001:1.462	ὑποφρασθεὶς	4	10	short-ὑ-long-πο-long-φρασ-long-θεὶς	hemi1
tlg001:1.462	μεγάλῃ	11	14	short-με-short-γά-long-λῃ	hemi2	caesmasc3	hiatus
tlg001:1.462	ὀπὶ	15	16	short-ὀ-short-πὶ	hemi2
tlg001:1.462	νείκεσεν	17	20	long-νεί-short-κε-short-σεν	hemi2	bucdiaer
tlg001:1.462	Ἴ̄δᾱς·	21	24	long-Ἴ̄-long-δᾱς·	hemi2	diaer6
tlg001:1.463	‘Αἰσονίδη,	1	6	long-‘Αἰ-short-σο-short-νί-long-δη,	hemi1
tlg001:1.463	τίνα	7	8	short-τί-short-να	hemi1
tlg001:1.463	τήνδε	9	11	long-τήν-short-δε	hemi1	diaer3
tlg001:1.463	μετὰ	12	14	short-με-long-τὰ	hemi2	caesfem3
tlg001:1.463	φρεσὶ	15	16	short-φρε-short-σὶ	hemi2
tlg001:1.463	μῆτιν	17	19	long-μῆ-short-τιν	hemi2	bucdiaer
tlg001:1.463	ἑλίσσεις;	20	24	short-ἑ-long-λίσ-long-σεις;	hemi2
tlg001:1.464	αὔδα	1	3	long-αὔ-short-δα	hemi1	hiatus
tlg001:1.464	ἐνὶ	4	6	short-ἐ-long-νὶ	hemi1	preliquid
tlg001:1.464	μέσσοισι	7	11	long-μέσ-long-σοι-short-σι	hemi1
tlg001:1.464	τεὸν	12	14	short-τε-long-ὸν	hemi2	caesfem3
tlg001:1.464	νόον.	15	16	short-νό-short-ον.	hemi2
tlg001:1.464	ἦέ	17	19	long-ἦ-short-έ	hemi2	bucdiaer
tlg001:1.464	σε	20	20	short-σε	hemi2
tlg001:1.464	δαμνᾷ	21	24	long-δαμ-long-νᾷ	hemi2	diaer6
tlg001:1.465	τάρβος	1	3	long-τάρ-short-βος	hemi1
tlg001:1.465	ἐπιπλόμενον,	4	10	short-ἐ-long-πι-short-πλό-short-με-long-νον,	hemi1
tlg001:1.465	τό	11	11	short-τό	hemi2	caesmasc3
tlg001:1.465	τʼ	12	12	τʼ	hemi2
tlg001:1.465	ἀνάλκιδας	12	16	short-ἀν-long-άλ-short-κι-short-δας	hemi2
tlg001:1.465	ἄνδρας	17	19	long-ἄν-short-δρας	hemi2	bucdiaer
tlg001:1.465	ἀτύζει;	20	24	short-ἀ-long-τύ-long-ζει;	hemi2
tlg001:1.466	ἴστω	1	4	long-ἴσ-long-τω	hemi1
tlg001:1.466	νῦν	5	6	long-νῦν	hemi1	diaer2
tlg001:1.466	δόρυ	7	8	short-δό-short-ρυ	hemi1
tlg001:1.466	θοῦρον,	9	11	long-θοῦ-short-ρον,	hemi1	diaer3
tlg001:1.466	ὅτῳ	12	14	short-ὅ-long-τῳ	hemi2	caesfem3
tlg001:1.466	περιώσιον	15	20	short-πε-short-ρι-long-ώ-short-σι-short-ον	hemi2
tlg001:1.466	ἄλλων	21	24	long-ἄλ-long-λων	hemi2	diaer6
tlg001:1.467	κῦδος	1	3	long-κῦ-short-δος	hemi1
tlg001:1.467	ἐνὶ	4	6	short-ἐ-long-νὶ	hemi1
tlg001:1.467	πτολέμοισιν	7	11	short-πτο-short-λέ-long-μοι-short-σιν	hemi1
tlg001:1.467	ἀείρομαι,	12	16	short-ἀ-long-εί-short-ρο-short-μαι,	hemi2	caesfem3	correption
tlg001:1.467	οὐδέ	17	19	long-οὐ-short-δέ	hemi2	bucdiaer
tlg001:1.467	μ᾽ὀφέλλει	20	24	short-μ᾽ὀ-long-φέλ-long-λει	hemi2
tlg001:1.468	Ζεὺς	1	2	long-Ζεὺς	hemi1
tlg001:1.468	τόσον,	3	4	short-τό-short-σον,	hemi1
tlg001:1.468	ὁσσάτιόν	5	10	long-ὁσ-short-σά-short-τι-long-όν	hemi1	diaer2
tlg001:1.468	περ	11	11	short-περ	hemi1
tlg001:1.468	ἐμὸν	12	14	short-ἐ-long-μὸν	hemi2	caesfem3
tlg001:1.468	δόρυ,	15	16	short-δό-short-ρυ,	hemi2
tlg001:1.468	μή	17	18	long-μή	hemi2	bucdiaer
tlg001:1.468	νύ	19	19	short-νύ	hemi2
tlg001:1.468	τι	20	20	short-τι	hemi2
tlg001:1.468	πῆμα	21	24	long-πῆ-long-μα	hemi2	diaer6
tlg001:1.469	λοίγιον	1	4	long-λοί-short-γι-short-ον	hemi1
tlg001:1.469	ἔσσεσθαι,	5	10	long-ἔσ-long-σεσ-long-θαι,	hemi1	diaer2
tlg001:1.469	μηδʼ	11	12	long-μηδʼ	hemi2	caesmasc3
tlg001:1.469	ἀκρᾱ́αντον	13	19	long-ἀ-long-κρᾱ́-long-αν-short-τον	hemi2	diaer4
tlg001:1.469	ἄεθλον	20	24	short-ἄ-long-εθ-long-λον	hemi2
tlg001:1.470	Ἴ̄δεω	1	4	long-Ἴ̄-short-δε-short-ω	hemi1	correption
tlg001:1.470	ἑσπομένοιο,	5	11	long-ἑσ-short-πο-short-μέ-long-νοι-short-ο,	hemi1	diaer2
tlg001:1.470	καὶ	12	12	short-καὶ	hemi2	caesfem3	correption
tlg001:1.470	εἰ	13	14	long-εἰ	hemi2
tlg001:1.470	θεὸς	15	16	short-θε-short-ὸς	hemi2
tlg001:1.470	ἀντιόῳτο.	17	24	long-ἀν-short-τι-short-ό-long-ῳ-long-το.	hemi2	bucdiaer
tlg001:1.471	τοῖόν	1	4	long-τοῖ-long-όν	hemi1
tlg001:1.471	μ᾽Ἀ̄ρήνηθεν	5	11	long-μ᾽Ἀ̄-long-ρή-long-νη-short-θεν	hemi1	diaer2
tlg001:1.471	ἀοσσητῆρα	12	19	short-ἀ-long-οσ-long-ση-long-τῆ-short-ρα	hemi2	caesfem3
tlg001:1.471	κομίζεις.’	20	24	short-κο-long-μί-long-ζεις.’	hemi2
tlg001:1.472	ἦ,	1	2	long-ἦ,	hemi1
tlg001:1.472	καὶ	3	3	short-καὶ	hemi1	correption
tlg001:1.472	ἐπισχόμενος	4	10	short-ἐ-long-πι-short-σχό-short-με-long-νος	hemi1
tlg001:1.472	πλεῖον	11	14	long-πλεῖ-long-ον	hemi2	caesmasc3
tlg001:1.472	δέπας	15	16	short-δέ-short-πας	hemi2
tlg001:1.472	ἀμφοτέρῃσιν	17	24	long-ἀμ-short-φο-short-τέ-long-ρῃ-long-σιν	hemi2	bucdiaer
tlg001:1.473	πῖνε	1	3	long-πῖ-short-νε	hemi1
tlg001:1.473	χαλίκρητον	4	10	short-χα-long-λί-long-κρη-long-τον	hemi1
tlg001:1.473	λᾱρὸν	11	14	long-λᾱ-long-ρὸν	hemi2	caesmasc3
tlg001:1.473	μέθυ·	15	16	short-μέ-short-θυ·	hemi2
tlg001:1.473	δεύετο	17	20	long-δεύ-short-ε-short-το	hemi2	bucdiaer
tlg001:1.473	δʼ	21	21	δʼ	hemi2
tlg001:1.473	οἴνῳ	21	24	long-οἴ-long-νῳ	hemi2	diaer6
tlg001:1.474	χείλεα,	1	4	long-χεί-short-λε-short-α,	hemi1
tlg001:1.474	κῡάνεαί	5	10	long-κῡ-short-ά-short-νε-long-αί	hemi1	diaer2
tlg001:1.474	τε	11	11	short-τε	hemi1
tlg001:1.474	γενειάδες·	12	16	short-γε-long-νει-short-ά-short-δες·	hemi2	caesfem3
tlg001:1.474	οἱ	17	18	long-οἱ	hemi2	bucdiaer
tlg001:1.474	δʼ	19	19	δʼ	hemi2
tlg001:1.474	ὁμάδησαν	19	24	short-ὁ-short-μά-long-δη-long-σαν	hemi2
tlg001:1.475	πάντες	1	3	long-πάν-short-τες	hemi1
tlg001:1.475	ὁμῶς,	4	6	short-ὁ-long-μῶς,	hemi1
tlg001:1.475	Ἴδμων	7	10	long-Ἴδ-long-μων	hemi1
tlg001:1.475	δὲ	11	11	short-δὲ	hemi1
tlg001:1.475	καὶ	12	12	short-καὶ	hemi2	caesfem3	correption
tlg001:1.475	ἀμφαδίην	13	18	long-ἀμ-short-φα-short-δί-long-ην	hemi2
tlg001:1.475	ἀγόρευσεν·	19	24	short-ἀ-short-γό-long-ρευ-long-σεν·	hemi2
tlg001:1.476	‘δαιμόνιε,	1	6	long-‘δαι-short-μό-short-νι-long-ε,	hemi1
tlg001:1.476	φρονέεις	7	10	short-φρο-short-νέ-long-εις	hemi1
tlg001:1.476	ὀλοφώια	11	16	short-ὀ-short-λο-long-φώ-short-ι-short-α	hemi2	caesmasc3
tlg001:1.476	καὶ	17	18	long-καὶ	hemi2	bucdiaer
tlg001:1.476	πάρος	19	20	short-πά-short-ρος	hemi2
tlg001:1.476	αὐτῷ.	21	24	long-αὐ-long-τῷ.	hemi2	diaer6
tlg001:1.477	ἦέ	1	3	long-ἦ-short-έ	hemi1
tlg001:1.477	τοι	4	4	short-τοι	hemi1	correption
tlg001:1.477	εἰς	5	6	long-εἰς	hemi1	diaer2
tlg001:1.477	ἄ̄την	7	10	long-ἄ̄-long-την	hemi1
tlg001:1.477	ζωρὸν	11	14	long-ζω-long-ρὸν	hemi2	caesmasc3
tlg001:1.477	μέθυ	15	16	short-μέ-short-θυ	hemi2
tlg001:1.477	θαρσαλέον	17	22	long-θαρ-short-σα-short-λέ-long-ον	hemi2	bucdiaer
tlg001:1.477	κῆρ	23	24	long-κῆρ	hemi2
tlg001:1.478	οἰδάνει	1	4	long-οἰ-short-δά-short-νει	hemi1	correption
tlg001:1.478	ἐν	5	6	long-ἐν	hemi1	diaer2
tlg001:1.478	στήθεσσι,	7	11	long-στή-long-θεσ-short-σι,	hemi1
tlg001:1.478	θεοὺς	12	14	short-θε-long-οὺς	hemi2	caesfem3
tlg001:1.478	δʼ	15	15	δʼ	hemi2
tlg001:1.478	ἀνέηκεν	15	19	short-ἀν-short-έ-long-η-short-κεν	hemi2
tlg001:1.478	ἀτίζειν;	20	24	short-ἀ-long-τί-long-ζειν;	hemi2
tlg001:1.479	ἄλλοι	1	4	long-ἄλ-long-λοι	hemi1
tlg001:1.479	μῦθοι	5	7	long-μῦ-short-θοι	hemi1	diaer2	correption
tlg001:1.479	ἔᾱσι	8	11	short-ἔ-long-ᾱ-short-σι	hemi1
tlg001:1.479	παρήγοροι,	12	16	short-παρ-long-ή-short-γο-short-ροι,	hemi2	caesfem3	correption
tlg001:1.479	οἷσί	17	19	long-οἷ-short-σί	hemi2	bucdiaer
tlg001:1.479	περ	20	20	short-περ	hemi2
tlg001:1.479	ἀ̄νὴρ	21	24	long-ἀ̄-long-νὴρ	hemi2	diaer6
tlg001:1.480	θαρσῡ́νοι	1	6	long-θαρ-long-σῡ́-long-νοι	hemi1	hiatus
tlg001:1.480	ἕταρον·	7	10	short-ἕ-short-τα-long-ρον·	hemi1
tlg001:1.480	σὺ	11	11	short-σὺ	hemi2	caesmasc3
tlg001:1.480	δʼ	12	12	δʼ	hemi2
tlg001:1.480	ἀτάσθαλα	12	16	short-ἀ-long-τάσ-short-θα-short-λα	hemi2
tlg001:1.480	πάμπαν	17	19	long-πάμ-short-παν	hemi2	bucdiaer
tlg001:1.480	ἔειπας,	20	24	short-ἔ-long-ει-long-πας,	hemi2
tlg001:1.481	τοῖα	1	3	long-τοῖ-short-α	hemi1
tlg001:1.481	φάτις	4	6	short-φά-long-τις	hemi1
tlg001:1.481	καὶ	7	8	long-καὶ	hemi1
tlg001:1.481	τοὺς	9	10	long-τοὺς	hemi1
tlg001:1.481	πρὶν	11	11	short-πρὶν	hemi2	caesmasc3
tlg001:1.481	ἐπιφλῡ́ειν	12	18	short-ἐ-long-πι-long-φλῡ́-long-ειν	hemi2
tlg001:1.481	μακάρεσσιν	19	24	short-μα-short-κά-long-ρεσ-long-σιν	hemi2
tlg001:1.482	υἷας	1	3	long-υἷ-short-ας	hemi1
tlg001:1.482	Ἀλωιάδᾱς,	4	10	short-Ἀ-long-λω-short-ι-short-ά-long-δᾱς,	hemi1
tlg001:1.482	οἷς	11	12	long-οἷς	hemi2	caesmasc3
tlg001:1.482	οὐδʼ	13	14	long-οὐδʼ	hemi2	diaer4
tlg001:1.482	ὅσον	15	16	short-ὅ-short-σον	hemi2
tlg001:1.482	ἰ̄σοφαρίζεις	17	24	long-ἰ̄-short-σο-short-φα-long-ρί-long-ζεις	hemi2	bucdiaer
tlg001:1.483	ἠνορέην·	1	6	long-ἠ-short-νο-short-ρέ-long-ην·	hemi1
tlg001:1.483	ἔμπης	7	10	long-ἔμ-long-πης	hemi1
tlg001:1.483	δὲ	11	11	short-δὲ	hemi1
tlg001:1.483	θοοῖς	12	14	short-θο-long-οῖς	hemi2	caesfem3
tlg001:1.483	ἐδάμησαν	15	19	short-ἐ-short-δά-long-μη-short-σαν	hemi2
tlg001:1.483	ὀιστοῖς	20	24	short-ὀ-long-ισ-long-τοῖς	hemi2
tlg001:1.484	ἄμφω	1	4	long-ἄμ-long-φω	hemi1
tlg001:1.484	Λητοΐδᾱο,	5	11	long-Λη-short-το-short-ΐ-long-δᾱ-short-ο,	hemi1	diaer2
tlg001:1.484	καὶ	12	12	short-καὶ	hemi2	caesfem3	correption
tlg001:1.484	ἴφθῑμοί	13	18	long-ἴφ-long-θῑ-long-μοί	hemi2
tlg001:1.484	περ	19	19	short-περ	hemi2
tlg001:1.484	ἐόντες.’	20	24	short-ἐ-long-όν-long-τες.’	hemi2
tlg001:1.485	ὧς	1	2	long-ὧς	hemi1
tlg001:1.485	ἔφατʼ·	3	4	short-ἔ-short-φατʼ·	hemi1
tlg001:1.485	ἐκ	5	6	long-ἐκ	hemi1	diaer2
tlg001:1.485	δʼ	7	7	δʼ	hemi1
tlg001:1.485	ἐγέλασσεν	7	11	short-ἐ-short-γέ-long-λασ-short-σεν	hemi1
tlg001:1.485	ἄδην	12	14	short-ἄ-long-δην	hemi2	caesfem3
tlg001:1.485	Ἀφαρήιος	15	20	short-Ἀ-short-φα-long-ρή-short-ι-short-ος	hemi2
tlg001:1.485	Ἴ̄δᾱς	21	24	long-Ἴ̄-long-δᾱς	hemi2	diaer6
tlg001:1.486	καί	1	2	long-καί	hemi1
tlg001:1.486	μιν	3	3	short-μιν	hemi1
tlg001:1.486	ἐπιλλίζων	4	10	short-ἐ-long-πιλ-long-λί-long-ζων	hemi1
tlg001:1.486	ἠμείβετο	11	16	long-ἠ-long-μεί-short-βε-short-το	hemi2	caesmasc3
tlg001:1.486	κερτομίοισιν·	17	24	long-κερ-short-το-short-μί-long-οι-long-σιν·	hemi2	bucdiaer
tlg001:1.487	‘ἄγρει	1	4	long-‘ἄγ-long-ρει	hemi1
tlg001:1.487	νῡν	5	6	long-νῡν	hemi1	diaer2
tlg001:1.487	τόδε	7	8	short-τό-short-δε	hemi1
tlg001:1.487	σῇσι	9	11	long-σῇ-short-σι	hemi1	diaer3
tlg001:1.487	θεοπροπίῃσιν	12	19	short-θε-long-ο-short-προ-short-πί-long-ῃ-short-σιν	hemi2	caesfem3
tlg001:1.487	ἐνίσπες,	20	24	short-ἐν-long-ίσ-long-πες,	hemi2
tlg001:1.488	εἰ	1	2	long-εἰ	hemi1
tlg001:1.488	καὶ	3	3	short-καὶ	hemi1	correption
tlg001:1.488	ἐμοὶ	4	6	short-ἐ-long-μοὶ	hemi1
tlg001:1.488	τοιόνδε	7	11	long-τοι-long-όν-short-δε	hemi1
tlg001:1.488	θεοὶ	12	14	short-θε-long-οὶ	hemi2	caesfem3
tlg001:1.488	τελέουσιν	15	19	short-τε-short-λέ-long-ου-short-σιν	hemi2
tlg001:1.488	ὄλεθρον,	20	24	short-ὄ-long-λεθ-long-ρον,	hemi2
tlg001:1.489	οἷον	1	3	long-οἷ-short-ον	hemi1
tlg001:1.489	Ἀλωιάδῃσι	4	11	short-Ἀ-long-λω-short-ι-short-ά-long-δῃ-short-σι	hemi1
tlg001:1.489	πατὴρ	12	14	short-πα-long-τὴρ	hemi2	caesfem3
tlg001:1.489	τεὸς	15	16	short-τε-short-ὸς	hemi2
tlg001:1.489	ἐγγυάλιξεν.	17	24	long-ἐγ-short-γυ-short-ά-long-λι-long-ξεν.	hemi2	bucdiaer
tlg001:1.490	φράζεο	1	4	long-φρά-short-ζε-short-ο	hemi1
tlg001:1.490	δʼ	5	5	δʼ	hemi1
tlg001:1.490	ὅππως	5	8	long-ὅπ-long-πως	hemi1	diaer2
tlg001:1.490	χεῖρας	9	11	long-χεῖ-short-ρας	hemi1	diaer3
tlg001:1.490	ἐμᾱ̀ς	12	14	short-ἐ-long-μᾱ̀ς	hemi2	caesfem3
tlg001:1.490	σόος	15	16	short-σό-short-ος	hemi2
tlg001:1.490	ἐξαλέοιο,	17	24	long-ἐξ-short-α-short-λέ-long-οι-long-ο,	hemi2	bucdiaer
tlg001:1.491	χρειὼ	1	4	long-χρει-long-ὼ	hemi1
tlg001:1.491	θεσπίζων	5	10	long-θεσ-long-πί-long-ζων	hemi1	diaer2
tlg001:1.491	μεταμώνιον	11	16	short-με-short-τα-long-μώ-short-νι-short-ον	hemi2	caesmasc3
tlg001:1.491	εἴ	17	18	long-εἴ	hemi2	bucdiaer
tlg001:1.491	κεν	19	19	short-κεν	hemi2
tlg001:1.491	ἁλῴης.’	20	24	short-ἁ-long-λῴ-long-ης.’	hemi2
tlg001:1.492	Χώετʼ	1	3	long-Χώ-short-ετʼ	hemi1
tlg001:1.492	ἐνιπτάζων·	4	10	short-ἐν-long-ιπ-long-τά-long-ζων·	hemi1
tlg001:1.492	προτέρω	11	14	short-προ-short-τέ-long-ρω	hemi2	caesmasc3
tlg001:1.492	δέ	15	15	short-δέ	hemi2
tlg001:1.492	κε	16	16	short-κε	hemi2
tlg001:1.492	νεῖκος	17	19	long-νεῖ-short-κος	hemi2	bucdiaer
tlg001:1.492	ἐτύχθη,	20	24	short-ἐ-long-τύχ-long-θη,	hemi2
tlg001:1.493	εἰ	1	2	long-εἰ	hemi1
tlg001:1.493	μὴ	3	4	long-μὴ	hemi1
tlg001:1.493	δηριόωντας	5	11	long-δη-short-ρι-short-ό-long-ων-short-τας	hemi1	diaer2
tlg001:1.493	ὁμοκλήσαντες	12	19	short-ὁ-long-μο-long-κλή-long-σαν-short-τες	hemi2	caesfem3
tlg001:1.493	ἑταῖροι	20	24	short-ἑ-long-ταῖ-long-ροι	hemi2
tlg001:1.494	αὐτός	1	4	long-αὐ-long-τός	hemi1
tlg001:1.494	τʼ	5	5	τʼ	hemi1
tlg001:1.494	Αἰσονίδης	5	10	long-Αἰ-short-σο-short-νί-long-δης	hemi1	diaer2
tlg001:1.494	κατερήτυεν·	11	16	short-κατ-short-ε-long-ρή-short-τυ-short-εν·	hemi2	caesmasc3
tlg001:1.494	ἂν	17	18	long-ἂν	hemi2
tlg001:1.494	δὲ	19	19	short-δὲ	hemi2
tlg001:1.494	καὶ	20	20	short-καὶ	hemi2	correption
tlg001:1.494	Ὀρφεὺς	21	24	long-Ὀρ-long-φεὺς	hemi2
tlg001:1.495	λαιῇ	1	3	long-λαι-short-ῇ	hemi1	correption
tlg001:1.495	ἀνασχόμενος	4	10	short-ἀ-long-να-short-σχό-short-με-long-νος	hemi1
tlg001:1.495	κίθαριν	11	14	short-κί-short-θα-long-ριν	hemi2	caesmasc3
tlg001:1.495	πείραζεν	15	19	long-πεί-long-ρα-short-ζεν	hemi2
tlg001:1.495	ἀοιδῆς.	20	24	short-ἀ-long-οι-long-δῆς.	hemi2
tlg001:1.496	ἤειδεν	1	6	long-ἤ-long-ει-long-δεν	hemi1
tlg001:1.496	δʼ	7	7	δʼ	hemi1
tlg001:1.496	ὡς	7	8	long-ὡς	hemi1
tlg001:1.496	γαῖα	9	11	long-γαῖ-short-α	hemi1	diaer3
tlg001:1.496	καὶ	12	12	short-καὶ	hemi2	caesfem3	correption
tlg001:1.496	οὐρανὸς	13	16	long-οὐ-short-ρα-short-νὸς	hemi2
tlg001:1.496	ἠδὲ	17	19	long-ἠ-short-δὲ	hemi2	bucdiaer
tlg001:1.496	θάλασσα,	20	24	short-θά-long-λασ-long-σα,	hemi2
tlg001:1.497	τὸ	1	2	long-τὸ	hemi1
tlg001:1.497	πρὶν	3	3	short-πρὶν	hemi1
tlg001:1.497	ἐπʼ	4	4	short-ἐπʼ	hemi1
tlg001:1.497	ἀλλήλοισι	5	11	long-ἀλ-long-λή-long-λοι-short-σι	hemi1	diaer2
tlg001:1.497	μιῇ	12	14	short-μι-long-ῇ	hemi2	caesfem3
tlg001:1.497	συναρηρότα	15	20	short-συν-short-α-long-ρη-short-ρό-short-τα	hemi2
tlg001:1.497	μορφῇ,	21	24	long-μορ-long-φῇ,	hemi2	diaer6
tlg001:1.498	νείκεος	1	4	long-νεί-short-κε-short-ος	hemi1
tlg001:1.498	ἐξ	5	6	long-ἐξ	hemi1	diaer2
tlg001:1.498	ὀλοοῖο	7	11	short-ὀ-short-λο-long-οῖ-short-ο	hemi1
tlg001:1.498	διέκριθεν	12	16	short-δι-long-έ-short-κρι-short-θεν	hemi2	caesfem3
tlg001:1.498	ἀμφὶς	17	19	long-ἀμ-short-φὶς	hemi2	bucdiaer
tlg001:1.498	ἕκαστα·	20	24	short-ἕ-long-κασ-long-τα·	hemi2
tlg001:1.499	ἠδʼ	1	2	long-ἠδʼ	hemi1
tlg001:1.499	ὡς	3	4	long-ὡς	hemi1
tlg001:1.499	ἔμπεδον	5	8	long-ἔμ-short-πε-short-δον	hemi1	diaer2
tlg001:1.499	αἰὲν	9	11	long-αἰ-short-ὲν	hemi1	diaer3
tlg001:1.499	ἐν	12	12	short-ἐν	hemi2	caesfem3
tlg001:1.499	αἰθέρι	13	16	long-αἰ-short-θέ-short-ρι	hemi2	diaer4
tlg001:1.499	τέκμαρ	17	19	long-τέκ-short-μαρ	hemi2	bucdiaer
tlg001:1.499	ἔχουσιν	20	24	short-ἔ-long-χου-long-σιν	hemi2
tlg001:1.500	ἄστρα	1	3	long-ἄσ-short-τρα	hemi1
tlg001:1.500	σεληναίη	4	10	short-σε-long-λη-long-ναί-long-η	hemi1
tlg001:1.500	τε	11	11	short-τε	hemi1
tlg001:1.500	καὶ	12	12	short-καὶ	hemi2	caesfem3	correption
tlg001:1.500	ἠελίοιο	13	19	long-ἠ-short-ε-short-λί-long-οι-short-ο	hemi2
tlg001:1.500	κέλευθοι·	20	24	short-κέ-long-λευ-long-θοι·	hemi2
tlg001:1.501	οὔρεά	1	4	long-οὔ-short-ρε-short-ά	hemi1
tlg001:1.501	θ᾽ὡς	5	6	long-θ᾽ὡς	hemi1	diaer2
tlg001:1.501	ἀνέτειλε,	7	11	short-ἀν-short-έ-long-τει-short-λε,	hemi1
tlg001:1.501	καὶ	12	12	short-καὶ	hemi2	caesfem3	correption
tlg001:1.501	ὡς	13	14	long-ὡς	hemi2
tlg001:1.501	ποταμοὶ	15	18	short-πο-short-τα-long-μοὶ	hemi2
tlg001:1.501	κελάδοντες	19	24	short-κε-short-λά-long-δον-long-τες	hemi2
tlg001:1.502	αὐτῇσιν	1	6	long-αὐ-long-τῇ-long-σιν	hemi1
tlg001:1.502	νύμφῃσι	7	11	long-νύμ-long-φῃ-short-σι	hemi1
tlg001:1.502	καὶ	12	12	short-καὶ	hemi2	caesfem3	correption
tlg001:1.502	ἑρπετὰ	13	16	long-ἑρ-short-πε-short-τὰ	hemi2
tlg001:1.502	πάντʼ	17	18	long-πάντʼ	hemi2	bucdiaer
tlg001:1.502	ἐγένοντο.	19	24	short-ἐ-short-γέ-long-νον-long-το.	hemi2
tlg001:1.503	ἤειδεν	1	6	long-ἤ-long-ει-long-δεν	hemi1
tlg001:1.503	δʼ	7	7	δʼ	hemi1
tlg001:1.503	ὡς	7	8	long-ὡς	hemi1
tlg001:1.503	πρῶτον	9	11	long-πρῶ-short-τον	hemi1	diaer3
tlg001:1.503	Ὀφῑ́ων	12	16	short-Ὀ-long-φῑ́-long-ων	hemi2	caesfem3
tlg001:1.503	Εὐρυνόμη	17	22	long-Εὐ-short-ρυ-short-νό-long-μη	hemi2	bucdiaer
tlg001:1.503	τε	23	24	long-τε	hemi2
tlg001:1.504	Ὠκεανὶς	1	6	long-Ὠ-short-κε-short-α-long-νὶς	hemi1
tlg001:1.504	νιφόεντος	7	11	short-νι-short-φό-long-εν-short-τος	hemi1
tlg001:1.504	ἔχον	12	14	short-ἔ-long-χον	hemi2	caesfem3
tlg001:1.504	κράτος	15	16	short-κρά-short-τος	hemi2
tlg001:1.504	Οὐλύμποιο·	17	24	long-Οὐ-long-λύμ-long-ποι-long-ο·	hemi2	bucdiaer
tlg001:1.505	ὥς	1	2	long-ὥς	hemi1
tlg001:1.505	τε	3	3	short-τε	hemi1
tlg001:1.505	βίῃ	4	6	short-βί-long-ῃ	hemi1
tlg001:1.505	καὶ	7	8	long-καὶ	hemi1
tlg001:1.505	χερσὶν	9	11	long-χερ-short-σὶν	hemi1
tlg001:1.505	ὁ	12	12	short-ὁ	hemi2	caesfem3
tlg001:1.505	μὲν	13	14	long-μὲν	hemi2
tlg001:1.505	Κρόνῳ	15	16	short-Κρό-short-νῳ	hemi2	correption
tlg001:1.505	εἴκαθε	17	20	long-εἴ-short-κα-short-θε	hemi2	bucdiaer
tlg001:1.505	τῑμῆς,	21	24	long-τῑ-long-μῆς,	hemi2	diaer6
tlg001:1.506	ἡ	1	2	long-ἡ	hemi1
tlg001:1.506	δὲ	3	3	short-δὲ	hemi1
tlg001:1.506	Ῥέῃ,	4	6	short-Ῥέ-long-ῃ,	hemi1	hiatus
tlg001:1.506	ἔπεσον	7	10	short-ἔ-short-πε-long-σον	hemi1
tlg001:1.506	δʼ	11	11	δʼ	hemi1
tlg001:1.506	ἐνὶ	11	12	short-ἐ-short-νὶ	hemi2	caesmasc3
tlg001:1.506	κῡ́μασιν	13	16	long-κῡ́-short-μα-short-σιν	hemi2	diaer4
tlg001:1.506	Ὠκεανοῖο·	17	24	long-Ὠ-short-κε-short-α-long-νοῖ-long-ο·	hemi2	bucdiaer
tlg001:1.507	οἱ	1	2	long-οἱ	hemi1
tlg001:1.507	δὲ	3	3	short-δὲ	hemi1
tlg001:1.507	τέως	4	6	short-τέ-long-ως	hemi1
tlg001:1.507	μακάρεσσι	7	11	short-μα-short-κά-long-ρεσ-short-σι	hemi1
tlg001:1.507	θεοῖς	12	14	short-θε-long-οῖς	hemi2	caesfem3
tlg001:1.507	Τῑτῆσιν	15	19	long-Τῑ-long-τῆ-short-σιν	hemi2
tlg001:1.507	ἄνασσον,	20	24	short-ἄ-long-νασ-long-σον,	hemi2
tlg001:1.508	ὄφρα	1	4	long-ὄφ-long-ρα	hemi1
tlg001:1.508	Ζεὺς	5	6	long-Ζεὺς	hemi1	diaer2
tlg001:1.508	ἔτι	7	8	short-ἔ-short-τι	hemi1
tlg001:1.508	κοῦρος,	9	11	long-κοῦ-short-ρος,	hemi1	diaer3
tlg001:1.508	ἔτι	12	14	short-ἔ-long-τι	hemi2	caesfem3
tlg001:1.508	φρεσὶ	15	16	short-φρε-short-σὶ	hemi2
tlg001:1.508	νήπια	17	20	long-νή-short-πι-short-α	hemi2	bucdiaer	hiatus
tlg001:1.508	εἰδώς,	21	24	long-εἰ-long-δώς,	hemi2	diaer6
tlg001:1.509	Δικταῖον	1	6	long-Δικ-long-ταῖ-long-ον	hemi1
tlg001:1.509	ναίεσκεν	7	11	long-ναί-long-εσ-short-κεν	hemi1
tlg001:1.509	ὑπὸ	12	14	short-ὑ-long-πὸ	hemi2	caesfem3
tlg001:1.509	σπέος·	15	16	short-σπέ-short-ος·	hemi2
tlg001:1.509	οἱ	17	18	long-οἱ	hemi2	bucdiaer
tlg001:1.509	δέ	19	19	short-δέ	hemi2
tlg001:1.509	μιν	20	20	short-μιν	hemi2
tlg001:1.509	οὔπω	21	24	long-οὔ-long-πω	hemi2	diaer6
tlg001:1.510	γηγενέες	1	6	long-γη-short-γε-short-νέ-long-ες	hemi1
tlg001:1.510	Κύκλωπες	7	11	long-Κύκ-long-λω-short-πες	hemi1
tlg001:1.510	ἐκαρτῡ́ναντο	12	19	short-ἐ-long-καρ-long-τῡ́-long-ναν-short-το	hemi2	caesfem3
tlg001:1.510	κεραυνῷ,	20	24	short-κε-long-ραυ-long-νῷ,	hemi2
tlg001:1.511	βροντῇ	1	4	long-βρον-long-τῇ	hemi1
tlg001:1.511	τε	5	6	long-τε	hemi1
tlg001:1.511	στεροπῇ	7	10	short-στε-short-ρο-long-πῇ	hemi1
tlg001:1.511	τε·	11	11	short-τε·	hemi1
tlg001:1.511	τὰ	12	12	short-τὰ	hemi2	caesfem3
tlg001:1.511	γὰρ	13	14	long-γὰρ	hemi2
tlg001:1.511	Διὶ	15	16	short-Δι-short-ὶ	hemi2
tlg001:1.511	κῦδος	17	19	long-κῦ-short-δος	hemi2	bucdiaer
tlg001:1.511	ὀπάζει.	20	24	short-ὀ-long-πά-long-ζει.	hemi2
tlg001:1.512	ἦ,	1	2	long-ἦ,	hemi1
tlg001:1.512	καὶ	3	3	short-καὶ	hemi1	correption
tlg001:1.512	ὁ	4	4	short-ὁ	hemi1
tlg001:1.512	μὲν	5	6	long-μὲν	hemi1
tlg001:1.512	φόρμιγγα	7	11	long-φόρ-long-μιγ-short-γα	hemi1
tlg001:1.512	σὺν	12	12	short-σὺν	hemi2	caesfem3
tlg001:1.512	ἀμβροσίῃ	13	18	long-ἀμ-short-βρο-short-σί-long-ῃ	hemi2	diaer4
tlg001:1.512	σχέθεν	19	20	short-σχέ-short-θεν	hemi2
tlg001:1.512	αὐδῇ.	21	24	long-αὐ-long-δῇ.	hemi2	diaer6
tlg001:1.513	τοὶ	1	2	long-τοὶ	hemi1
tlg001:1.513	δʼ	3	3	δʼ	hemi1
tlg001:1.513	ἄμοτον	3	6	short-ἄ-short-μο-long-τον	hemi1
tlg001:1.513	λήξαντος	7	11	long-λή-long-ξαν-short-τος	hemi1
tlg001:1.513	ἔτι	12	14	short-ἔ-long-τι	hemi2	caesfem3
tlg001:1.513	προύχοντο	15	19	long-πρού-long-χον-short-το	hemi2
tlg001:1.513	κάρηνα	20	24	short-κά-long-ρη-long-να	hemi2
tlg001:1.514	πάντες	1	3	long-πάν-short-τες	hemi1
tlg001:1.514	ὁμῶς	4	6	short-ὁ-long-μῶς	hemi1
tlg001:1.514	ὀρθοῖσιν	7	11	long-ὀρ-long-θοῖ-short-σιν	hemi1
tlg001:1.514	ἐπʼ	12	12	short-ἐπʼ	hemi2	caesfem3
tlg001:1.514	οὔασιν	13	16	long-οὔ-short-α-short-σιν	hemi2	diaer4
tlg001:1.514	ἠρεμέοντες	17	24	long-ἠ-short-ρε-short-μέ-long-ον-long-τες	hemi2	bucdiaer
tlg001:1.515	κηληθμῷ·	1	6	long-κη-long-ληθ-long-μῷ·	hemi1
tlg001:1.515	τοῖόν	7	10	long-τοῖ-long-όν	hemi1
tlg001:1.515	σφιν	11	11	short-σφιν	hemi1
tlg001:1.515	ἐνέλλιπε	12	16	short-ἐν-long-έλ-short-λι-short-πε	hemi2	caesfem3
tlg001:1.515	θέλκτρον	17	19	long-θέλ-short-κτρον	hemi2	bucdiaer
tlg001:1.515	ἀοιδῆς.	20	24	short-ἀ-long-οι-long-δῆς.	hemi2
tlg001:1.516	οὐδʼ	1	2	long-οὐδʼ	hemi1
tlg001:1.516	ἐπὶ	3	4	short-ἐ-short-πὶ	hemi1
tlg001:1.516	δὴν	5	6	long-δὴν	hemi1	diaer2
tlg001:1.516	μετέπειτα	7	11	short-μετ-short-έ-long-πει-short-τα	hemi1
tlg001:1.516	κερασσάμενοι	12	18	short-κε-long-ρασ-short-σά-short-με-long-νοι	hemi2	caesfem3
tlg001:1.516	Διὶ	19	20	short-Δι-short-ὶ	hemi2
tlg001:1.516	λοιβᾱ́ς,	21	24	long-λοι-long-βᾱ́ς,	hemi2	diaer6
tlg001:1.517	ἣ	1	2	long-ἣ	hemi1
tlg001:1.517	θέμις,	3	4	short-θέ-short-μις,	hemi1
tlg001:1.517	ἑστηῶτες	5	11	long-ἑσ-long-τη-long-ῶ-short-τες	hemi1	diaer2
tlg001:1.517	ἐπὶ	12	14	short-ἐ-long-πὶ	hemi2	caesfem3
tlg001:1.517	γλώσσῃσι	15	19	long-γλώσ-long-σῃ-short-σι	hemi2
tlg001:1.517	χέοντο	20	24	short-χέ-long-ον-long-το	hemi2
tlg001:1.518	αἰθομέναις,	1	6	long-αἰ-short-θο-short-μέ-long-ναις,	hemi1
tlg001:1.518	ὕπνου	7	10	long-ὕπ-long-νου	hemi1
tlg001:1.518	δὲ	11	11	short-δὲ	hemi1
tlg001:1.518	διὰ	12	14	short-δι-long-ὰ	hemi2	caesfem3
tlg001:1.518	κνέφας	15	16	short-κνέ-short-φας	hemi2
tlg001:1.518	ἐμνώοντο.	17	24	long-ἐμ-long-νώ-long-ον-long-το.	hemi2	bucdiaer
tlg001:1.519	αὐτὰρ	1	3	long-αὐ-short-τὰρ	hemi1
tlg001:1.519	ὅτʼ	4	4	short-ὅτʼ	hemi1
tlg001:1.519	αἰγλήεσσα	5	11	long-αἰγ-long-λή-long-εσ-short-σα	hemi1	diaer2
tlg001:1.519	φαεινοῖς	12	16	short-φα-long-ει-long-νοῖς	hemi2	caesfem3
tlg001:1.519	ὄμμασιν	17	20	long-ὄμ-short-μα-short-σιν	hemi2	bucdiaer
tlg001:1.519	Ἠὼς	21	24	long-Ἠ-long-ὼς	hemi2	diaer6
tlg001:1.520	Πηλίου	1	4	long-Πη-short-λί-short-ου	hemi1	correption
tlg001:1.520	αἰπεινᾱ̀ς	5	10	long-αἰ-long-πει-long-νᾱ̀ς	hemi1	diaer2
tlg001:1.520	ἴδεν	11	12	short-ἴ-short-δεν	hemi2	caesmasc3
tlg001:1.520	ἄκριας,	13	16	long-ἄκ-short-ρι-short-ας,	hemi2	diaer4
tlg001:1.520	ἐκ	17	18	long-ἐκ	hemi2	bucdiaer
tlg001:1.520	δʼ	19	19	δʼ	hemi2
tlg001:1.520	ἀνέμοιο	19	24	short-ἀ-short-νέ-long-μοι-long-ο	hemi2
tlg001:1.521	εὔδιοι	1	4	long-εὔ-short-δι-short-οι	hemi1	correption
tlg001:1.521	ἐκλύζοντο	5	11	long-ἐ-long-κλύ-long-ζον-short-το	hemi1	diaer2
tlg001:1.521	τινασσομένης	12	18	short-τι-long-νασ-short-σο-short-μέ-long-νης	hemi2	caesfem3
tlg001:1.521	ἁλὸς	19	20	short-ἁ-short-λὸς	hemi2
tlg001:1.521	ἄκραι,	21	24	long-ἄκ-long-ραι,	hemi2	diaer6
tlg001:1.522	δὴ	1	2	long-δὴ	hemi1
tlg001:1.522	τότʼ	3	3	short-τότʼ	hemi1
tlg001:1.522	ἀνέγρετο	4	8	short-ἀν-long-έ-short-γρε-short-το	hemi1
tlg001:1.522	Τῖφυς·	9	11	long-Τῖ-short-φυς·	hemi1	diaer3
tlg001:1.522	ἄφαρ	12	14	short-ἄ-long-φαρ	hemi2	caesfem3
tlg001:1.522	δʼ	15	15	δʼ	hemi2
tlg001:1.522	ὀρόθῡνεν	15	19	short-ὀ-short-ρό-long-θῡ-short-νεν	hemi2
tlg001:1.522	ἑταίρους	20	24	short-ἑ-long-ταί-long-ρους	hemi2
tlg001:1.523	βαινέμεναί	1	6	long-βαι-short-νέ-short-με-long-ναί	hemi1
tlg001:1.523	τʼ	7	7	τʼ	hemi1
tlg001:1.523	ἐπὶ	7	8	short-ἐ-short-πὶ	hemi1
tlg001:1.523	νῆα	9	11	long-νῆ-short-α	hemi1	diaer3
tlg001:1.523	καὶ	12	12	short-καὶ	hemi2	caesfem3	correption
tlg001:1.523	ἀρτῡ́νασθαι	13	19	long-ἀρ-long-τῡ́-long-νασ-short-θαι	hemi2	correption
tlg001:1.523	ἐρετμά.	20	24	short-ἐ-long-ρετ-long-μά.	hemi2
tlg001:1.524	σμερδαλέον	1	6	long-σμερ-short-δα-short-λέ-long-ον	hemi1
tlg001:1.524	δὲ	7	7	short-δὲ	hemi1
tlg001:1.524	λιμὴν	8	10	short-λι-long-μὴν	hemi1
tlg001:1.524	Παγασήιος	11	16	short-Πα-short-γα-long-σή-short-ι-short-ος	hemi2	caesmasc3
tlg001:1.524	ἠδὲ	17	19	long-ἠ-short-δὲ	hemi2	bucdiaer
tlg001:1.524	καὶ	20	20	short-καὶ	hemi2	correption
tlg001:1.524	αὐτὴ	21	24	long-αὐ-long-τὴ	hemi2
tlg001:1.525	Πηλιὰς	1	4	long-Πη-short-λι-short-ὰς	hemi1
tlg001:1.525	ἴ̄αχεν	5	8	long-ἴ̄-short-α-short-χεν	hemi1	diaer2
tlg001:1.525	Ἀργὼ	9	11	long-Ἀρ-short-γὼ	hemi1	diaer3	correption
tlg001:1.525	ἐπισπέρχουσα	12	19	short-ἐ-long-πι-long-σπέρ-long-χου-short-σα	hemi2	caesfem3
tlg001:1.525	νέεσθαι.	20	24	short-νέ-long-εσ-long-θαι.	hemi2
tlg001:1.526	ἐν	1	2	long-ἐν	hemi1
tlg001:1.526	γάρ	3	4	long-γάρ	hemi1
tlg001:1.526	οἱ	5	6	long-οἱ	hemi1
tlg001:1.526	δόρυ	7	8	short-δό-short-ρυ	hemi1
tlg001:1.526	θεῖον	9	11	long-θεῖ-short-ον	hemi1	diaer3
tlg001:1.526	ἐλήλατο,	12	16	short-ἐ-long-λή-short-λα-short-το,	hemi2	caesfem3
tlg001:1.526	τό	17	18	long-τό	hemi2	bucdiaer
tlg001:1.526	ῥʼ	19	19	ῥʼ	hemi2
tlg001:1.526	ἀνὰ	19	20	short-ἀ-short-νὰ	hemi2
tlg001:1.526	μέσσην	21	24	long-μέσ-long-σην	hemi2	diaer6
tlg001:1.527	στεῖραν	1	3	long-στεῖ-short-ραν	hemi1
tlg001:1.527	Ἀθηναίη	4	10	short-Ἀ-long-θη-long-ναί-long-η	hemi1
tlg001:1.527	Δωδωνίδος	11	16	long-Δω-long-δω-short-νί-short-δος	hemi2	caesmasc3
tlg001:1.527	ἥρμοσε	17	20	long-ἥρ-short-μο-short-σε	hemi2	bucdiaer
tlg001:1.527	φηγοῦ.	21	24	long-φη-long-γοῦ.	hemi2	diaer6
tlg001:1.528	οἱ	1	2	long-οἱ	hemi1
tlg001:1.528	δʼ	3	3	δʼ	hemi1
tlg001:1.528	ἀνὰ	3	4	short-ἀ-short-νὰ	hemi1
tlg001:1.528	σέλματα	5	8	long-σέλ-short-μα-short-τα	hemi1	diaer2
tlg001:1.528	βάντες	9	11	long-βάν-short-τες	hemi1	diaer3
tlg001:1.528	ἐπισχερὼ	12	16	short-ἐ-long-πι-short-σχε-short-ρὼ	hemi2	caesfem3	correption
tlg001:1.528	ἀλλήλοισιν,	17	24	long-ἀλ-long-λή-long-λοι-long-σιν,	hemi2	bucdiaer
tlg001:1.529	ὡς	1	2	long-ὡς	hemi1
tlg001:1.529	ἐδάσαντο	3	7	short-ἐ-short-δά-long-σαν-short-το	hemi1
tlg001:1.529	πάροιθεν	8	11	short-πά-long-ροι-short-θεν	hemi1
tlg001:1.529	ἐρεσσέμεν	12	16	short-ἐ-long-ρεσ-short-σέ-short-μεν	hemi2	caesfem3
tlg001:1.529	ᾧ	17	18	long-ᾧ	hemi2	bucdiaer	hiatus
tlg001:1.529	ἐνὶ	19	20	short-ἐ-short-νὶ	hemi2
tlg001:1.529	χώρῳ,	21	24	long-χώ-long-ρῳ,	hemi2	diaer6
tlg001:1.530	εὐκόσμως	1	6	long-εὐ-long-κόσ-long-μως	hemi1
tlg001:1.530	σφετέροισι	7	11	short-σφε-short-τέ-long-ροι-short-σι	hemi1
tlg001:1.530	παρʼ	12	12	short-παρʼ	hemi2	caesfem3
tlg001:1.530	ἔντεσιν	13	16	long-ἔν-short-τε-short-σιν	hemi2	diaer4
tlg001:1.530	ἑδριόωντο.	17	24	long-ἑδ-short-ρι-short-ό-long-ων-long-το.	hemi2	bucdiaer
tlg001:1.531	μέσσῳ	1	4	long-μέσ-long-σῳ	hemi1
tlg001:1.531	δʼ	5	5	δʼ	hemi1
tlg001:1.531	Ἀγκαῖος	5	10	long-Ἀγ-long-καῖ-long-ος	hemi1	diaer2
tlg001:1.531	μέγα	11	12	short-μέ-short-γα	hemi2	caesmasc3
tlg001:1.531	τε	13	14	long-τε	hemi2
tlg001:1.531	σθένος	15	16	short-σθέ-short-νος	hemi2
tlg001:1.531	Ἡρακλῆος	17	24	long-Ἡ-long-ρα-long-κλῆ-long-ος	hemi2	bucdiaer
tlg001:1.532	ἵζανον·	1	4	long-ἵ-short-ζα-short-νον·	hemi1
tlg001:1.532	ἄγχι	5	7	long-ἄγ-short-χι	hemi1	diaer2
tlg001:1.532	δέ	8	8	short-δέ	hemi1	hiatus
tlg001:1.532	οἱ	9	10	long-οἱ	hemi1
tlg001:1.532	ῥόπαλον	11	14	short-ῥό-short-πα-long-λον	hemi2	caesmasc3
tlg001:1.532	θέτο,	15	16	short-θέ-short-το,	hemi2
tlg001:1.532	καί	17	18	long-καί	hemi2	bucdiaer	hiatus
tlg001:1.532	οἱ	19	19	short-οἱ	hemi2	correption
tlg001:1.532	ἔνερθεν	20	24	short-ἔ-long-νερ-long-θεν	hemi2
tlg001:1.533	ποσσὶν	1	3	long-ποσ-short-σὶν	hemi1
tlg001:1.533	ὑπεκλύσθη	4	10	short-ὑπ-long-ε-long-κλύσ-long-θη	hemi1
tlg001:1.533	νηὸς	11	14	long-νη-long-ὸς	hemi2	caesmasc3
tlg001:1.533	τρόπις.·	15	16	short-τρό-short-πις.·	hemi2
tlg001:1.533	εἵλκετο	17	20	long-εἵλ-short-κε-short-το	hemi2	bucdiaer
tlg001:1.533	δʼ	21	21	δʼ	hemi2
tlg001:1.533	ἤδη	21	24	long-ἤ-long-δη	hemi2	diaer6
tlg001:1.534	πείσματα,	1	4	long-πείσ-short-μα-short-τα,	hemi1
tlg001:1.534	καὶ	5	6	long-καὶ	hemi1	diaer2
tlg001:1.534	μέθυ	7	8	short-μέ-short-θυ	hemi1
tlg001:1.534	λεῖβον	9	11	long-λεῖ-short-βον	hemi1	diaer3
tlg001:1.534	ὕπερθʼ	12	14	short-ὕ-long-περθʼ	hemi2	caesfem3
tlg001:1.534	ἁλός.	15	16	short-ἁ-short-λός.	hemi2
tlg001:1.534	αὐτὰρ	17	19	long-αὐ-short-τὰρ	hemi2	bucdiaer
tlg001:1.534	Ἰήσων	20	24	short-Ἰ-long-ή-long-σων	hemi2
tlg001:1.535	δακρυόεις	1	6	long-δακ-short-ρυ-short-ό-long-εις	hemi1
tlg001:1.535	γαίης	7	10	long-γαί-long-ης	hemi1
tlg001:1.535	ἀπὸ	11	12	short-ἀ-short-πὸ	hemi2	caesmasc3
tlg001:1.535	πατρίδος	13	16	long-πατ-short-ρί-short-δος	hemi2	diaer4
tlg001:1.535	ὄμματʼ	17	19	long-ὄμ-short-ματʼ	hemi2	bucdiaer
tlg001:1.535	ἔνεικεν.	20	24	short-ἔ-long-νει-long-κεν.	hemi2
tlg001:1.536	οἱ	1	2	long-οἱ	hemi1
tlg001:1.536	δʼ	3	3	δʼ	hemi1
tlg001:1.536	,ὥστʼ	3	4	long-,ὥστʼ	hemi1
tlg001:1.536	ἠίθεοι	5	10	long-ἠ-short-ί-short-θε-long-οι	hemi1	diaer2
tlg001:1.536	Φοίβῳ	11	14	long-Φοί-long-βῳ	hemi2	caesmasc3
tlg001:1.536	χορὸν	15	16	short-χο-short-ρὸν	hemi2
tlg001:1.536	ἢ	17	18	long-ἢ	hemi2	bucdiaer	hiatus
tlg001:1.536	ἐνὶ	19	20	short-ἐ-short-νὶ	hemi2
tlg001:1.536	Πῡθοῖ	21	24	long-Πῡ-long-θοῖ	hemi2	diaer6
tlg001:1.537	ἤ	1	2	long-ἤ	hemi1
tlg001:1.537	που	3	3	short-που	hemi1	correption
tlg001:1.537	ἐν	4	4	short-ἐν	hemi1
tlg001:1.537	Ὀρτυγίῃ,	5	10	long-Ὀρ-short-τυ-short-γί-long-ῃ,	hemi1	diaer2	hiatus
tlg001:1.537	ἢ	11	11	short-ἢ	hemi2	caesmasc3	correption
tlg001:1.537	ἐφʼ	12	12	short-ἐφʼ	hemi2
tlg001:1.537	ὕ̄δασιν	13	16	long-ὕ̄-short-δα-short-σιν	hemi2	diaer4
tlg001:1.537	Ἰσμηνοῖο	17	24	long-Ἰσ-long-μη-long-νοῖ-long-ο	hemi2	bucdiaer
tlg001:1.538	στησάμενοι,	1	6	long-στη-short-σά-short-με-long-νοι,	hemi1
tlg001:1.538	φόρμιγγος	7	11	long-φόρ-long-μιγ-short-γος	hemi1
tlg001:1.538	ὑπαὶ	12	14	short-ὑ-long-παὶ	hemi2	caesfem3
tlg001:1.538	περὶ	15	16	short-πε-short-ρὶ	hemi2
tlg001:1.538	βωμὸν	17	19	long-βω-short-μὸν	hemi2	bucdiaer
tlg001:1.538	ὁμαρτῇ	20	24	short-ὁ-long-μαρ-long-τῇ	hemi2
tlg001:1.539	ἐμμελέως	1	6	long-ἐμ-short-με-short-λέ-long-ως	hemi1
tlg001:1.539	κραιπνοῖσι	7	11	long-κραιπ-long-νοῖ-short-σι	hemi1
tlg001:1.539	πέδον	12	14	short-πέ-long-δον	hemi2	caesfem3
tlg001:1.539	ῥήσσωσι	15	19	long-ῥήσ-long-σω-short-σι	hemi2
tlg001:1.539	πόδεσσιν·	20	24	short-πό-long-δεσ-long-σιν·	hemi2
tlg001:1.540	ὧς	1	2	long-ὧς	hemi1
tlg001:1.540	οἱ	3	3	short-οἱ	hemi1	correption
tlg001:1.540	ὑπʼ	4	4	short-ὑπʼ	hemi1
tlg001:1.540	Ὀρφῆος	5	10	long-Ὀρ-long-φῆ-long-ος	hemi1	diaer2
tlg001:1.540	κιθάρῃ	11	14	short-κι-short-θά-long-ρῃ	hemi2	caesmasc3
tlg001:1.540	πέπληγον	15	19	long-πέ-long-πλη-short-γον	hemi2
tlg001:1.540	ἐρετμοῖς	20	24	short-ἐ-long-ρετ-long-μοῖς	hemi2
tlg001:1.541	πόντου	1	4	long-πόν-long-του	hemi1
tlg001:1.541	λάβρον	5	7	long-λάβ-short-ρον	hemi1	diaer2
tlg001:1.541	ὕδωρ,	8	10	short-ὕ-long-δωρ,	hemi1
tlg001:1.541	ἐπὶ	11	12	short-ἐ-short-πὶ	hemi2	caesmasc3
tlg001:1.541	δὲ	13	14	long-δὲ	hemi2	preliquid
tlg001:1.541	ῥόθια	15	18	short-ῥό-short-θι-long-α	hemi2
tlg001:1.541	κλύζοντο·	19	24	long-κλύ-long-ζον-long-το·	hemi2
tlg001:1.542	ἀφρῷ	1	4	long-ἀφ-long-ρῷ	hemi1
tlg001:1.542	δʼ	5	5	δʼ	hemi1
tlg001:1.542	ἔνθα	5	7	long-ἔν-short-θα	hemi1	diaer2
tlg001:1.542	καὶ	8	8	short-καὶ	hemi1	correption
tlg001:1.542	ἔνθα	9	11	long-ἔν-short-θα	hemi1
tlg001:1.542	κελαινὴ	12	16	short-κε-long-λαι-long-νὴ	hemi2	caesfem3
tlg001:1.542	κήκιεν	17	20	long-κή-short-κι-short-εν	hemi2	bucdiaer
tlg001:1.542	ἅλμη	21	24	long-ἅλ-long-μη	hemi2	diaer6
tlg001:1.543	δεινὸν	1	4	long-δει-long-νὸν	hemi1
tlg001:1.543	μορμῡ́ρουσα	5	11	long-μορ-long-μῡ́-long-ρου-short-σα	hemi1	diaer2	hiatus
tlg001:1.543	ἐρισθενέων	12	18	short-ἐ-long-ρι-short-σθε-short-νέ-long-ων	hemi2	caesfem3
tlg001:1.543	μένει	19	20	short-μέ-short-νει	hemi2	correption
tlg001:1.543	ἀνδρῶν.	21	24	long-ἀν-long-δρῶν.	hemi2	diaer6
tlg001:1.544	στράπτε	1	3	long-στράπ-short-τε	hemi1
tlg001:1.544	δʼ	4	4	δʼ	hemi1
tlg001:1.544	ὑπʼ	4	4	short-ὑπʼ	hemi1
tlg001:1.544	ἠελίῳ	5	10	long-ἠ-short-ε-short-λί-long-ῳ	hemi1	diaer2
tlg001:1.544	φλογὶ	11	12	short-φλο-short-γὶ	hemi2	caesmasc3	hiatus
tlg001:1.544	εἴκελα	13	16	long-εἴ-short-κε-short-λα	hemi2	diaer4
tlg001:1.544	νηὸς	17	19	long-νη-short-ὸς	hemi2	bucdiaer
tlg001:1.544	ἰούσης	20	24	short-ἰ-long-ού-long-σης	hemi2
tlg001:1.545	τεύχεα·	1	4	long-τεύ-short-χε-short-α·	hemi1
tlg001:1.545	μακραὶ	5	8	long-μακ-long-ραὶ	hemi1	diaer2
tlg001:1.545	δʼ	9	9	δʼ	hemi1
tlg001:1.545	αἰὲν	9	11	long-αἰ-short-ὲν	hemi1	diaer3
tlg001:1.545	ἐλευκαίνοντο	12	19	short-ἐ-long-λευ-long-καί-long-νον-short-το	hemi2	caesfem3
tlg001:1.545	κέλευθοι,	20	24	short-κέ-long-λευ-long-θοι,	hemi2
tlg001:1.546	ἀτραπὸς	1	4	long-ἀ-short-τρα-short-πὸς	hemi1
tlg001:1.546	ὣς	5	6	long-ὣς	hemi1	diaer2
tlg001:1.546	χλοεροῖο	7	11	short-χλο-short-ε-long-ροῖ-short-ο	hemi1
tlg001:1.546	διειδομένη	12	18	short-δι-long-ει-short-δο-short-μέ-long-νη	hemi2	caesfem3
tlg001:1.546	πεδίοιο.	19	24	short-πε-short-δί-long-οι-long-ο.	hemi2
tlg001:1.547	πάντες	1	4	long-πάν-long-τες	hemi1
tlg001:1.547	δʼ	5	5	δʼ	hemi1
tlg001:1.547	οὐρανόθεν	5	10	long-οὐ-short-ρα-short-νό-long-θεν	hemi1	diaer2
tlg001:1.547	λεῦσσον	11	14	long-λεῦσ-long-σον	hemi2	caesmasc3
tlg001:1.547	θεοὶ	15	16	short-θε-short-οὶ	hemi2	correption
tlg001:1.547	ἤματι	17	20	long-ἤ-short-μα-short-τι	hemi2	bucdiaer
tlg001:1.547	κείνῳ	21	24	long-κεί-long-νῳ	hemi2	diaer6
tlg001:1.548	νῆα	1	3	long-νῆ-short-α	hemi1
tlg001:1.548	καὶ	4	4	short-καὶ	hemi1	correption
tlg001:1.548	ἡμιθέων	5	10	long-ἡ-short-μι-short-θέ-long-ων	hemi1
tlg001:1.548	ἀνδρῶν	11	14	long-ἀν-long-δρῶν	hemi2	caesmasc3
tlg001:1.548	μένος,	15	16	short-μέ-short-νος,	hemi2
tlg001:1.548	οἳ	17	18	long-οἳ	hemi2	bucdiaer
tlg001:1.548	τότʼ	19	19	short-τότʼ	hemi2
tlg001:1.548	ἄριστοι	20	24	short-ἄ-long-ρισ-long-τοι	hemi2
tlg001:1.549	πόντον	1	3	long-πόν-short-τον	hemi1
tlg001:1.549	ἐπιπλώεσκον·	4	11	short-ἐ-long-πι-long-πλώ-long-εσ-short-κον·	hemi1
tlg001:1.549	ἐπʼ	12	12	short-ἐπʼ	hemi2	caesfem3
tlg001:1.549	ἀκροτάτῃσι	13	19	long-ἀκ-short-ρο-short-τά-long-τῃ-short-σι	hemi2	diaer4
tlg001:1.549	δὲ	20	20	short-δὲ	hemi2
tlg001:1.549	νύμφαι	21	24	long-νύμ-long-φαι	hemi2	diaer6
tlg001:1.550	Πηλιάδες	1	6	long-Πη-short-λι-short-ά-long-δες	hemi1
tlg001:1.550	κορυφῇσιν	7	11	short-κο-short-ρυ-long-φῇ-short-σιν	hemi1
tlg001:1.550	ἐθάμβεον	12	16	short-ἐ-long-θάμ-short-βε-short-ον	hemi2	caesfem3
tlg001:1.550	εἰσορόωσαι	17	24	long-εἰσ-short-ο-short-ρό-long-ω-long-σαι	hemi2	bucdiaer
tlg001:1.551	ἔργον	1	3	long-ἔρ-short-γον	hemi1
tlg001:1.551	Ἀθηναίης	4	10	short-Ἀ-long-θη-long-ναί-long-ης	hemi1
tlg001:1.551	Ἰ̄τωνίδος,	11	16	long-Ἰ̄-long-τω-short-νί-short-δος,	hemi2	caesmasc3
tlg001:1.551	ἠδὲ	17	19	long-ἠ-short-δὲ	hemi2	bucdiaer
tlg001:1.551	καὶ	20	20	short-καὶ	hemi2	correption
tlg001:1.551	αὐτοὺς	21	24	long-αὐ-long-τοὺς	hemi2
tlg001:1.552	ἥρωας	1	6	long-ἥ-long-ρω-long-ας	hemi1
tlg001:1.552	χείρεσσιν	7	11	long-χεί-long-ρεσ-short-σιν	hemi1
tlg001:1.552	ἐπικραδάοντας	12	19	short-ἐ-long-πι-short-κρα-short-δά-long-ον-short-τας	hemi2	caesfem3
tlg001:1.552	ἐρετμά.	20	24	short-ἐ-long-ρετ-long-μά.	hemi2
tlg001:1.553	αὐτὰρ	1	3	long-αὐ-short-τὰρ	hemi1
tlg001:1.553	ὅ	4	4	short-ὅ	hemi1
tlg001:1.553	γʼ	5	5	γʼ	hemi1
tlg001:1.553	ἐξ	5	6	long-ἐξ	hemi1	diaer2
tlg001:1.553	ὑπάτου	7	10	short-ὑ-short-πά-long-του	hemi1	hiatus
tlg001:1.553	ὄρεος	11	14	short-ὄ-short-ρε-long-ος	hemi2	caesmasc3
tlg001:1.553	κίεν	15	16	short-κί-short-εν	hemi2
tlg001:1.553	ἄγχι	17	19	long-ἄγ-short-χι	hemi2	bucdiaer
tlg001:1.553	θαλάσσης	20	24	short-θα-long-λάσ-long-σης	hemi2
tlg001:1.554	Χείρων	1	4	long-Χεί-long-ρων	hemi1
tlg001:1.554	Φιλλυρίδης,	5	10	long-Φιλ-short-λυ-short-ρί-long-δης,	hemi1	diaer2
tlg001:1.554	πολιῇ	11	14	short-πο-short-λι-long-ῇ	hemi2	caesmasc3
tlg001:1.554	δʼ	15	15	δʼ	hemi2
tlg001:1.554	ἐπὶ	15	16	short-ἐ-short-πὶ	hemi2
tlg001:1.554	κῡ́ματος	17	20	long-κῡ́-short-μα-short-τος	hemi2	bucdiaer
tlg001:1.554	ἀ̄γῇ	21	24	long-ἀ̄-long-γῇ	hemi2	diaer6
tlg001:1.555	τέγγε	1	3	long-τέγ-short-γε	hemi1
tlg001:1.555	πόδας,	4	6	short-πό-long-δας,	hemi1
tlg001:1.555	καὶ	7	8	long-καὶ	hemi1
tlg001:1.555	πολλὰ	9	11	long-πολ-short-λὰ	hemi1
tlg001:1.555	βαρείῃ	12	16	short-βα-long-ρεί-long-ῃ	hemi2	caesfem3
tlg001:1.555	χειρὶ	17	19	long-χει-short-ρὶ	hemi2	bucdiaer
tlg001:1.555	κελεύων,	20	24	short-κε-long-λεύ-long-ων,	hemi2
tlg001:1.556	νόστον	1	3	long-νόσ-short-τον	hemi1
tlg001:1.556	ἐπευφήμησεν	4	11	short-ἐπ-long-ευ-long-φή-long-μη-short-σεν	hemi1
tlg001:1.556	ἀκηδέα	12	16	short-ἀ-long-κη-short-δέ-short-α	hemi2	caesfem3
tlg001:1.556	νισσομένοισιν.	17	24	long-νισ-short-σο-short-μέ-long-νοι-long-σιν.	hemi2	bucdiaer
tlg001:1.557	σὺν	1	2	long-σὺν	hemi1
tlg001:1.557	καί	3	4	long-καί	hemi1	hiatus
tlg001:1.557	οἱ	5	6	long-οἱ	hemi1
tlg001:1.557	παράκοιτις	7	11	short-παρ-short-ά-long-κοι-short-τις	hemi1
tlg001:1.557	ἐπωλένιον	12	18	short-ἐπ-long-ω-short-λέ-short-νι-long-ον	hemi2	caesfem3
tlg001:1.557	φορέουσα	19	24	short-φο-short-ρέ-long-ου-long-σα	hemi2
tlg001:1.558	Πηλεΐδην	1	6	long-Πη-short-λε-short-ΐ-long-δην	hemi1
tlg001:1.558	Ἀχιλῆα,	7	11	short-Ἀ-short-χι-long-λῆ-short-α,	hemi1
tlg001:1.558	φίλῳ	12	14	short-φί-long-λῳ	hemi2	caesfem3
tlg001:1.558	δειδίσκετο	15	20	long-δει-long-δίσ-short-κε-short-το	hemi2
tlg001:1.558	πατρί.	21	24	long-πατ-long-ρί.	hemi2	diaer6
tlg001:1.559	οἱ	1	2	long-οἱ	hemi1
tlg001:1.559	δʼ	3	3	δʼ	hemi1
tlg001:1.559	ὅτε	3	4	short-ὅ-short-τε	hemi1
tlg001:1.559	δὴ	5	6	long-δὴ	hemi1	diaer2
tlg001:1.559	λιμένος	7	10	short-λι-short-μέ-long-νος	hemi1
tlg001:1.559	περιηγέα	11	16	short-πε-short-ρι-long-η-short-γέ-short-α	hemi2	caesmasc3
tlg001:1.559	κάλλιπον	17	20	long-κάλ-short-λι-short-πον	hemi2	bucdiaer
tlg001:1.559	ἀκτὴν	21	24	long-ἀκ-long-τὴν	hemi2	diaer6
tlg001:1.560	φραδμοσύνῃ	1	6	long-φραδ-short-μο-short-σύ-long-νῃ	hemi1
tlg001:1.560	μήτῑ	7	10	long-μή-long-τῑ	hemi1
tlg001:1.560	τε	11	11	short-τε	hemi1
tlg001:1.560	δαΐφρονος	12	16	short-δα-long-ΐ-short-φρο-short-νος	hemi2	caesfem3
tlg001:1.560	Ἁγνιάδᾱο	17	24	long-Ἁγ-short-νι-short-ά-long-δᾱ-long-ο	hemi2	bucdiaer
tlg001:1.561	Τῑ́φυος,	1	4	long-Τῑ́-short-φυ-short-ος,	hemi1
tlg001:1.561	ὅς	5	6	long-ὅς	hemi1	diaer2
tlg001:1.561	ῥʼ	7	7	ῥʼ	hemi1
tlg001:1.561	ἐνὶ	7	8	short-ἐ-short-νὶ	hemi1
tlg001:1.561	χερσὶν	9	11	long-χερ-short-σὶν	hemi1	diaer3
tlg001:1.561	ἐύξοα	12	16	short-ἐ-long-ύ-short-ξο-short-α	hemi2	caesfem3
tlg001:1.561	τεχνηέντως	17	24	long-τεχ-long-νη-long-έν-long-τως	hemi2	bucdiaer
tlg001:1.562	πηδάλιʼ	1	4	long-πη-short-δά-short-λιʼ	hemi1
tlg001:1.562	ἀμφιέπεσκʼ,	5	10	long-ἀμ-short-φι-short-έ-long-πεσκʼ,	hemi1	diaer2
tlg001:1.562	ὄφρʼ	11	12	long-ὄφρʼ	hemi2	caesmasc3
tlg001:1.562	ἔμπεδον	13	16	long-ἔμ-short-πε-short-δον	hemi2	diaer4
tlg001:1.562	ἐξῑθῡ́νοι,	17	24	long-ἐξ-long-ῑ-long-θῡ́-long-νοι,	hemi2	bucdiaer
tlg001:1.563	δή	1	2	long-δή	hemi1
tlg001:1.563	ῥα	3	3	short-ῥα	hemi1
tlg001:1.563	τότε	4	6	short-τό-long-τε	hemi1	preliquid
tlg001:1.563	μέγαν	7	8	short-μέ-short-γαν	hemi1
tlg001:1.563	ἱστὸν	9	11	long-ἱσ-short-τὸν	hemi1	diaer3
tlg001:1.563	ἐνεστήσαντο	12	19	short-ἐν-long-ε-long-στή-long-σαν-short-το	hemi2	caesfem3
tlg001:1.563	μεσόδμῃ,	20	24	short-μεσ-long-όδ-long-μῃ,	hemi2
tlg001:1.564	δῆσαν	1	4	long-δῆ-long-σαν	hemi1
tlg001:1.564	δὲ	5	6	long-δὲ	hemi1
tlg001:1.564	προτόνοισι,	7	11	short-προ-short-τό-long-νοι-short-σι,	hemi1
tlg001:1.564	τανυσσάμενοι	12	18	short-τα-long-νυσ-short-σά-short-με-long-νοι	hemi2	caesfem3	hiatus
tlg001:1.564	ἑκάτερθεν,	19	24	short-ἑ-short-κά-long-τερ-long-θεν,	hemi2
tlg001:1.565	κὰδ	1	2	long-κὰδ	hemi1
tlg001:1.565	δʼ	3	3	δʼ	hemi1
tlg001:1.565	αὐτοῦ	3	6	long-αὐ-long-τοῦ	hemi1
tlg001:1.565	λίνα	7	8	short-λί-short-να	hemi1
tlg001:1.565	χεῦαν,	9	11	long-χεῦ-short-αν,	hemi1	diaer3
tlg001:1.565	ἐπʼ	12	12	short-ἐπʼ	hemi2	caesfem3
tlg001:1.565	ἠλακάτην	13	18	long-ἠ-short-λα-short-κά-long-την	hemi2	diaer4
tlg001:1.565	ἐρύσαντες.	19	24	short-ἐ-short-ρύ-long-σαν-long-τες.	hemi2
tlg001:1.566	ἐν	1	2	long-ἐν	hemi1
tlg001:1.566	δὲ	3	3	short-δὲ	hemi1
tlg001:1.566	λιγὺς	4	6	short-λι-long-γὺς	hemi1
tlg001:1.566	πέσεν	7	8	short-πέ-short-σεν	hemi1
tlg001:1.566	οὖρος·	9	11	long-οὖ-short-ρος·	hemi1	diaer3
tlg001:1.566	ἐπʼ	12	12	short-ἐπʼ	hemi2	caesfem3
tlg001:1.566	ἰκριόφιν	13	18	long-ἰκ-short-ρι-short-ό-long-φιν	hemi2	diaer4
tlg001:1.566	δὲ	19	19	short-δὲ	hemi2
tlg001:1.566	κάλωας	20	24	short-κά-long-λω-long-ας	hemi2
tlg001:1.567	ξεστῇσιν	1	6	long-ξεσ-long-τῇ-long-σιν	hemi1
tlg001:1.567	περόνῃσι	7	11	short-πε-short-ρό-long-νῃ-short-σι	hemi1
tlg001:1.567	διακριδὸν	12	16	short-δι-long-α-short-κρι-short-δὸν	hemi2	caesfem3
tlg001:1.567	ἀμφιβαλόντες	17	24	long-ἀμ-short-φι-short-βα-long-λόν-long-τες	hemi2	bucdiaer
tlg001:1.568	Τῑσαίην	1	6	long-Τῑ-long-σαί-long-ην	hemi1
tlg001:1.568	εὔκηλοι	7	11	long-εὔ-long-κη-short-λοι	hemi1	correption
tlg001:1.568	ὑπὲρ	12	14	short-ὑ-long-πὲρ	hemi2	caesfem3
tlg001:1.568	δολιχὴν	15	18	short-δο-short-λι-long-χὴν	hemi2
tlg001:1.568	θέον	19	20	short-θέ-short-ον	hemi2
tlg001:1.568	ἄκρην.	21	24	long-ἄκ-long-ρην.	hemi2	diaer6
tlg001:1.569	τοῖσι	1	3	long-τοῖ-short-σι	hemi1
tlg001:1.569	δὲ	4	4	short-δὲ	hemi1
tlg001:1.569	φορμίζων	5	10	long-φορ-long-μί-long-ζων	hemi1	diaer2
tlg001:1.569	εὐθήμονι	11	16	long-εὐ-long-θή-short-μο-short-νι	hemi2	caesmasc3
tlg001:1.569	μέλπεν	17	19	long-μέλ-short-πεν	hemi2	bucdiaer
tlg001:1.569	ἀοιδῇ	20	24	short-ἀ-long-οι-long-δῇ	hemi2
tlg001:1.570	Οἰάγροιο	1	7	long-Οἰ-long-άγ-long-ροι-short-ο	hemi1
tlg001:1.570	πάις	8	10	short-πά-long-ις	hemi1
tlg001:1.570	νηοσσόον	11	16	long-νη-long-οσ-short-σό-short-ον	hemi2	caesmasc3
tlg001:1.570	εὐπατέρειαν	17	24	long-εὐ-short-πα-short-τέ-long-ρει-long-αν	hemi2	bucdiaer
tlg001:1.571	Ἄρτεμιν,	1	4	long-Ἄρ-short-τε-short-μιν,	hemi1
tlg001:1.571	ἣ	5	6	long-ἣ	hemi1	diaer2
tlg001:1.571	κείνᾱς	7	10	long-κεί-long-νᾱς	hemi1
tlg001:1.571	σκοπιᾱ̀ς	11	14	short-σκο-short-πι-long-ᾱ̀ς	hemi2	caesmasc3
tlg001:1.571	ἁλὸς	15	16	short-ἁ-short-λὸς	hemi2
tlg001:1.571	ἀμφιέπεσκεν	17	24	long-ἀμ-short-φι-short-έ-long-πεσ-long-κεν	hemi2	bucdiaer
tlg001:1.572	ῥῡομένη	1	6	long-ῥῡ-short-ο-short-μέ-long-νη	hemi1
tlg001:1.572	καὶ	7	8	long-καὶ	hemi1
tlg001:1.572	γαῖαν	9	11	long-γαῖ-short-αν	hemi1
tlg001:1.572	Ἰωλκίδα·	12	16	short-Ἰ-long-ωλ-short-κί-short-δα·	hemi2	caesfem3
tlg001:1.572	τοὶ	17	18	long-τοὶ	hemi2	bucdiaer
tlg001:1.572	δὲ	19	19	short-δὲ	hemi2
tlg001:1.572	βαθείης	20	24	short-βα-long-θεί-long-ης	hemi2
tlg001:1.573	ἰχθύες	1	4	long-ἰχ-short-θύ-short-ες	hemi1
tlg001:1.573	ἀ̄ίσσοντες	5	11	long-ἀ̄-long-ίσ-long-σον-short-τες	hemi1	diaer2
tlg001:1.573	ὕπερθʼ	12	14	short-ὕ-long-περθʼ	hemi2	caesfem3
tlg001:1.573	ἁλός,	15	16	short-ἁ-short-λός,	hemi2
tlg001:1.573	ἄμμιγα	17	20	long-ἄμ-short-μι-short-γα	hemi2	bucdiaer
tlg001:1.573	παύροις	21	24	long-παύ-long-ροις	hemi2	diaer6
tlg001:1.574	ἄπλετοι,	1	4	long-ἄ-short-πλε-short-τοι,	hemi1	correption
tlg001:1.574	ὑγρὰ	5	7	long-ὑγ-short-ρὰ	hemi1	diaer2
tlg001:1.574	κέλευθα	8	11	short-κέ-long-λευ-short-θα	hemi1
tlg001:1.574	διασκαίροντες	12	19	short-δι-long-α-long-σκαί-long-ρον-short-τες	hemi2	caesfem3
tlg001:1.574	ἕποντο.	20	24	short-ἕ-long-πον-long-το.	hemi2
tlg001:1.575	ὡς	1	2	long-ὡς	hemi1
tlg001:1.575	δʼ	3	3	δʼ	hemi1
tlg001:1.575	ὁπότʼ	3	4	short-ὁ-short-πότʼ	hemi1
tlg001:1.575	ἀγραύλοιο	5	11	long-ἀγ-long-ραύ-long-λοι-short-ο	hemi1	diaer2
tlg001:1.575	κατʼ	12	12	short-κατʼ	hemi2	caesfem3
tlg001:1.575	ἴχνια	13	16	long-ἴχ-short-νι-short-α	hemi2	diaer4
tlg001:1.575	σημαντῆρος	17	24	long-ση-long-μαν-long-τῆ-long-ρος	hemi2	bucdiaer
tlg001:1.576	μῡρία	1	4	long-μῡ-short-ρί-short-α	hemi1
tlg001:1.576	μῆλʼ	5	6	long-μῆλʼ	hemi1	diaer2
tlg001:1.576	ἐφέπονται	7	11	short-ἐφ-short-έ-long-πον-short-ται	hemi1	correption
tlg001:1.576	ἄδην	12	14	short-ἄ-long-δην	hemi2	caesfem3
tlg001:1.576	κεκορημένα	15	20	short-κε-short-κο-long-ρη-short-μέ-short-να	hemi2
tlg001:1.576	ποίης	21	24	long-ποί-long-ης	hemi2	diaer6
tlg001:1.577	εἰς	1	2	long-εἰς	hemi1
tlg001:1.577	αὖλιν,	3	6	long-αὖ-long-λιν,	hemi1
tlg001:1.577	ὁ	7	7	short-ὁ	hemi1
tlg001:1.577	δέ	8	8	short-δέ	hemi1
tlg001:1.577	τʼ	9	9	τʼ	hemi1
tlg001:1.577	εἶσι	9	11	long-εἶ-short-σι	hemi1	diaer3
tlg001:1.577	πάρος	12	14	short-πά-long-ρος	hemi2	caesfem3
tlg001:1.577	σῡ́ριγ	15	18	long-σῡ́-long-ριγ	hemi2
tlg001:1.577	γι	19	19	short-γι	hemi2
tlg001:1.577	λιγείῃ	20	24	short-λι-long-γεί-long-ῃ	hemi2
tlg001:1.578	κᾱλὰ	1	3	long-κᾱ-short-λὰ	hemi1
tlg001:1.578	μελιζόμενος	4	10	short-με-long-λι-short-ζό-short-με-long-νος	hemi1
tlg001:1.578	νόμιον	11	14	short-νό-short-μι-long-ον	hemi2	caesmasc3
tlg001:1.578	μέλος,	15	16	short-μέ-short-λος,	hemi2
tlg001:1.578	ὧς	17	18	long-ὧς	hemi2	bucdiaer
tlg001:1.578	ἄρα	19	20	short-ἄ-short-ρα	hemi2
tlg001:1.578	τοί	21	22	long-τοί	hemi2
tlg001:1.578	γε	23	24	long-γε	hemi2
tlg001:1.579	ὡμάρτευν·	1	6	long-ὡ-long-μάρ-long-τευν·	hemi1
tlg001:1.579	τὴν	7	8	long-τὴν	hemi1
tlg001:1.579	δʼ	9	9	δʼ	hemi1
tlg001:1.579	αἰὲν	9	11	long-αἰ-short-ὲν	hemi1	diaer3
tlg001:1.579	ἐπασσύτερος	12	18	short-ἐπ-long-ασ-short-σύ-short-τε-long-ρος	hemi2	caesfem3
tlg001:1.579	φέρεν	19	20	short-φέ-short-ρεν	hemi2
tlg001:1.579	οὖρος.	21	24	long-οὖ-long-ρος.	hemi2	diaer6
tlg001:1.580	αὐτίκα	1	4	long-αὐ-short-τί-short-κα	hemi1
tlg001:1.580	δʼ	5	5	δʼ	hemi1
tlg001:1.580	ἠερίη	5	10	long-ἠ-short-ε-short-ρί-long-η	hemi1	diaer2
tlg001:1.580	πολυλήιος	11	16	short-πο-short-λυ-long-λή-short-ι-short-ος	hemi2	caesmasc3
tlg001:1.580	αἶα	17	19	long-αἶ-short-α	hemi2	bucdiaer
tlg001:1.580	Πελασγῶν	20	24	short-Πε-long-λασ-long-γῶν	hemi2
tlg001:1.581	δῡ́ετο,	1	4	long-δῡ́-short-ε-short-το,	hemi1
tlg001:1.581	Πηλιάδας	5	10	long-Πη-short-λι-short-ά-long-δας	hemi1	diaer2
tlg001:1.581	δὲ	11	11	short-δὲ	hemi1
tlg001:1.581	παρεξήμειβον	12	19	short-παρ-long-εξ-long-ή-long-μει-short-βον	hemi2	caesfem3
tlg001:1.581	ἐρίπνᾱς	20	24	short-ἐ-long-ρίπ-long-νᾱς	hemi2
tlg001:1.582	αἰὲν	1	3	long-αἰ-short-ὲν	hemi1
tlg001:1.582	ἐπιπροθέοντες·	4	11	short-ἐ-long-πι-short-προ-short-θέ-long-ον-short-τες·	hemi1
tlg001:1.582	ἔδῡνε	12	15	short-ἔ-long-δῡ-short-νε	hemi2	caesfem3
tlg001:1.582	δὲ	16	16	short-δὲ	hemi2
tlg001:1.582	Σηπιὰς	17	20	long-Ση-short-πι-short-ὰς	hemi2	bucdiaer
tlg001:1.582	ἄκρη,	21	24	long-ἄκ-long-ρη,	hemi2	diaer6
tlg001:1.583	φαίνετο	1	4	long-φαί-short-νε-short-το	hemi1
tlg001:1.583	δʼ	5	5	δʼ	hemi1
tlg001:1.583	εἰναλίη	5	10	long-εἰ-short-να-short-λί-long-η	hemi1	diaer2
tlg001:1.583	Σκίαθος,	11	14	short-Σκί-short-α-long-θος,	hemi2	caesmasc3
tlg001:1.583	φαίνοντο	15	19	long-φαί-long-νον-short-το	hemi2
tlg001:1.583	δʼ	20	20	δʼ	hemi2
tlg001:1.583	ἄπωθεν	20	24	short-ἄ-long-πω-long-θεν	hemi2
tlg001:1.584	Πειρεσιαὶ	1	6	long-Πει-short-ρε-short-σι-long-αὶ	hemi1
tlg001:1.584	Μάγνησά	7	11	long-Μάγ-long-νη-short-σά	hemi1
tlg001:1.584	θ᾽ὑπεύδιος	12	16	short-θ᾽ὑπ-long-εύ-short-δι-short-ος	hemi2	caesfem3
tlg001:1.584	ἠπείροιο	17	24	long-ἠ-long-πεί-long-ροι-long-ο	hemi2	bucdiaer
tlg001:1.585	ἀκτὴ	1	4	long-ἀκ-long-τὴ	hemi1
tlg001:1.585	καὶ	5	6	long-καὶ	hemi1	diaer2
tlg001:1.585	τύμβος	7	10	long-τύμ-long-βος	hemi1
tlg001:1.585	Δολοπήιος·	11	16	short-Δο-short-λο-long-πή-short-ι-short-ος·	hemi2	caesmasc3
tlg001:1.585	ἔνθʼ	17	18	long-ἔνθʼ	hemi2	bucdiaer
tlg001:1.585	ἄρα	19	20	short-ἄ-short-ρα	hemi2
tlg001:1.585	τοί	21	22	long-τοί	hemi2
tlg001:1.585	γε	23	24	long-γε	hemi2
tlg001:1.586	ἑσπέριοι	1	6	long-ἑσ-short-πέ-short-ρι-long-οι	hemi1	hiatus
tlg001:1.586	ἀνέμοιο	7	11	short-ἀ-short-νέ-long-μοι-short-ο	hemi1
tlg001:1.586	παλιμπνοίῃσιν	12	19	short-πα-long-λιμ-long-πνοί-long-ῃ-short-σιν	hemi2	caesfem3
tlg001:1.586	ἔκελσαν,	20	24	short-ἔ-long-κελ-long-σαν,	hemi2
tlg001:1.587	καί	1	2	long-καί	hemi1
tlg001:1.587	μιν	3	4	long-μιν	hemi1
tlg001:1.587	κῡδαίνοντες	5	11	long-κῡ-long-δαί-long-νον-short-τες	hemi1	diaer2
tlg001:1.587	ὑπὸ	12	14	short-ὑ-long-πὸ	hemi2	caesfem3
tlg001:1.587	κνέφας	15	16	short-κνέ-short-φας	hemi2
tlg001:1.587	ἔντομα	17	20	long-ἔν-short-το-short-μα	hemi2	bucdiaer
tlg001:1.587	μήλων	21	24	long-μή-long-λων	hemi2	diaer6
tlg001:1.588	κεῖαν,	1	3	long-κεῖ-short-αν,	hemi1
tlg001:1.588	ὀρῑνομένης	4	10	short-ὀ-long-ρῑ-short-νο-short-μέ-long-νης	hemi1
tlg001:1.588	ἁλὸς	11	12	short-ἁ-short-λὸς	hemi2	caesmasc3
tlg001:1.588	οἴδματι·	13	16	long-οἴδ-short-μα-short-τι·	hemi2	diaer4
tlg001:1.588	διπλόα	17	20	long-διπ-short-λό-short-α	hemi2	bucdiaer
tlg001:1.588	δʼ	21	21	δʼ	hemi2
tlg001:1.588	ἀκταῖς	21	24	long-ἀκ-long-ταῖς	hemi2	diaer6
tlg001:1.589	ἤματʼ	1	3	long-ἤ-short-ματʼ	hemi1
tlg001:1.589	ἐλῑνῡ́εσκον·	4	11	short-ἐ-long-λῑ-long-νῡ́-long-εσ-short-κον·	hemi1
tlg001:1.589	ἀτὰρ	12	14	short-ἀ-long-τὰρ	hemi2	caesfem3
tlg001:1.589	τριτάτῳ	15	18	short-τρι-short-τά-long-τῳ	hemi2
tlg001:1.589	προέηκαν	19	24	short-προ-short-έ-long-η-long-καν	hemi2
tlg001:1.590	νῆα,	1	3	long-νῆ-short-α,	hemi1
tlg001:1.590	τανυσσάμενοι	4	10	short-τα-long-νυσ-short-σά-short-με-long-νοι	hemi1
tlg001:1.590	περιώσιον	11	16	short-πε-short-ρι-long-ώ-short-σι-short-ον	hemi2	caesmasc3
tlg001:1.590	ὑψόθι	17	20	long-ὑ-short-ψό-short-θι	hemi2	bucdiaer
tlg001:1.590	λαῖφος.	21	24	long-λαῖ-long-φος.	hemi2	diaer6
tlg001:1.591	τὴν	1	2	long-τὴν	hemi1
tlg001:1.591	δʼ	3	3	δʼ	hemi1
tlg001:1.591	ἀκτὴν	3	6	long-ἀκ-long-τὴν	hemi1
tlg001:1.591	Ἀφέτᾱς	7	10	short-Ἀ-short-φέ-long-τᾱς	hemi1
tlg001:1.591	Ἀργοῦς	11	14	long-Ἀρ-long-γοῦς	hemi2	caesmasc3
tlg001:1.591	ἔτι	15	16	short-ἔ-short-τι	hemi2
tlg001:1.591	κικλήσκουσιν.	17	24	long-κι-long-κλήσ-long-κου-long-σιν.	hemi2	bucdiaer
tlg001:1.592	ἔνθεν	1	4	long-ἔν-long-θεν	hemi1
tlg001:1.592	δὲ	5	6	long-δὲ	hemi1
tlg001:1.592	προτέρωσε	7	11	short-προ-short-τέ-long-ρω-short-σε	hemi1
tlg001:1.592	παρεξέθεον	12	18	short-παρ-long-εξ-short-έ-short-θε-long-ον	hemi2	caesfem3
tlg001:1.592	Μελίβοιαν.	19	24	short-Με-short-λί-long-βοι-long-αν.	hemi2
tlg001:1.593	[ἀκτήν	1	4	long-[ἀκ-long-τήν	hemi1
tlg001:1.593	τʼ	5	5	τʼ	hemi1
tlg001:1.593	αἰγιαλόν	5	10	long-αἰ-short-γι-short-α-long-λόν	hemi1	diaer2
tlg001:1.593	τε	11	11	short-τε	hemi1
tlg001:1.593	δυσήνεμον	12	16	short-δυσ-long-ή-short-νε-short-μον	hemi2	caesfem3
tlg001:1.593	εἰσορόωντες.]	17	24	long-εἰσ-short-ο-short-ρό-long-ων-long-τες.]	hemi2	bucdiaer
tlg001:1.594	ἠῶθεν	1	6	long-ἠ-long-ῶ-long-θεν	hemi1
tlg001:1.594	δʼ	7	7	δʼ	hemi1
tlg001:1.594	Ὁμόλην	7	10	short-Ὁ-short-μό-long-λην	hemi1
tlg001:1.594	αὐτοσχεδὸν	11	16	long-αὐ-long-τοσ-short-χε-short-δὸν	hemi2	caesmasc3
tlg001:1.594	εἰσορόωντες	17	24	long-εἰσ-short-ο-short-ρό-long-ων-long-τες	hemi2	bucdiaer
tlg001:1.595	πόντῳ	1	4	long-πόν-long-τῳ	hemi1
tlg001:1.595	κεκλιμένην	5	10	long-κε-short-κλι-short-μέ-long-νην	hemi1	diaer2
tlg001:1.595	παρεμέτρεον·	11	16	short-παρ-short-ε-long-μέτ-short-ρε-short-ον·	hemi2	caesmasc3
tlg001:1.595	οὐδʼ	17	18	long-οὐδʼ	hemi2	bucdiaer
tlg001:1.595	ἔτι	19	20	short-ἔ-short-τι	hemi2
tlg001:1.595	δηρὸν	21	24	long-δη-long-ρὸν	hemi2	diaer6
tlg001:1.596	μέλλον	1	3	long-μέλ-short-λον	hemi1
tlg001:1.596	ὑπὲκ	4	6	short-ὑπ-long-ὲκ	hemi1
tlg001:1.596	ποταμοῖο	7	11	short-πο-short-τα-long-μοῖ-short-ο	hemi1
tlg001:1.596	βαλεῖν	12	14	short-βα-long-λεῖν	hemi2	caesfem3
tlg001:1.596	Ἀμύροιο	15	19	short-Ἀ-short-μύ-long-ροι-short-ο	hemi2
tlg001:1.596	ῥέεθρα.	20	24	short-ῥέ-long-εθ-long-ρα.	hemi2
tlg001:1.597	κεῖθεν	1	4	long-κεῖ-long-θεν	hemi1
tlg001:1.597	δʼ	5	5	δʼ	hemi1
tlg001:1.597	Εὐρυμενᾱ́ς	5	10	long-Εὐ-short-ρυ-short-με-long-νᾱ́ς	hemi1	diaer2
tlg001:1.597	τε	11	11	short-τε	hemi1
tlg001:1.597	πολυκλύστους	12	18	short-πο-long-λυ-long-κλύσ-long-τους	hemi2	caesfem3
tlg001:1.597	τε	19	19	short-τε	hemi2
tlg001:1.597	φάραγγας	20	24	short-φά-long-ραγ-long-γας	hemi2
tlg001:1.598	Ὄσσης	1	4	long-Ὄσ-long-σης	hemi1
tlg001:1.598	Οὐλύμποιό	5	11	long-Οὐ-long-λύμ-long-ποι-short-ό	hemi1	diaer2
tlg001:1.598	τʼ	12	12	τʼ	hemi1
tlg001:1.598	ἐσέδρακον·	12	16	short-ἐσ-long-έ-short-δρα-short-κον·	hemi2	caesfem3
tlg001:1.598	αὐτὰρ	17	19	long-αὐ-short-τὰρ	hemi2	bucdiaer
tlg001:1.598	ἔπειτα	20	24	short-ἔ-long-πει-long-τα	hemi2
tlg001:1.599	κλῑ́τεα	1	4	long-κλῑ́-short-τε-short-α	hemi1
tlg001:1.599	Παλλήναια,	5	11	long-Παλ-long-λή-long-ναι-short-α,	hemi1	diaer2
tlg001:1.599	Καναστραίην	12	18	short-Κα-long-νασ-long-τραί-long-ην	hemi2	caesfem3
tlg001:1.599	ὑπὲρ	19	20	short-ὑ-short-πὲρ	hemi2
tlg001:1.599	ἄκρην,	21	24	long-ἄκ-long-ρην,	hemi2	diaer6
tlg001:1.600	ἤνυσαν	1	4	long-ἤ-short-νυ-short-σαν	hemi1
tlg001:1.600	ἐννύχιοι	5	10	long-ἐν-short-νύ-short-χι-long-οι	hemi1	diaer2
tlg001:1.600	πνοιῇ	11	14	long-πνοι-long-ῇ	hemi2	caesmasc3	hiatus
tlg001:1.600	ἀνέμοιο	15	19	short-ἀ-short-νέ-long-μοι-short-ο	hemi2
tlg001:1.600	θέοντες.	20	24	short-θέ-long-ον-long-τες.	hemi2
tlg001:1.601	ἦρι	1	3	long-ἦ-short-ρι	hemi1
tlg001:1.601	δὲ	4	4	short-δὲ	hemi1
tlg001:1.601	νισσομένοισιν	5	11	long-νισ-short-σο-short-μέ-long-νοι-short-σιν	hemi1	diaer2
tlg001:1.601	Ἄθω	12	14	short-Ἄ-long-θω	hemi2	caesfem3	hiatus
tlg001:1.601	ἀνέτελλε	15	19	short-ἀν-short-έ-long-τελ-short-λε	hemi2
tlg001:1.601	κολώνη	20	24	short-κο-long-λώ-long-νη	hemi2
tlg001:1.602	Θρηικίη,	1	6	long-Θρη-short-ι-short-κί-long-η,	hemi1	hiatus
tlg001:1.602	ἣ	7	8	long-ἣ	hemi1
tlg001:1.602	τόσσον	9	11	long-τόσ-short-σον	hemi1	diaer3
tlg001:1.602	ἀπόπροθι	12	16	short-ἀ-long-πό-short-προ-short-θι	hemi2	caesfem3
tlg001:1.602	Λῆμνον	17	19	long-Λῆμ-short-νον	hemi2	bucdiaer
tlg001:1.602	ἐοῦσαν,	20	24	short-ἐ-long-οῦ-long-σαν,	hemi2
tlg001:1.603	ὅσσον	1	3	long-ὅσ-short-σον	hemi1
tlg001:1.603	ἐς	4	4	short-ἐς	hemi1
tlg001:1.603	ἔνδῑόν	5	10	long-ἔν-long-δῑ-long-όν	hemi1	diaer2
tlg001:1.603	κεν	11	11	short-κεν	hemi1
tlg001:1.603	ἐύστολος	12	16	short-ἐ-long-ύ-short-στο-short-λος	hemi2	caesfem3
tlg001:1.603	ὁλκὰς	17	19	long-ὁλ-short-κὰς	hemi2	bucdiaer
tlg001:1.603	ἀνύσσαι,	20	24	short-ἀ-long-νύσ-long-σαι,	hemi2
tlg001:1.604	ἀκροτάτῃ	1	6	long-ἀκ-short-ρο-short-τά-long-τῃ	hemi1
tlg001:1.604	κορυφῇ	7	10	short-κο-short-ρυ-long-φῇ	hemi1
tlg001:1.604	σκιάει,	11	14	short-σκι-short-ά-long-ει,	hemi2	caesmasc3
tlg001:1.604	καὶ	15	15	short-καὶ	hemi2	correption
tlg001:1.604	ἐσάχρι	16	19	short-ἐσ-long-άχ-short-ρι	hemi2
tlg001:1.604	Μυρῑ́νης.	20	24	short-Μυ-long-ρῑ́-long-νης.	hemi2
tlg001:1.605	τοῖσιν	1	4	long-τοῖ-long-σιν	hemi1
tlg001:1.605	δʼ	5	5	δʼ	hemi1
tlg001:1.605	αὐτῆμαρ	5	10	long-αὐ-long-τῆ-long-μαρ	hemi1	diaer2
tlg001:1.605	μὲν	11	11	short-μὲν	hemi1
tlg001:1.605	ἄεν	12	14	short-ἄ-long-εν	hemi2	caesfem3
tlg001:1.605	καὶ	15	15	short-καὶ	hemi2	correption
tlg001:1.605	ἐπὶ	16	18	short-ἐ-long-πὶ	hemi2
tlg001:1.605	κνέφας	19	20	short-κνέ-short-φας	hemi2
tlg001:1.605	οὖρος	21	24	long-οὖ-long-ρος	hemi2	diaer6
tlg001:1.606	πάγχυ	1	3	long-πάγ-short-χυ	hemi1
tlg001:1.606	μάλʼ	4	4	short-μάλʼ	hemi1
tlg001:1.606	ἀκρᾱής,	5	10	long-ἀ-long-κρᾱ-long-ής,	hemi1	diaer2
tlg001:1.606	τετάνυστο	11	15	short-τε-short-τά-long-νυσ-short-το	hemi2	caesmasc3
tlg001:1.606	δὲ	16	16	short-δὲ	hemi2
tlg001:1.606	λαίφεα	17	20	long-λαί-short-φε-short-α	hemi2	bucdiaer
tlg001:1.606	νηός.	21	24	long-νη-long-ός.	hemi2	diaer6
tlg001:1.607	αὐτὰρ	1	3	long-αὐ-short-τὰρ	hemi1
tlg001:1.607	ἅμʼ	4	4	short-ἅμʼ	hemi1
tlg001:1.607	ἠελίοιο	5	11	long-ἠ-short-ε-short-λί-long-οι-short-ο	hemi1	diaer2
tlg001:1.607	βολαῖς	12	14	short-βο-long-λαῖς	hemi2	caesfem3
tlg001:1.607	ἀνέμοιο	15	19	short-ἀ-short-νέ-long-μοι-short-ο	hemi2
tlg001:1.607	λιπόντος	20	24	short-λι-long-πόν-long-τος	hemi2
tlg001:1.608	εἰρεσίῃ	1	6	long-εἰ-short-ρε-short-σί-long-ῃ	hemi1
tlg001:1.608	κραναὴν	7	10	short-κρα-short-να-long-ὴν	hemi1
tlg001:1.608	Σιντηίδα	11	16	long-Σιν-long-τη-short-ί-short-δα	hemi2	caesmasc3
tlg001:1.608	Λῆμνον	17	19	long-Λῆμ-short-νον	hemi2	bucdiaer
tlg001:1.608	ἵκοντο.	20	24	short-ἵ-long-κον-long-το.	hemi2
tlg001:1.609	ἔνθʼ	1	2	long-ἔνθʼ	hemi1
tlg001:1.609	ἄμυδις	3	6	short-ἄ-short-μυ-long-δις	hemi1
tlg001:1.609	πᾶς	7	8	long-πᾶς	hemi1
tlg001:1.609	δῆμος	9	11	long-δῆ-short-μος	hemi1	diaer3
tlg001:1.609	ὑπερβασίῃσι	12	19	short-ὑ-long-περ-short-βα-short-σί-long-ῃ-short-σι	hemi2	caesfem3
tlg001:1.609	γυναικῶν	20	24	short-γυ-long-ναι-long-κῶν	hemi2
tlg001:1.610	νηλειῶς	1	6	long-νη-long-λει-long-ῶς	hemi1
tlg001:1.610	δέδμητο	7	11	long-δέ-long-δμη-short-το	hemi1
tlg001:1.610	παροιχομένῳ	12	18	short-παρ-long-οι-short-χο-short-μέ-long-νῳ	hemi2	caesfem3
tlg001:1.610	λυκάβαντι.	19	24	short-λυ-short-κά-long-βαν-long-τι.	hemi2
tlg001:1.611	δὴ	1	2	long-δὴ	hemi1
tlg001:1.611	γὰρ	3	4	long-γὰρ	hemi1
tlg001:1.611	κουριδίᾱς	5	10	long-κου-short-ρι-short-δί-long-ᾱς	hemi1	diaer2
tlg001:1.611	μὲν	11	11	short-μὲν	hemi1
tlg001:1.611	ἀπηνήναντο	12	19	short-ἀπ-long-η-long-νή-long-ναν-short-το	hemi2	caesfem3
tlg001:1.611	γυναῖκας	20	24	short-γυ-long-ναῖ-long-κας	hemi2
tlg001:1.612	ἀ̄νέρες	1	4	long-ἀ̄-short-νέ-short-ρες	hemi1
tlg001:1.612	ἐχθήραντες,	5	11	long-ἐχ-long-θή-long-ραν-short-τες,	hemi1	diaer2
tlg001:1.612	ἔχον	12	14	short-ἔ-long-χον	hemi2	caesfem3
tlg001:1.612	δʼ	15	15	δʼ	hemi2
tlg001:1.612	ἐπὶ	15	16	short-ἐ-short-πὶ	hemi2
tlg001:1.612	ληιάδεσσιν	17	24	long-λη-short-ι-short-ά-long-δεσ-long-σιν	hemi2	bucdiaer
tlg001:1.613	τρηχὺν	1	3	long-τρη-short-χὺν	hemi1
tlg001:1.613	ἔρον,	4	6	short-ἔ-long-ρον,	hemi1
tlg001:1.613	ἃ̄ς	7	8	long-ἃ̄ς	hemi1
tlg001:1.613	αὐτοὶ	9	11	long-αὐ-short-τοὶ	hemi1	diaer3	correption
tlg001:1.613	ἀγῑ́νεον	12	16	short-ἀ-long-γῑ́-short-νε-short-ον	hemi2	caesfem3
tlg001:1.613	ἀντιπέρηθεν	17	24	long-ἀν-short-τι-short-πέ-long-ρη-long-θεν	hemi2	bucdiaer
tlg001:1.614	Θρηικίην	1	6	long-Θρη-short-ι-short-κί-long-ην	hemi1
tlg001:1.614	δῃοῦντες·	7	11	long-δῃ-long-οῦν-short-τες·	hemi1
tlg001:1.614	ἐπεὶ	12	14	short-ἐ-long-πεὶ	hemi2	caesfem3
tlg001:1.614	χόλος	15	16	short-χό-short-λος	hemi2
tlg001:1.614	αἰνὸς	17	19	long-αἰ-short-νὸς	hemi2	bucdiaer
tlg001:1.614	ὄπαζεν	20	24	short-ὄ-long-πα-long-ζεν	hemi2
tlg001:1.615	Κύπριδος,	1	4	long-Κύπ-short-ρι-short-δος,	hemi1
tlg001:1.615	οὕνεκά	5	8	long-οὕ-short-νε-short-κά	hemi1	diaer2
tlg001:1.615	μιν	9	10	long-μιν	hemi1
tlg001:1.615	γεράων	11	14	short-γε-short-ρά-long-ων	hemi2	caesmasc3
tlg001:1.615	ἐπὶ	15	16	short-ἐ-short-πὶ	hemi2
tlg001:1.615	δηρὸν	17	19	long-δη-short-ρὸν	hemi2	bucdiaer
tlg001:1.615	ἄτισσαν.	20	24	short-ἄ-long-τισ-long-σαν.	hemi2
tlg001:1.616	ὦ	1	2	long-ὦ	hemi1
tlg001:1.616	μέλεαι,	3	6	short-μέ-short-λε-long-αι,	hemi1
tlg001:1.616	ζήλοιό	7	11	long-ζή-long-λοι-short-ό	hemi1
tlg001:1.616	τʼ	12	12	τʼ	hemi1
tlg001:1.616	ἐπισμυγερῶς	12	18	short-ἐ-long-πι-short-σμυ-short-γε-long-ρῶς	hemi2	caesfem3
tlg001:1.616	ἀκόρητοι.	19	24	short-ἀ-short-κό-long-ρη-long-τοι.	hemi2
tlg001:1.617	οὐκ	1	2	long-οὐκ	hemi1
tlg001:1.617	οἶον	3	6	long-οἶ-long-ον	hemi1
tlg001:1.617	σὺν	7	8	long-σὺν	hemi1
tlg001:1.617	τῇσιν	9	11	long-τῇ-short-σιν	hemi1	diaer3
tlg001:1.617	ἑοὺς	12	14	short-ἑ-long-οὺς	hemi2	caesfem3
tlg001:1.617	ἔρραισαν	15	19	long-ἔρ-long-ραι-short-σαν	hemi2
tlg001:1.617	ἀκοίτᾱς	20	24	short-ἀ-long-κοί-long-τᾱς	hemi2
tlg001:1.618	ἀμφʼ	1	2	long-ἀμφʼ	hemi1
tlg001:1.618	εὐνῇ,	3	6	long-εὐ-long-νῇ,	hemi1
tlg001:1.618	πᾶν	7	8	long-πᾶν	hemi1
tlg001:1.618	δʼ	9	9	δʼ	hemi1
tlg001:1.618	ἄρσεν	9	11	long-ἄρ-short-σεν	hemi1	diaer3
tlg001:1.618	ὁμοῦ	12	14	short-ὁ-long-μοῦ	hemi2	caesfem3
tlg001:1.618	γένος,	15	16	short-γέ-short-νος,	hemi2
tlg001:1.618	ὥς	17	18	long-ὥς	hemi2	bucdiaer
tlg001:1.618	κεν	19	19	short-κεν	hemi2
tlg001:1.618	ὀπίσσω	20	24	short-ὀ-long-πίσ-long-σω	hemi2
tlg001:1.619	μήτινα	1	4	long-μή-short-τι-short-να	hemi1
tlg001:1.619	λευγαλέοιο	5	11	long-λευ-short-γα-short-λέ-long-οι-short-ο	hemi1	diaer2
tlg001:1.619	φόνου	12	14	short-φό-long-νου	hemi2	caesfem3
tlg001:1.619	τῑ́σειαν	15	19	long-τῑ́-long-σει-short-αν	hemi2
tlg001:1.619	ἀμοιβήν.	20	24	short-ἀ-long-μοι-long-βήν.	hemi2
tlg001:1.620	οἴη	1	4	long-οἴ-long-η	hemi1
tlg001:1.620	δʼ	5	5	δʼ	hemi1
tlg001:1.620	ἐκ	5	6	long-ἐκ	hemi1	diaer2
tlg001:1.620	πᾱσέων	7	10	long-πᾱ-long-σέων	hemi1	synizesis
tlg001:1.620	γεραροῦ	11	14	short-γε-short-ρα-long-ροῦ	hemi2	caesmasc3
tlg001:1.620	περιφείσατο	15	20	short-πε-short-ρι-long-φεί-short-σα-short-το	hemi2
tlg001:1.620	πατρὸς	21	24	long-πατ-long-ρὸς	hemi2	diaer6
tlg001:1.621	Ὑψιπύλεια	1	7	long-Ὑ-short-ψι-short-πύ-long-λει-short-α	hemi1
tlg001:1.621	Θόαντος,	8	11	short-Θό-long-αν-short-τος,	hemi1
tlg001:1.621	ὃ	12	12	short-ὃ	hemi2	caesfem3
tlg001:1.621	δὴ	13	14	long-δὴ	hemi2	diaer4
tlg001:1.621	κατὰ	15	16	short-κα-short-τὰ	hemi2
tlg001:1.621	δῆμον	17	19	long-δῆ-short-μον	hemi2	bucdiaer
tlg001:1.621	ἄνασσεν·	20	24	short-ἄ-long-νασ-long-σεν·	hemi2
tlg001:1.622	λάρνακι	1	4	long-λάρ-short-να-short-κι	hemi1
tlg001:1.622	δʼ	5	5	δʼ	hemi1
tlg001:1.622	ἐν	5	6	long-ἐν	hemi1	diaer2
tlg001:1.622	κοίλῃ	7	10	long-κοί-long-λῃ	hemi1
tlg001:1.622	μιν	11	11	short-μιν	hemi1
tlg001:1.622	ὕπερθʼ	12	14	short-ὕ-long-περθʼ	hemi2	caesfem3
tlg001:1.622	ἁλὸς	15	16	short-ἁ-short-λὸς	hemi2
tlg001:1.622	ἧκε	17	19	long-ἧ-short-κε	hemi2	bucdiaer
tlg001:1.622	φέρεσθαι,	20	24	short-φέ-long-ρεσ-long-θαι,	hemi2
tlg001:1.623	αἴ	1	2	long-αἴ	hemi1
tlg001:1.623	κε	3	3	short-κε	hemi1
tlg001:1.623	φύγῃ.	4	6	short-φύ-long-γῃ.	hemi1
tlg001:1.623	καὶ	7	8	long-καὶ	hemi1
tlg001:1.623	τὸν	9	10	long-τὸν	hemi1
tlg001:1.623	μὲν	11	11	short-μὲν	hemi1
tlg001:1.623	ἐς	12	12	short-ἐς	hemi2	caesfem3
tlg001:1.623	Οἰνοίην	13	18	long-Οἰ-long-νοί-long-ην	hemi2	diaer4
tlg001:1.623	ἐρύσαντο	19	24	short-ἐ-short-ρύ-long-σαν-long-το	hemi2
tlg001:1.624	πρόσθεν,	1	3	long-πρόσ-short-θεν,	hemi1
tlg001:1.624	ἀτὰρ	4	6	short-ἀ-long-τὰρ	hemi1
tlg001:1.624	Σίκινόν	7	10	short-Σί-short-κι-long-νόν	hemi1
tlg001:1.624	γε	11	11	short-γε	hemi1
tlg001:1.624	μεθύστερον	12	16	short-μεθ-long-ύσ-short-τε-short-ρον	hemi2	caesfem3
tlg001:1.624	αὐδηθεῖσαν	17	24	long-αὐ-long-δη-long-θεῖ-long-σαν	hemi2	bucdiaer
tlg001:1.625	νῆσον,	1	3	long-νῆ-short-σον,	hemi1
tlg001:1.625	ἐπακτῆρες,	4	10	short-ἐπ-long-ακ-long-τῆ-long-ρες,	hemi1
tlg001:1.625	Σικίνου	11	14	short-Σι-short-κί-long-νου	hemi2	caesmasc3	hiatus
tlg001:1.625	ἄπο,	15	16	short-ἄ-short-πο,	hemi2
tlg001:1.625	τόν	17	18	long-τόν	hemi2	bucdiaer
tlg001:1.625	ῥα	19	19	short-ῥα	hemi2
tlg001:1.625	Θόαντι	20	24	short-Θό-long-αν-long-τι	hemi2
tlg001:1.626	νηιὰς	1	4	long-νη-short-ι-short-ὰς	hemi1
tlg001:1.626	Οἰνοίη	5	10	long-Οἰ-long-νοί-long-η	hemi1	diaer2
tlg001:1.626	νύμφη	11	14	long-νύμ-long-φη	hemi2	caesmasc3
tlg001:1.626	τέκεν	15	16	short-τέ-short-κεν	hemi2
tlg001:1.626	εὐνηθεῖσα.	17	24	long-εὐ-long-νη-long-θεῖ-long-σα.	hemi2	bucdiaer
tlg001:1.627	τῇσι	1	3	long-τῇ-short-σι	hemi1
tlg001:1.627	δὲ	4	4	short-δὲ	hemi1
tlg001:1.627	βουκόλιαί	5	10	long-βου-short-κό-short-λι-long-αί	hemi1	diaer2
tlg001:1.627	τε	11	11	short-τε	hemi1
tlg001:1.627	βοῶν	12	14	short-βο-long-ῶν	hemi2	caesfem3
tlg001:1.627	χάλκειά	15	19	long-χάλ-long-κει-short-ά	hemi2
tlg001:1.627	τε	20	20	short-τε	hemi2
tlg001:1.627	δῡ́νειν	21	24	long-δῡ́-long-νειν	hemi2	diaer6
tlg001:1.628	τεύχεα,	1	4	long-τεύ-short-χε-short-α,	hemi1
tlg001:1.628	πῡροφόρους	5	10	long-πῡ-short-ρο-short-φό-long-ρους	hemi1	diaer2
tlg001:1.628	τε	11	11	short-τε	hemi1
tlg001:1.628	διατμήξασθαι	12	19	short-δι-long-α-long-τμή-long-ξασ-short-θαι	hemi2	caesfem3	correption
tlg001:1.628	ἀρούρᾱς	20	24	short-ἀ-long-ρού-long-ρᾱς	hemi2
tlg001:1.629	ῥηίτερον	1	6	long-ῥη-short-ί-short-τε-long-ρον	hemi1
tlg001:1.629	πᾱ́σῃσιν	7	11	long-πᾱ́-long-σῃ-short-σιν	hemi1
tlg001:1.629	Ἀθηναίης	12	18	short-Ἀ-long-θη-long-ναί-long-ης	hemi2	caesfem3
tlg001:1.629	πέλεν	19	20	short-πέ-short-λεν	hemi2
tlg001:1.629	ἔργων,	21	24	long-ἔρ-long-γων,	hemi2	diaer6
tlg001:1.630	οἷς	1	2	long-οἷς	hemi1
tlg001:1.630	αἰεὶ	3	6	long-αἰ-long-εὶ	hemi1
tlg001:1.630	τὸ	7	7	short-τὸ	hemi1
tlg001:1.630	πάροιθεν	8	11	short-πά-long-ροι-short-θεν	hemi1
tlg001:1.630	ὁμῑ́λεον.	12	16	short-ὁ-long-μῑ́-short-λε-short-ον.	hemi2	caesfem3
tlg001:1.630	ἀλλὰ	17	19	long-ἀλ-short-λὰ	hemi2	bucdiaer
tlg001:1.630	γὰρ	20	20	short-γὰρ	hemi2
tlg001:1.630	ἔμπης	21	24	long-ἔμ-long-πης	hemi2	diaer6
tlg001:1.631	ἦ	1	2	long-ἦ	hemi1
tlg001:1.631	θαμὰ	3	4	short-θα-short-μὰ	hemi1
tlg001:1.631	δὴ	5	6	long-δὴ	hemi1	diaer2
tlg001:1.631	πάπταινον	7	11	long-πάπ-long-ται-short-νον	hemi1
tlg001:1.631	ἐπὶ	12	14	short-ἐ-long-πὶ	hemi2	caesfem3
tlg001:1.631	πλατὺν	15	16	short-πλα-short-τὺν	hemi2
tlg001:1.631	ὄμμασι	17	20	long-ὄμ-short-μα-short-σι	hemi2	bucdiaer
tlg001:1.631	πόντον	21	24	long-πόν-long-τον	hemi2	diaer6
tlg001:1.632	δείματι	1	4	long-δεί-short-μα-short-τι	hemi1
tlg001:1.632	λευγαλέῳ,	5	10	long-λευ-short-γα-short-λέ-long-ῳ,	hemi1	diaer2	hiatus
tlg001:1.632	ὁπότε	11	14	short-ὁ-short-πό-long-τε	hemi2	caesmasc3
tlg001:1.632	Θρήῑκες	15	19	long-Θρή-long-ῑ-short-κες	hemi2
tlg001:1.632	ἴᾱσιν.	20	24	short-ἴ-long-ᾱ-long-σιν.	hemi2
tlg001:1.633	τῶ	1	2	long-τῶ	hemi1
tlg001:1.633	καὶ	3	3	short-καὶ	hemi1	correption
tlg001:1.633	ὅτʼ	4	4	short-ὅτʼ	hemi1
tlg001:1.633	ἐγγύθι	5	8	long-ἐγ-short-γύ-short-θι	hemi1	diaer2
tlg001:1.633	νήσου	9	11	long-νή-short-σου	hemi1	diaer3	correption
tlg001:1.633	ἐρεσσομένην	12	18	short-ἐ-long-ρεσ-short-σο-short-μέ-long-νην	hemi2	caesfem3
tlg001:1.633	ἴδον	19	20	short-ἴ-short-δον	hemi2
tlg001:1.633	Ἀργώ,	21	24	long-Ἀρ-long-γώ,	hemi2	diaer6
tlg001:1.634	αὐτίκα	1	4	long-αὐ-short-τί-short-κα	hemi1
tlg001:1.634	πασσυδίῃ	5	10	long-πασ-short-συ-short-δί-long-ῃ	hemi1	diaer2
tlg001:1.634	πυλέων	11	14	short-πυ-short-λέ-long-ων	hemi2	caesmasc3
tlg001:1.634	ἔκτοσθε	15	19	long-ἔκ-long-τοσ-short-θε	hemi2
tlg001:1.634	Μυρῑ́νης	20	24	short-Μυ-long-ρῑ́-long-νης	hemi2
tlg001:1.635	δήια	1	4	long-δή-short-ι-short-α	hemi1
tlg001:1.635	τεύχεα	5	8	long-τεύ-short-χε-short-α	hemi1	diaer2
tlg001:1.635	δῦσαι	9	11	long-δῦ-short-σαι	hemi1	diaer3	correption
tlg001:1.635	ἐς	12	12	short-ἐς	hemi2	caesfem3
tlg001:1.635	αἰγιαλὸν	13	18	long-αἰ-short-γι-short-α-long-λὸν	hemi2	diaer4
tlg001:1.635	προχέοντο,	19	24	short-προ-short-χέ-long-ον-long-το,	hemi2
tlg001:1.636	Θυιάσιν	1	4	long-Θυι-short-ά-short-σιν	hemi1
tlg001:1.636	ὠμοβόροις	5	10	long-ὠ-short-μο-short-βό-long-ροις	hemi1	diaer2
tlg001:1.636	ἴκελαι·	11	14	short-ἴ-short-κε-long-λαι·	hemi2	caesmasc3
tlg001:1.636	φὰν	15	16	long-φὰν	hemi2
tlg001:1.636	γάρ	17	18	long-γάρ	hemi2
tlg001:1.636	που	19	19	short-που	hemi2	correption
tlg001:1.636	ἱκᾱ́νειν	20	24	short-ἱ-long-κᾱ́-long-νειν	hemi2
tlg001:1.637	Θρήικας·	1	4	long-Θρή-short-ι-short-κας·	hemi1
tlg001:1.637	ἡ	5	6	long-ἡ	hemi1	diaer2
tlg001:1.637	δʼ	7	7	δʼ	hemi1
tlg001:1.637	ἅμα	7	8	short-ἅ-short-μα	hemi1
tlg001:1.637	τῇσι	9	11	long-τῇ-short-σι	hemi1	diaer3
tlg001:1.637	Θοαντιὰς	12	16	short-Θο-long-αν-short-τι-short-ὰς	hemi2	caesfem3
tlg001:1.637	Ὑψιπύλεια	17	24	long-Ὑ-short-ψι-short-πύ-long-λει-long-α	hemi2	bucdiaer
tlg001:1.638	δῦνʼ	1	2	long-δῦνʼ	hemi1
tlg001:1.638	ἐνὶ	3	4	short-ἐ-short-νὶ	hemi1
tlg001:1.638	τεύχεσι	5	8	long-τεύ-short-χε-short-σι	hemi1	diaer2
tlg001:1.638	πατρός.	9	11	long-πατ-short-ρός.	hemi1	diaer3
tlg001:1.638	ἀμηχανίῃ	12	18	short-ἀ-long-μη-short-χα-short-νί-long-ῃ	hemi2	caesfem3
tlg001:1.638	δʼ	19	19	δʼ	hemi2
tlg001:1.638	ἐχέοντο	19	24	short-ἐ-short-χέ-long-ον-long-το	hemi2
tlg001:1.639	ἄφθογγοι·	1	6	long-ἄφ-long-θογ-long-γοι·	hemi1
tlg001:1.639	τοῖόν	7	10	long-τοῖ-long-όν	hemi1
tlg001:1.639	σφιν	11	11	short-σφιν	hemi1
tlg001:1.639	ἐπὶ	12	14	short-ἐ-long-πὶ	hemi2	caesfem3	pre-dw
tlg001:1.639	δέος	15	16	short-δέ-short-ος	hemi2
tlg001:1.639	ᾐωρεῖτο.	17	24	long-ᾐ-long-ω-long-ρεῖ-long-το.	hemi2	bucdiaer
tlg001:1.640	τείως	1	4	long-τεί-long-ως	hemi1
tlg001:1.640	δʼ	5	5	δʼ	hemi1
tlg001:1.640	αὖτʼ	5	6	long-αὖτʼ	hemi1	diaer2
tlg001:1.640	ἐκ	7	8	long-ἐκ	hemi1
tlg001:1.640	νηὸς	9	11	long-νη-short-ὸς	hemi1	diaer3
tlg001:1.640	ἀριστῆες	12	18	short-ἀ-long-ρισ-long-τῆ-long-ες	hemi2	caesfem3
tlg001:1.640	προέηκαν	19	24	short-προ-short-έ-long-η-long-καν	hemi2
tlg001:1.641	Αἰθαλίδην	1	6	long-Αἰ-short-θα-short-λί-long-δην	hemi1
tlg001:1.641	κήρῡκα	7	11	long-κή-long-ρῡ-short-κα	hemi1
tlg001:1.641	θοόν,	12	14	short-θο-long-όν,	hemi2	caesfem3
tlg001:1.641	τῷπέρ	15	18	long-τῷ-long-πέρ	hemi2
tlg001:1.641	τε	19	19	short-τε	hemi2
tlg001:1.641	μέλεσθαι	20	24	short-μέ-long-λεσ-long-θαι	hemi2
tlg001:1.642	ἀγγελίᾱς	1	6	long-ἀγ-short-γε-short-λί-long-ᾱς	hemi1
tlg001:1.642	καὶ	7	8	long-καὶ	hemi1
tlg001:1.642	σκῆπτρον	9	11	long-σκῆπ-short-τρον	hemi1
tlg001:1.642	ἐπέτρεπον	12	16	short-ἐπ-long-έ-short-τρε-short-πον	hemi2	caesfem3
tlg001:1.642	Ἑρμείᾱο,	17	24	long-Ἑρ-long-μεί-long-ᾱ-long-ο,	hemi2	bucdiaer
tlg001:1.643	σφωιτέροιο	1	7	long-σφω-short-ι-short-τέ-long-ροι-short-ο	hemi1
tlg001:1.643	τοκῆος,	8	11	short-το-long-κῆ-short-ος,	hemi1
tlg001:1.643	ὅ	12	12	short-ὅ	hemi2	caesfem3	hiatus
tlg001:1.643	οἱ	13	14	long-οἱ	hemi2
tlg001:1.643	μνῆστιν	15	18	long-μνῆσ-long-τιν	hemi2
tlg001:1.643	πόρε	19	20	short-πό-short-ρε	hemi2
tlg001:1.643	πάντων	21	24	long-πάν-long-των	hemi2	diaer6
tlg001:1.644	ἄφθιτον·	1	4	long-ἄφ-short-θι-short-τον·	hemi1
tlg001:1.644	οὐδʼ	5	6	long-οὐδʼ	hemi1	diaer2
tlg001:1.644	ἔτι	7	8	short-ἔ-short-τι	hemi1
tlg001:1.644	νῦν	9	10	long-νῦν	hemi1	diaer3
tlg001:1.644	περ	11	11	short-περ	hemi1
tlg001:1.644	ἀποιχομένου	12	18	short-ἀπ-long-οι-short-χο-short-μέ-long-νου	hemi2	caesfem3	hiatus
tlg001:1.644	Ἀχέροντος	19	24	short-Ἀ-short-χέ-long-ρον-long-τος	hemi2
tlg001:1.645	δῑ́νᾱς	1	4	long-δῑ́-long-νᾱς	hemi1
tlg001:1.645	ἀπροφάτους	5	10	long-ἀ-short-προ-short-φά-long-τους	hemi1	diaer2
tlg001:1.645	ψῡχὴν	11	14	long-ψῡ-long-χὴν	hemi2	caesmasc3
tlg001:1.645	ἐπιδέδρομε	15	20	short-ἐ-short-πι-long-δέ-short-δρο-short-με	hemi2
tlg001:1.645	λήθη·	21	24	long-λή-long-θη·	hemi2	diaer6
tlg001:1.646	ἀλλʼ	1	2	long-ἀλλʼ	hemi1
tlg001:1.646	ἥγʼ	3	4	long-ἥγʼ	hemi1
tlg001:1.646	ἔμπεδον	5	8	long-ἔμ-short-πε-short-δον	hemi1	diaer2
tlg001:1.646	αἰὲν	9	11	long-αἰ-short-ὲν	hemi1	diaer3
tlg001:1.646	ἀμειβομένη	12	18	short-ἀ-long-μει-short-βο-short-μέ-long-νη	hemi2	caesfem3
tlg001:1.646	μεμόρηται,	19	24	short-με-short-μό-long-ρη-long-ται,	hemi2
tlg001:1.647	ἄλλοθʼ	1	3	long-ἄλ-short-λοθʼ	hemi1
tlg001:1.647	ὑποχθονίοις	4	10	short-ὑ-long-ποχ-short-θο-short-νί-long-οις	hemi1
tlg001:1.647	ἐναρίθμιος,	11	16	short-ἐν-short-α-long-ρίθ-short-μι-short-ος,	hemi2	caesmasc3
tlg001:1.647	ἄλλοτʼ	17	19	long-ἄλ-short-λοτʼ	hemi2	bucdiaer
tlg001:1.647	ἐς	20	20	short-ἐς	hemi2
tlg001:1.647	αὐγᾱ̀ς	21	24	long-αὐ-long-γᾱ̀ς	hemi2	diaer6
tlg001:1.648	ἠελίου	1	6	long-ἠ-short-ε-short-λί-long-ου	hemi1
tlg001:1.648	ζωοῖσι	7	11	long-ζω-long-οῖ-short-σι	hemi1
tlg001:1.648	μετʼ	12	12	short-μετʼ	hemi2	caesfem3
tlg001:1.648	ἀνδράσιν.	13	16	long-ἀν-short-δρά-short-σιν.	hemi2	diaer4
tlg001:1.648	ἀλλὰ	17	19	long-ἀλ-short-λὰ	hemi2	bucdiaer
tlg001:1.648	τί	20	20	short-τί	hemi2
tlg001:1.648	μῡ́θους	21	24	long-μῡ́-long-θους	hemi2	diaer6
tlg001:1.649	Αἰθαλίδεω	1	6	long-Αἰ-short-θα-short-λί-long-δεω	hemi1	synizesis
tlg001:1.649	χρειώ	7	10	long-χρει-long-ώ	hemi1
tlg001:1.649	με	11	11	short-με	hemi1
tlg001:1.649	διηνεκέως	12	18	short-δι-long-η-short-νε-short-κέ-long-ως	hemi2	caesfem3
tlg001:1.649	ἀγορεύειν;	19	24	short-ἀ-short-γο-long-ρεύ-long-ειν;	hemi2
tlg001:1.650	ὅς	1	2	long-ὅς	hemi1
tlg001:1.650	ῥα	3	3	short-ῥα	hemi1
tlg001:1.650	τόθʼ	4	4	short-τόθʼ	hemi1
tlg001:1.650	Ὑψιπύλην	5	10	long-Ὑ-short-ψι-short-πύ-long-λην	hemi1	diaer2
tlg001:1.650	μειλίξατο	11	16	long-μει-long-λί-short-ξα-short-το	hemi2	caesmasc3
tlg001:1.650	δέχθαι	17	19	long-δέχ-short-θαι	hemi2	bucdiaer	correption
tlg001:1.650	ἰόντας	20	24	short-ἰ-long-όν-long-τας	hemi2
tlg001:1.651	ἤματος	1	4	long-ἤ-short-μα-short-τος	hemi1
tlg001:1.651	ἀ̄νομένοιο	5	11	long-ἀ̄-short-νο-short-μέ-long-νοι-short-ο	hemi1	diaer2
tlg001:1.651	διὰ	12	14	short-δι-long-ὰ	hemi2	caesfem3
tlg001:1.651	κνέφας·	15	16	short-κνέ-short-φας·	hemi2
tlg001:1.651	οὐδὲ	17	19	long-οὐ-short-δὲ	hemi2	bucdiaer
tlg001:1.651	μὲν	20	20	short-μὲν	hemi2
tlg001:1.651	ἠοῖ	21	24	long-ἠ-long-οῖ	hemi2	diaer6
tlg001:1.652	πείσματα	1	4	long-πείσ-short-μα-short-τα	hemi1
tlg001:1.652	νηὸς	5	7	long-νη-short-ὸς	hemi1	diaer2
tlg001:1.652	ἔλῡσαν	8	11	short-ἔ-long-λῡ-short-σαν	hemi1
tlg001:1.652	ἐπὶ	12	14	short-ἐ-long-πὶ	hemi2	caesfem3
tlg001:1.652	πνοιῇ	15	18	long-πνοι-long-ῇ	hemi2
tlg001:1.652	βορέᾱο.	19	24	short-βο-short-ρέ-long-ᾱ-long-ο.	hemi2
tlg001:1.653	Λημνιάδες	1	6	long-Λημ-short-νι-short-ά-long-δες	hemi1
tlg001:1.653	δὲ	7	7	short-δὲ	hemi1
tlg001:1.653	γυναῖκες	8	11	short-γυ-long-ναῖ-short-κες	hemi1
tlg001:1.653	ἀνὰ	12	14	short-ἀ-long-νὰ	hemi2	caesfem3
tlg001:1.653	πτόλιν	15	16	short-πτό-short-λιν	hemi2
tlg001:1.653	ἷζον	17	19	long-ἷ-short-ζον	hemi2	bucdiaer
tlg001:1.653	ἰοῦσαι	20	24	short-ἰ-long-οῦ-long-σαι	hemi2
tlg001:1.654	εἰς	1	2	long-εἰς	hemi1
tlg001:1.654	ἀγορήν·	3	6	short-ἀ-short-γο-long-ρήν·	hemi1
tlg001:1.654	αὐτὴ	7	10	long-αὐ-long-τὴ	hemi1
tlg001:1.654	γὰρ	11	11	short-γὰρ	hemi1
tlg001:1.654	ἐπέφραδεν	12	16	short-ἐπ-long-έ-short-φρα-short-δεν	hemi2	caesfem3
tlg001:1.654	Ὑψιπύλεια.	17	24	long-Ὑ-short-ψι-short-πύ-long-λει-long-α.	hemi2	bucdiaer
tlg001:1.655	καί	1	2	long-καί	hemi1
tlg001:1.655	ῥʼ	3	3	ῥʼ	hemi1
tlg001:1.655	ὅτε	3	4	short-ὅ-short-τε	hemi1
tlg001:1.655	δὴ	5	6	long-δὴ	hemi1	diaer2
tlg001:1.655	μάλα	7	8	short-μά-short-λα	hemi1
tlg001:1.655	πᾶσαι	9	11	long-πᾶ-short-σαι	hemi1	diaer3	correption
tlg001:1.655	ὁμῑλαδὸν	12	16	short-ὁ-long-μῑ-short-λα-short-δὸν	hemi2	caesfem3
tlg001:1.655	ἠγερέθοντο,	17	24	long-ἠ-short-γε-short-ρέ-long-θον-long-το,	hemi2	bucdiaer
tlg001:1.656	αὐτίκʼ	1	3	long-αὐ-short-τίκʼ	hemi1
tlg001:1.656	ἄρʼ	4	4	short-ἄρʼ	hemi1
tlg001:1.656	ἥ	5	6	long-ἥ	hemi1	diaer2
tlg001:1.656	γʼ	7	7	γʼ	hemi1
tlg001:1.656	ἐνὶ	7	8	short-ἐ-short-νὶ	hemi1
tlg001:1.656	τῇσιν	9	11	long-τῇ-short-σιν	hemi1	diaer3
tlg001:1.656	ἐποτρῡ́νουσʼ	12	18	short-ἐπ-long-οτ-long-ρῡ́-long-νουσʼ	hemi2	caesfem3
tlg001:1.656	ἀγόρευεν·	19	24	short-ἀ-short-γό-long-ρευ-long-εν·	hemi2
tlg001:1.657	‘Ὦ	1	2	long-‘Ὦ	hemi1
tlg001:1.657	φίλαι,	3	4	short-φί-short-λαι,	hemi1	correption
tlg001:1.657	εἰ	5	6	long-εἰ	hemi1	diaer2
tlg001:1.657	δʼ	7	7	δʼ	hemi1
tlg001:1.657	ἄγε	7	8	short-ἄ-short-γε	hemi1
tlg001:1.657	δὴ	9	10	long-δὴ	hemi1	diaer3
tlg001:1.657	μενοεικέα	11	16	short-με-short-νο-long-ει-short-κέ-short-α	hemi2	caesmasc3
tlg001:1.657	δῶρα	17	19	long-δῶ-short-ρα	hemi2	bucdiaer
tlg001:1.657	πόρωμεν	20	24	short-πό-long-ρω-long-μεν	hemi2
tlg001:1.658	ἀνδράσιν,	1	4	long-ἀν-short-δρά-short-σιν,	hemi1
tlg001:1.658	οἷά	5	7	long-οἷ-short-ά	hemi1	diaer2
tlg001:1.658	τʼ	8	8	τʼ	hemi1
tlg001:1.658	ἔοικεν	8	11	short-ἔ-long-οι-short-κεν	hemi1
tlg001:1.658	ἄγειν	12	14	short-ἄ-long-γειν	hemi2	caesfem3
tlg001:1.658	ἐπὶ	15	16	short-ἐ-short-πὶ	hemi2
tlg001:1.658	νηὸς	17	19	long-νη-short-ὸς	hemi2	bucdiaer
tlg001:1.658	ἔχοντας,	20	24	short-ἔ-long-χον-long-τας,	hemi2
tlg001:1.659	ἤια,	1	4	long-ἤ-short-ι-short-α,	hemi1
tlg001:1.659	καὶ	5	6	long-καὶ	hemi1	diaer2
tlg001:1.659	μέθυ	7	8	short-μέ-short-θυ	hemi1
tlg001:1.659	λᾱρόν,	9	11	long-λᾱ-short-ρόν,	hemi1	diaer3
tlg001:1.659	ἵνʼ	12	12	short-ἵνʼ	hemi2	caesfem3
tlg001:1.659	ἔμπεδον	13	16	long-ἔμ-short-πε-short-δον	hemi2	diaer4
tlg001:1.659	ἔκτοθι	17	20	long-ἔκ-short-το-short-θι	hemi2	bucdiaer
tlg001:1.659	πύργων	21	24	long-πύρ-long-γων	hemi2	diaer6
tlg001:1.660	μίμνοιεν,	1	6	long-μίμ-long-νοι-long-εν,	hemi1
tlg001:1.660	μηδʼ	7	8	long-μηδʼ	hemi1
tlg001:1.660	ἄμμε	9	11	long-ἄμ-short-με	hemi1	diaer3
tlg001:1.660	κατὰ	12	14	short-κα-long-τὰ	hemi2	caesfem3
tlg001:1.660	χρειὼ	15	18	long-χρει-long-ὼ	hemi2
tlg001:1.660	μεθέποντες	19	24	short-μεθ-short-έ-long-πον-long-τες	hemi2
tlg001:1.661	ἀτρεκέως	1	6	long-ἀ-short-τρε-short-κέ-long-ως	hemi1
tlg001:1.661	γνώωσι,	7	11	long-γνώ-long-ω-short-σι,	hemi1
tlg001:1.661	κακὴ	12	14	short-κα-long-κὴ	hemi2	caesfem3
tlg001:1.661	δʼ	15	15	δʼ	hemi2
tlg001:1.661	ἐπὶ	15	16	short-ἐ-short-πὶ	hemi2
tlg001:1.661	πολλὸν	17	19	long-πολ-short-λὸν	hemi2	bucdiaer
tlg001:1.661	ἵκηται	20	24	short-ἵ-long-κη-long-ται	hemi2
tlg001:1.662	βάξις·	1	3	long-βά-short-ξις·	hemi1
tlg001:1.662	ἐπεὶ	4	6	short-ἐ-long-πεὶ	hemi1
tlg001:1.662	μέγα	7	8	short-μέ-short-γα	hemi1	hiatus
tlg001:1.662	ἔργον	9	11	long-ἔρ-short-γον	hemi1	diaer3
tlg001:1.662	ἐρέξαμεν,	12	16	short-ἐ-long-ρέ-short-ξα-short-μεν,	hemi2	caesfem3
tlg001:1.662	οὐδέ	17	19	long-οὐ-short-δέ	hemi2	bucdiaer
tlg001:1.662	τι	20	20	short-τι	hemi2
tlg001:1.662	πάμπαν	21	24	long-πάμ-long-παν	hemi2	diaer6
tlg001:1.663	θῡμηδὲς	1	6	long-θῡμ-long-η-long-δὲς	hemi1
tlg001:1.663	καὶ	7	8	long-καὶ	hemi1
tlg001:1.663	τοῖσι	9	11	long-τοῖ-short-σι	hemi1
tlg001:1.663	τό	12	12	short-τό	hemi2	caesfem3
tlg001:1.663	γʼ	13	13	γʼ	hemi2
tlg001:1.663	ἔσσεται,	13	16	long-ἔσ-short-σε-short-ται,	hemi2	diaer4	correption
tlg001:1.663	εἴ	17	18	long-εἴ	hemi2	bucdiaer
tlg001:1.663	κε	19	19	short-κε	hemi2
tlg001:1.663	δαεῖεν.	20	24	short-δα-long-εῖ-long-εν.	hemi2
tlg001:1.664	ἡμετέρη	1	6	long-ἡ-short-με-short-τέ-long-ρη	hemi1
tlg001:1.664	μὲν	7	8	long-μὲν	hemi1
tlg001:1.664	νῦν	9	10	long-νῦν	hemi1	diaer3
tlg001:1.664	τοίη	11	14	long-τοί-long-η	hemi2	caesmasc3
tlg001:1.664	παρενήνοθε	15	20	short-παρ-short-ε-long-νή-short-νο-short-θε	hemi2
tlg001:1.664	μῆτις·	21	24	long-μῆ-long-τις·	hemi2	diaer6
tlg001:1.665	ὑ̄μέων	1	4	long-ὑ̄-long-μέων	hemi1	synizesis
tlg001:1.665	δʼ	5	5	δʼ	hemi1
tlg001:1.665	εἴ	5	6	long-εἴ	hemi1	diaer2
tlg001:1.665	τις	7	7	short-τις	hemi1
tlg001:1.665	ἄρειον	8	11	short-ἄ-long-ρει-short-ον	hemi1
tlg001:1.665	ἔπος	12	14	short-ἔ-long-πος	hemi2	caesfem3
tlg001:1.665	μητῑ́σεται	15	20	long-μη-long-τῑ́-short-σε-short-ται	hemi2	correption
tlg001:1.665	ἄλλη,	21	24	long-ἄλ-long-λη,	hemi2	diaer6
tlg001:1.666	ἐγρέσθω·	1	6	long-ἐγ-long-ρέσ-long-θω·	hemi1
tlg001:1.666	τοῦ	7	8	long-τοῦ	hemi1
tlg001:1.666	γάρ	9	10	long-γάρ	hemi1
tlg001:1.666	τε	11	11	short-τε	hemi1
tlg001:1.666	καὶ	12	12	short-καὶ	hemi2	caesfem3	correption
tlg001:1.666	εἵνεκα	13	16	long-εἵ-short-νε-short-κα	hemi2
tlg001:1.666	δεῦρʼ	17	18	long-δεῦρʼ	hemi2	bucdiaer
tlg001:1.666	ἐκάλεσσα.’	19	24	short-ἐ-short-κά-long-λεσ-long-σα.’	hemi2
tlg001:1.667	ὧς	1	2	long-ὧς	hemi1
tlg001:1.667	ἄρʼ	3	3	short-ἄρʼ	hemi1
tlg001:1.667	ἔφη,	4	6	short-ἔ-long-φη,	hemi1
tlg001:1.667	καὶ	7	8	long-καὶ	hemi1
tlg001:1.667	θῶκον	9	11	long-θῶ-short-κον	hemi1
tlg001:1.667	ἐφίζανε	12	16	short-ἐφ-long-ί-short-ζα-short-νε	hemi2	caesfem3
tlg001:1.667	πατρὸς	17	19	long-πατ-short-ρὸς	hemi2	bucdiaer
tlg001:1.667	ἑοῖο	20	24	short-ἑ-long-οῖ-long-ο	hemi2
tlg001:1.668	λᾱ́ινον·	1	4	long-λᾱ́-short-ι-short-νον·	hemi1
tlg001:1.668	αὐτὰρ	5	7	long-αὐ-short-τὰρ	hemi1	diaer2
tlg001:1.668	ἔπειτα	8	11	short-ἔ-long-πει-short-τα	hemi1
tlg001:1.668	φίλη	12	14	short-φί-long-λη	hemi2	caesfem3
tlg001:1.668	τροφὸς	15	16	short-τρο-short-φὸς	hemi2
tlg001:1.668	ὦρτο	17	19	long-ὦρ-short-το	hemi2	bucdiaer
tlg001:1.668	Πολυξώ,	20	24	short-Πο-long-λυ-long-ξώ,	hemi2
tlg001:1.669	γήραϊ	1	4	long-γή-short-ρα-short-ϊ	hemi1
tlg001:1.669	δὴ	5	6	long-δὴ	hemi1	diaer2
tlg001:1.669	ῥικνοῖσιν	7	11	long-ῥικ-long-νοῖ-short-σιν	hemi1
tlg001:1.669	ἐπισκάζουσα	12	19	short-ἐ-long-πι-long-σκά-long-ζου-short-σα	hemi2	caesfem3
tlg001:1.669	πόδεσσιν,	20	24	short-πό-long-δεσ-long-σιν,	hemi2
tlg001:1.670	βάκτρῳ	1	3	long-βάκ-short-τρῳ	hemi1	correption
tlg001:1.670	ἐρειδομένη,	4	10	short-ἐ-long-ρει-short-δο-short-μέ-long-νη,	hemi1
tlg001:1.670	περὶ	11	12	short-πε-short-ρὶ	hemi2	caesmasc3
tlg001:1.670	δὲ	13	14	long-δὲ	hemi2	preliquid
tlg001:1.670	μενέαινʼ	15	18	short-με-short-νέ-long-αινʼ	hemi2
tlg001:1.670	ἀγορεῦσαι.	19	24	short-ἀ-short-γο-long-ρεῦ-long-σαι.	hemi2
tlg001:1.671	τῇ	1	2	long-τῇ	hemi1
tlg001:1.671	καὶ	3	4	long-καὶ	hemi1
tlg001:1.671	παρθενικαὶ	5	10	long-παρ-short-θε-short-νι-long-καὶ	hemi1
tlg001:1.671	πίσυρες	11	14	short-πί-short-συ-long-ρες	hemi2	caesmasc3
tlg001:1.671	σχεδὸν	15	16	short-σχε-short-δὸν	hemi2
tlg001:1.671	ἑδριόωντο	17	24	long-ἑδ-short-ρι-short-ό-long-ων-long-το	hemi2	bucdiaer
tlg001:1.672	ἀδμῆτες	1	6	long-ἀ-long-δμῆ-long-τες	hemi1
tlg001:1.672	λευκῇσιν	7	11	long-λευ-long-κῇ-short-σιν	hemi1
tlg001:1.672	ἐπιχνοαούσῃ	12	19	short-ἐ-long-πι-short-χνο-short-α-long-ού-short-σῃ	hemi2	caesfem3	correption
tlg001:1.672	ἐθείραις.	20	24	short-ἐ-long-θεί-long-ραις.	hemi2
tlg001:1.673	στῆ	1	2	long-στῆ	hemi1
tlg001:1.673	δʼ	3	3	δʼ	hemi1
tlg001:1.673	ἄρʼ	3	3	short-ἄρʼ	hemi1
tlg001:1.673	ἐνὶ	4	6	short-ἐ-long-νὶ	hemi1	preliquid
tlg001:1.673	μέσσῃ	7	10	long-μέσ-long-σῃ	hemi1	hiatus
tlg001:1.673	ἀγορῇ,	11	14	short-ἀ-short-γο-long-ρῇ,	hemi2	caesmasc3	hiatus
tlg001:1.673	ἀνὰ	15	16	short-ἀ-short-νὰ	hemi2
tlg001:1.673	δʼ	17	17	δʼ	hemi2
tlg001:1.673	ἔσχεθε	17	20	long-ἔσ-short-χε-short-θε	hemi2	bucdiaer
tlg001:1.673	δειρὴν	21	24	long-δει-long-ρὴν	hemi2	diaer6
tlg001:1.674	ἦκα	1	3	long-ἦ-short-κα	hemi1
tlg001:1.674	μόλις	4	6	short-μό-long-λις	hemi1
tlg001:1.674	κῡφοῖο	7	11	long-κῡ-long-φοῖ-short-ο	hemi1
tlg001:1.674	μεταφρένου,	12	16	short-με-long-τα-short-φρέ-short-νου,	hemi2	caesfem3	correption
tlg001:1.674	ὧδέ	17	19	long-ὧ-short-δέ	hemi2	bucdiaer
tlg001:1.674	τʼ	20	20	τʼ	hemi2
tlg001:1.674	ἔειπεν·	20	24	short-ἔ-long-ει-long-πεν·	hemi2
tlg001:1.675	‘δῶρα	1	3	long-‘δῶ-short-ρα	hemi1
tlg001:1.675	μέν,	4	4	short-μέν,	hemi1
tlg001:1.675	ὡς	5	6	long-ὡς	hemi1	diaer2
tlg001:1.675	αὐτῇ	7	10	long-αὐ-long-τῇ	hemi1
tlg001:1.675	περ	11	11	short-περ	hemi1
tlg001:1.675	ἐφανδάνει	12	16	short-ἐφ-long-αν-short-δά-short-νει	hemi2	caesfem3	correption
tlg001:1.675	Ὑψιπυλείῃ,	17	24	long-Ὑ-short-ψι-short-πυ-long-λεί-long-ῃ,	hemi2	bucdiaer
tlg001:1.676	πέμπωμεν	1	6	long-πέμ-long-πω-long-μεν	hemi1
tlg001:1.676	ξείνοισιν,	7	11	long-ξεί-long-νοι-short-σιν,	hemi1
tlg001:1.676	ἐπεὶ	12	14	short-ἐ-long-πεὶ	hemi2	caesfem3
tlg001:1.676	καὶ	15	15	short-καὶ	hemi2	correption
tlg001:1.676	ἄρειον	16	19	short-ἄ-long-ρει-short-ον	hemi2
tlg001:1.676	ὀπάσσαι.	20	24	short-ὀ-long-πάσ-long-σαι.	hemi2
tlg001:1.677	ὔμμι	1	3	long-ὔμ-short-μι	hemi1
tlg001:1.677	γε	4	4	short-γε	hemi1
tlg001:1.677	μὴν	5	6	long-μὴν	hemi1	diaer2
tlg001:1.677	τίς	7	8	long-τίς	hemi1
tlg001:1.677	μῆτις	9	11	long-μῆ-short-τις	hemi1	diaer3
tlg001:1.677	ἐπαύρεσθαι	12	18	short-ἐπ-long-αύ-long-ρεσ-long-θαι	hemi2	caesfem3
tlg001:1.677	βιότοιο,	19	24	short-βι-short-ό-long-τοι-long-ο,	hemi2
tlg001:1.678	αἴ	1	2	long-αἴ	hemi1
tlg001:1.678	κεν	3	3	short-κεν	hemi1
tlg001:1.678	ἐπιβρῑ́σῃ	4	10	short-ἐ-long-πι-long-βρῑ́-long-σῃ	hemi1
tlg001:1.678	Θρήιξ	11	14	long-Θρή-long-ιξ	hemi2	caesmasc3
tlg001:1.678	στρατός,	15	16	short-στρα-short-τός,	hemi2
tlg001:1.678	ἠέ	17	19	long-ἠ-short-έ	hemi2	bucdiaer
tlg001:1.678	τις	20	20	short-τις	hemi2
tlg001:1.678	ἄλλος	21	24	long-ἄλ-long-λος	hemi2	diaer6
tlg001:1.679	δυσμενέων,	1	6	long-δυσ-short-με-short-νέ-long-ων,	hemi1
tlg001:1.679	ἅ	7	7	short-ἅ	hemi1
tlg001:1.679	τε	8	8	short-τε	hemi1
tlg001:1.679	πολλὰ	9	11	long-πολ-short-λὰ	hemi1	diaer3
tlg001:1.679	μετʼ	12	12	short-μετʼ	hemi2	caesfem3
tlg001:1.679	ἀνθρώποισι	13	19	long-ἀν-long-θρώ-long-ποι-short-σι	hemi2	diaer4
tlg001:1.679	πέλονται;	20	24	short-πέ-long-λον-long-ται;	hemi2
tlg001:1.680	ὡς	1	2	long-ὡς	hemi1
tlg001:1.680	καὶ	3	4	long-καὶ	hemi1
tlg001:1.680	νῦν	5	6	long-νῦν	hemi1
tlg001:1.680	ὅδʼ	7	7	short-ὅδʼ	hemi1
tlg001:1.680	ὅμῑλος	8	11	short-ὅ-long-μῑ-short-λος	hemi1
tlg001:1.680	ἀνωίστως	12	18	short-ἀ-long-νω-long-ίσ-long-τως	hemi2	caesfem3
tlg001:1.680	ἐφικᾱ́νει.	19	24	short-ἐφ-short-ι-long-κᾱ́-long-νει.	hemi2
tlg001:1.681	εἰ	1	2	long-εἰ	hemi1
tlg001:1.681	δὲ	3	3	short-δὲ	hemi1
tlg001:1.681	τὸ	4	4	short-τὸ	hemi1
tlg001:1.681	μὲν	5	6	long-μὲν	hemi1
tlg001:1.681	μακάρων	7	10	short-μα-short-κά-long-ρων	hemi1
tlg001:1.681	τις	11	11	short-τις	hemi1
tlg001:1.681	ἀποτρέποι,	12	16	short-ἀ-long-πο-short-τρέ-short-ποι,	hemi2	caesfem3	correption
tlg001:1.681	ἄλλα	17	19	long-ἄλ-short-λα	hemi2	bucdiaer
tlg001:1.681	δʼ	20	20	δʼ	hemi2
tlg001:1.681	ὀπίσσω	20	24	short-ὀ-long-πίσ-long-σω	hemi2
tlg001:1.682	μῡρία	1	4	long-μῡ-short-ρί-short-α	hemi1
tlg001:1.682	δηιοτῆτος	5	11	long-δη-short-ι-short-ο-long-τῆ-short-τος	hemi1	diaer2
tlg001:1.682	ὑπέρτερα	12	16	short-ὑ-long-πέρ-short-τε-short-ρα	hemi2	caesfem3
tlg001:1.682	πήματα	17	20	long-πή-short-μα-short-τα	hemi2	bucdiaer
tlg001:1.682	μίμνει,	21	24	long-μίμ-long-νει,	hemi2	diaer6
tlg001:1.683	εὖτʼ	1	2	long-εὖτʼ	hemi1
tlg001:1.683	ἂν	3	4	long-ἂν	hemi1
tlg001:1.683	δὴ	5	6	long-δὴ	hemi1	diaer2
tlg001:1.683	γεραραὶ	7	10	short-γε-short-ρα-long-ραὶ	hemi1
tlg001:1.683	μὲν	11	11	short-μὲν	hemi1
tlg001:1.683	ἀποφθινύθωσι	12	19	short-ἀ-long-πο-short-φθι-short-νύ-long-θω-short-σι	hemi2	caesfem3
tlg001:1.683	γυναῖκες,	20	24	short-γυ-long-ναῖ-long-κες,	hemi2
tlg001:1.684	κουρότεραι	1	6	long-κου-short-ρό-short-τε-long-ραι	hemi1
tlg001:1.684	δʼ	7	7	δʼ	hemi1
tlg001:1.684	ἄγονοι	7	10	short-ἄ-short-γο-long-νοι	hemi1
tlg001:1.684	στυγερὸν	11	14	short-στυ-short-γε-long-ρὸν	hemi2	caesmasc3
tlg001:1.684	ποτὶ	15	16	short-πο-short-τὶ	hemi2
tlg001:1.684	γῆρας	17	19	long-γῆ-short-ρας	hemi2	bucdiaer
tlg001:1.684	ἵκησθε.	20	24	short-ἵ-long-κησ-long-θε.	hemi2
tlg001:1.685	πῶς	1	2	long-πῶς	hemi1
tlg001:1.685	τῆμος	3	6	long-τῆ-long-μος	hemi1
tlg001:1.685	βώσεσθε	7	11	long-βώ-long-σεσ-short-θε	hemi1
tlg001:1.685	δυσάμμοροι;	12	16	short-δυσ-long-άμ-short-μο-short-ροι;	hemi2	caesfem3	correption
tlg001:1.685	ἦε	17	19	long-ἦ-short-ε	hemi2	bucdiaer
tlg001:1.685	βαθείαις	20	24	short-βα-long-θεί-long-αις	hemi2
tlg001:1.686	αὐτόματοι	1	6	long-αὐ-short-τό-short-μα-long-τοι	hemi1
tlg001:1.686	βόες	7	8	short-βό-short-ες	hemi1
tlg001:1.686	ὔμμιν	9	11	long-ὔμ-short-μιν	hemi1	diaer3
tlg001:1.686	ἐνιζευχθέντες	12	19	short-ἐ-long-νι-long-ζευχ-long-θέν-short-τες	hemi2	caesfem3
tlg001:1.686	ἀρούραις	20	24	short-ἀ-long-ρού-long-ραις	hemi2
tlg001:1.687	γειοτόμον	1	6	long-γει-short-ο-short-τό-long-μον	hemi1
tlg001:1.687	νειοῖο	7	11	long-νει-long-οῖ-short-ο	hemi1
tlg001:1.687	διειρύσσουσιν	12	19	short-δι-long-ει-long-ρύσ-long-σου-short-σιν	hemi2	caesfem3
tlg001:1.687	ἄροτρον,	20	24	short-ἄ-long-ροτ-long-ρον,	hemi2
tlg001:1.688	καὶ	1	2	long-καὶ	hemi1
tlg001:1.688	πρόκα	3	4	short-πρό-short-κα	hemi1
tlg001:1.688	τελλομένου	5	10	long-τελ-short-λο-short-μέ-long-νου	hemi1	diaer2	hiatus
tlg001:1.688	ἔτεος	11	14	short-ἔ-short-τε-long-ος	hemi2	caesmasc3
tlg001:1.688	στάχυν	15	16	short-στά-short-χυν	hemi2
tlg001:1.688	ἀ̄μήσονται;	17	24	long-ἀ̄-long-μή-long-σον-long-ται;	hemi2	bucdiaer
tlg001:1.689	ἦ	1	2	long-ἦ	hemi1
tlg001:1.689	μὲν	3	3	short-μὲν	hemi1
tlg001:1.689	ἐγών,	4	6	short-ἐ-long-γών,	hemi1
tlg001:1.689	εἰ	7	8	long-εἰ	hemi1
tlg001:1.689	καί	9	10	long-καί	hemi1	diaer3
tlg001:1.689	με	11	11	short-με	hemi1
tlg001:1.689	τὰ	12	12	short-τὰ	hemi2	caesfem3
tlg001:1.689	νῦν	13	14	long-νῦν	hemi2	diaer4
tlg001:1.689	ἔτι	15	16	short-ἔ-short-τι	hemi2
tlg001:1.689	πεφρῑ́κᾱσιν	17	24	long-πε-long-φρῑ́-long-κᾱ-long-σιν	hemi2	bucdiaer
tlg001:1.690	κῆρες,	1	3	long-κῆ-short-ρες,	hemi1
tlg001:1.690	ἐπερχόμενόν	4	10	short-ἐπ-long-ερ-short-χό-short-με-long-νόν	hemi1
tlg001:1.690	που	11	11	short-που	hemi1	correption
tlg001:1.690	ὀῑ́ομαι	12	16	short-ὀ-long-ῑ́-short-ο-short-μαι	hemi2	caesfem3	correption
tlg001:1.690	εἰς	17	18	long-εἰς	hemi2	bucdiaer
tlg001:1.690	ἔτος	19	20	short-ἔ-short-τος	hemi2
tlg001:1.690	ἤδη	21	24	long-ἤ-long-δη	hemi2	diaer6
tlg001:1.691	γαῖαν	1	3	long-γαῖ-short-αν	hemi1
tlg001:1.691	ἐφέσσεσθαι,	4	10	short-ἐφ-long-έσ-long-σεσ-long-θαι,	hemi1
tlg001:1.691	κτερέων	11	14	short-κτε-short-ρέ-long-ων	hemi2	caesmasc3
tlg001:1.691	ἀπὸ	15	16	short-ἀ-short-πὸ	hemi2
tlg001:1.691	μοῖραν	17	19	long-μοῖ-short-ραν	hemi2	bucdiaer
tlg001:1.691	ἑλοῦσαν	20	24	short-ἑ-long-λοῦ-long-σαν	hemi2
tlg001:1.692	αὔτως,	1	4	long-αὔ-long-τως,	hemi1
tlg001:1.692	ἣ	5	6	long-ἣ	hemi1	diaer2
tlg001:1.692	θέμις	7	8	short-θέ-short-μις	hemi1
tlg001:1.692	ἐστί,	9	11	long-ἐσ-short-τί,	hemi1	diaer3
tlg001:1.692	πάρος	12	14	short-πά-long-ρος	hemi2	caesfem3
tlg001:1.692	κακότητα	15	19	short-κα-short-κό-long-τη-short-τα	hemi2
tlg001:1.692	πελάσσαι.	20	24	short-πε-long-λάσ-long-σαι.	hemi2
tlg001:1.693	ὁπλοτέρῃσι	1	7	long-ὁπ-short-λο-short-τέ-long-ρῃ-short-σι	hemi1
tlg001:1.693	δὲ	8	8	short-δὲ	hemi1
tlg001:1.693	πάγχυ	9	11	long-πάγ-short-χυ	hemi1	diaer3
tlg001:1.693	τάδε	12	14	short-τά-long-δε	hemi2	caesfem3
tlg001:1.693	φράζεσθαι	15	19	long-φρά-long-ζεσ-short-θαι	hemi2	correption
tlg001:1.693	ἄνωγα.	20	24	short-ἄ-long-νω-long-γα.	hemi2
tlg001:1.694	νῦν	1	2	long-νῦν	hemi1
tlg001:1.694	γὰρ	3	4	long-γὰρ	hemi1
tlg001:1.694	δὴ	5	6	long-δὴ	hemi1	diaer2
tlg001:1.694	παρὰ	7	8	short-πα-short-ρὰ	hemi1
tlg001:1.694	ποσσὶν	9	11	long-ποσ-short-σὶν	hemi1	diaer3
tlg001:1.694	ἐπήβολός	12	16	short-ἐπ-long-ή-short-βο-short-λός	hemi2	caesfem3
tlg001:1.694	ἐστʼ	17	18	long-ἐστʼ	hemi2	bucdiaer
tlg001:1.694	ἀλεωρή,	19	24	short-ἀ-short-λε-long-ω-long-ρή,	hemi2
tlg001:1.695	εἴ	1	2	long-εἴ	hemi1
tlg001:1.695	κεν	3	3	short-κεν	hemi1
tlg001:1.695	ἐπιτρέψητε	4	11	short-ἐ-long-πι-long-τρέ-long-ψη-short-τε	hemi1
tlg001:1.695	δόμους	12	14	short-δό-long-μους	hemi2	caesfem3
tlg001:1.695	καὶ	15	16	long-καὶ	hemi2
tlg001:1.695	ληίδα	17	20	long-λη-short-ί-short-δα	hemi2
tlg001:1.695	πᾶσαν	21	24	long-πᾶ-long-σαν	hemi2	diaer6
tlg001:1.696	ὑ̄μετέρην	1	6	long-ὑ̄-short-με-short-τέ-long-ρην	hemi1
tlg001:1.696	ξείνοισι	7	11	long-ξεί-long-νοι-short-σι	hemi1
tlg001:1.696	καὶ	12	12	short-καὶ	hemi2	caesfem3	correption
tlg001:1.696	ἀγλαὸν	13	16	long-ἀγ-short-λα-short-ὸν	hemi2
tlg001:1.696	ἄστυ	17	19	long-ἄσ-short-τυ	hemi2	bucdiaer
tlg001:1.696	μέλεσθαι.’	20	24	short-μέ-long-λεσ-long-θαι.’	hemi2
tlg001:1.697	ὧς	1	2	long-ὧς	hemi1
tlg001:1.697	ἔφατʼ·	3	4	short-ἔ-short-φατʼ·	hemi1
tlg001:1.697	ἐν	5	6	long-ἐν	hemi1	diaer2
tlg001:1.697	δʼ	7	7	δʼ	hemi1
tlg001:1.697	ἀγορὴ	7	10	short-ἀ-short-γο-long-ρὴ	hemi1
tlg001:1.697	πλῆτο	11	14	long-πλῆ-long-το	hemi2	caesmasc3
tlg001:1.697	θρόου.	15	16	short-θρό-short-ου.	hemi2	correption
tlg001:1.697	εὔαδε	17	20	long-εὔ-short-α-short-δε	hemi2	bucdiaer
tlg001:1.697	γάρ	21	22	long-γάρ	hemi2
tlg001:1.697	σφιν	23	24	long-σφιν	hemi2
tlg001:1.698	μῦθος.	1	3	long-μῦ-short-θος.	hemi1
tlg001:1.698	ἀτὰρ	4	6	short-ἀ-long-τὰρ	hemi1
tlg001:1.698	μετὰ	7	8	short-με-short-τὰ	hemi1
tlg001:1.698	τήνγε	9	11	long-τήν-short-γε	hemi1	diaer3
tlg001:1.698	παρασχεδὸν	12	16	short-πα-long-ρα-short-σχε-short-δὸν	hemi2	caesfem3
tlg001:1.698	αὖτις	17	19	long-αὖ-short-τις	hemi2	bucdiaer
tlg001:1.698	ἀνῶρτο	20	24	short-ἀν-long-ῶρ-long-το	hemi2
tlg001:1.699	Ὑψιπύλη,	1	6	long-Ὑ-short-ψι-short-πύ-long-λη,	hemi1
tlg001:1.699	καὶ	7	8	long-καὶ	hemi1
tlg001:1.699	τοῖον	9	11	long-τοῖ-short-ον	hemi1
tlg001:1.699	ὑποβλήδην	12	18	short-ὑ-long-πο-long-βλή-long-δην	hemi2	caesfem3
tlg001:1.699	ἔπος	19	20	short-ἔ-short-πος	hemi2
tlg001:1.699	ηὔδᾱ·	21	24	long-ηὔ-long-δᾱ·	hemi2	diaer6
tlg001:1.700	‘εἰ	1	2	long-‘εἰ	hemi1
tlg001:1.700	μὲν	3	4	long-μὲν	hemi1
tlg001:1.700	δὴ	5	6	long-δὴ	hemi1	diaer2
tlg001:1.700	πᾱ́σῃσιν	7	11	long-πᾱ́-long-σῃ-short-σιν	hemi1
tlg001:1.700	ἐφανδάνει	12	16	short-ἐφ-long-αν-short-δά-short-νει	hemi2	caesfem3	correption
tlg001:1.700	ἥδε	17	19	long-ἥ-short-δε	hemi2	bucdiaer
tlg001:1.700	μενοινή,	20	24	short-με-long-νοι-long-νή,	hemi2
tlg001:1.701	ἤδη	1	4	long-ἤ-long-δη	hemi1
tlg001:1.701	κεν	5	6	long-κεν	hemi1
tlg001:1.701	μετὰ	7	8	short-με-short-τὰ	hemi1
tlg001:1.701	νῆα	9	11	long-νῆ-short-α	hemi1	diaer3
tlg001:1.701	καὶ	12	12	short-καὶ	hemi2	caesfem3	correption
tlg001:1.701	ἄγγελον	13	16	long-ἄγ-short-γε-short-λον	hemi2
tlg001:1.701	ὀτρῡ́ναιμι.’	17	24	long-ὀτ-long-ρῡ́-long-ναι-long-μι.’	hemi2	bucdiaer
tlg001:1.702	ἦ	1	2	long-ἦ	hemi1
tlg001:1.702	ῥα,	3	3	short-ῥα,	hemi1
tlg001:1.702	καὶ	4	4	short-καὶ	hemi1	correption
tlg001:1.702	Ἰ̄φινόην	5	10	long-Ἰ̄-short-φι-short-νό-long-ην	hemi1
tlg001:1.702	μετεφώνεεν	11	16	short-μετ-short-ε-long-φώ-short-νε-short-εν	hemi2	caesmasc3
tlg001:1.702	ἆσσον	17	19	long-ἆσ-short-σον	hemi2	bucdiaer
tlg001:1.702	ἐοῦσαν·	20	24	short-ἐ-long-οῦ-long-σαν·	hemi2
tlg001:1.703	‘ὄρσο	1	3	long-‘ὄρ-short-σο	hemi1
tlg001:1.703	μοι,	4	4	short-μοι,	hemi1	correption
tlg001:1.703	Ἰ̄φινόη,	5	10	long-Ἰ̄-short-φι-short-νό-long-η,	hemi1	diaer2
tlg001:1.703	τοῦδʼ	11	12	long-τοῦδʼ	hemi2	caesmasc3
tlg001:1.703	ἀ̄νέρος	13	16	long-ἀ̄-short-νέ-short-ρος	hemi2	diaer4
tlg001:1.703	ἀντιόωσα,	17	24	long-ἀν-short-τι-short-ό-long-ω-long-σα,	hemi2	bucdiaer
tlg001:1.704	ἡμέτερόνδε	1	7	long-ἡ-short-μέ-short-τε-long-ρόν-short-δε	hemi1
tlg001:1.704	μολεῖν,	8	10	short-μο-long-λεῖν,	hemi1
tlg001:1.704	ὅστις	11	14	long-ὅσ-long-τις	hemi2	caesmasc3
tlg001:1.704	στόλου	15	16	short-στό-short-λου	hemi2	correption
tlg001:1.704	ἡγεμονεύει,	17	24	long-ἡ-short-γε-short-μο-long-νεύ-long-ει,	hemi2	bucdiaer
tlg001:1.705	ὄφρα	1	3	long-ὄφ-short-ρα	hemi1
tlg001:1.705	τί	4	4	short-τί	hemi1	hiatus
tlg001:1.705	οἱ	5	6	long-οἱ	hemi1
tlg001:1.705	δήμοιο	7	11	long-δή-long-μοι-short-ο	hemi1	hiatus
tlg001:1.705	ἔπος	12	14	short-ἔ-long-πος	hemi2	caesfem3
tlg001:1.705	θῡμῆρες	15	19	long-θῡ-long-μῆ-short-ρες	hemi2
tlg001:1.705	ἐνίσπω·	20	24	short-ἐν-long-ίσ-long-πω·	hemi2
tlg001:1.706	καὶ	1	2	long-καὶ	hemi1
tlg001:1.706	δʼ	3	3	δʼ	hemi1
tlg001:1.706	αὐτοὺς	3	6	long-αὐ-long-τοὺς	hemi1
tlg001:1.706	γαίης	7	10	long-γαί-long-ης	hemi1
tlg001:1.706	τε	11	11	short-τε	hemi1
tlg001:1.706	καὶ	12	12	short-καὶ	hemi2	caesfem3	correption
tlg001:1.706	ἄστεος,	13	16	long-ἄσ-short-τε-short-ος,	hemi2
tlg001:1.706	αἴ	17	18	long-αἴ	hemi2	bucdiaer
tlg001:1.706	κʼ	19	19	κʼ	hemi2
tlg001:1.706	ἐθέλωσιν,	19	24	short-ἐ-short-θέ-long-λω-long-σιν,	hemi2
tlg001:1.707	κέκλεο	1	4	long-κέ-short-κλε-short-ο	hemi1
tlg001:1.707	θαρσαλέως	5	10	long-θαρ-short-σα-short-λέ-long-ως	hemi1	diaer2
tlg001:1.707	ἐπιβαινέμεν	11	16	short-ἐ-short-πι-long-βαι-short-νέ-short-μεν	hemi2	caesmasc3
tlg001:1.707	εὐμενέοντας.’	17	24	long-εὐ-short-με-short-νέ-long-ον-long-τας.’	hemi2	bucdiaer
tlg001:1.708	ἦ,	1	2	long-ἦ,	hemi1
tlg001:1.708	καὶ	3	3	short-καὶ	hemi1	correption
tlg001:1.708	ἔλῡσʼ	4	6	short-ἔ-long-λῡσʼ	hemi1
tlg001:1.708	ἀγορήν,	7	10	short-ἀ-short-γο-long-ρήν,	hemi1
tlg001:1.708	μετὰ	11	12	short-με-short-τὰ	hemi2	caesmasc3
tlg001:1.708	δʼ	13	13	δʼ	hemi2
tlg001:1.708	εἰς	13	14	long-εἰς	hemi2	diaer4
tlg001:1.708	ἑὸν	15	16	short-ἑ-short-ὸν	hemi2
tlg001:1.708	ὦρτο	17	19	long-ὦρ-short-το	hemi2	bucdiaer
tlg001:1.708	νέεσθαι.	20	24	short-νέ-long-εσ-long-θαι.	hemi2
tlg001:1.709	ὧς	1	2	long-ὧς	hemi1
tlg001:1.709	δὲ	3	3	short-δὲ	hemi1
tlg001:1.709	καὶ	4	4	short-καὶ	hemi1	correption
tlg001:1.709	Ἰ̄φινόη	5	10	long-Ἰ̄-short-φι-short-νό-long-η	hemi1
tlg001:1.709	Μινύᾱς	11	14	short-Μι-short-νύ-long-ᾱς	hemi2	caesmasc3
tlg001:1.709	ἵκεθʼ·	15	16	short-ἵ-short-κεθʼ·	hemi2
tlg001:1.709	οἱ	17	18	long-οἱ	hemi2	bucdiaer
tlg001:1.709	δʼ	19	19	δʼ	hemi2
tlg001:1.709	ἐρέεινον,	19	24	short-ἐ-short-ρέ-long-ει-long-νον,	hemi2
tlg001:1.710	χρεῖος	1	3	long-χρεῖ-short-ος	hemi1
tlg001:1.710	ὅ	4	4	short-ὅ	hemi1
tlg001:1.710	τι	5	6	long-τι	hemi1
tlg001:1.710	φρονέουσα	7	11	short-φρο-short-νέ-long-ου-short-σα	hemi1
tlg001:1.710	μετήλυθεν.	12	16	short-μετ-long-ή-short-λυ-short-θεν.	hemi2	caesfem3
tlg001:1.710	ὦκα	17	19	long-ὦ-short-κα	hemi2	bucdiaer
tlg001:1.710	δὲ	20	20	short-δὲ	hemi2
tlg001:1.710	τούς	21	22	long-τούς	hemi2	diaer6
tlg001:1.710	γε	23	24	long-γε	hemi2
tlg001:1.711	πασσυδίῃ	1	6	long-πασ-short-συ-short-δί-long-ῃ	hemi1
tlg001:1.711	μῡ́θοισι	7	11	long-μῡ́-long-θοι-short-σι	hemi1	mcl
tlg001:1.711	προσέννεπεν	12	16	short-προσ-long-έν-short-νε-short-πεν	hemi2	caesfem3
tlg001:1.711	ἐξερέοντας·	17	24	long-ἐξ-short-ε-short-ρέ-long-ον-long-τας·	hemi2	bucdiaer
tlg001:1.712	‘κούρη	1	4	long-‘κού-long-ρη	hemi1
tlg001:1.712	τοί	5	6	long-τοί	hemi1
tlg001:1.712	μ᾽ἐφέηκε	7	11	short-μ᾽ἐφ-short-έ-long-η-short-κε	hemi1
tlg001:1.712	Θοαντιὰς	12	16	short-Θο-long-αν-short-τι-short-ὰς	hemi2	caesfem3
tlg001:1.712	ἐνθάδʼ	17	19	long-ἐν-short-θάδʼ	hemi2	bucdiaer
tlg001:1.712	ἰοῦσαν,	20	24	short-ἰ-long-οῦ-long-σαν,	hemi2
tlg001:1.713	Ὑψιπύλη,	1	6	long-Ὑ-short-ψι-short-πύ-long-λη,	hemi1
tlg001:1.713	καλέειν	7	10	short-κα-short-λέ-long-ειν	hemi1
tlg001:1.713	νηὸς	11	14	long-νη-long-ὸς	hemi2	caesmasc3
tlg001:1.713	πρόμον,	15	16	short-πρό-short-μον,	hemi2
tlg001:1.713	ὅστις	17	19	long-ὅσ-short-τις	hemi2	bucdiaer
tlg001:1.713	ὄρωρεν,	20	24	short-ὄ-long-ρω-long-ρεν,	hemi2
tlg001:1.714	ὄφρα	1	3	long-ὄφ-short-ρα	hemi1
tlg001:1.714	τί	4	4	short-τί	hemi1	hiatus
tlg001:1.714	οἱ	5	6	long-οἱ	hemi1
tlg001:1.714	δήμοιο	7	11	long-δή-long-μοι-short-ο	hemi1	hiatus
tlg001:1.714	ἔπος	12	14	short-ἔ-long-πος	hemi2	caesfem3
tlg001:1.714	θῡμῆρες	15	19	long-θῡ-long-μῆ-short-ρες	hemi2
tlg001:1.714	ἐνίσπῃ·	20	24	short-ἐν-long-ίσ-long-πῃ·	hemi2
tlg001:1.715	καὶ	1	2	long-καὶ	hemi1
tlg001:1.715	δʼ	3	3	δʼ	hemi1
tlg001:1.715	αὐτοὺς	3	6	long-αὐ-long-τοὺς	hemi1
tlg001:1.715	γαίης	7	10	long-γαί-long-ης	hemi1
tlg001:1.715	τε	11	11	short-τε	hemi1
tlg001:1.715	καὶ	12	12	short-καὶ	hemi2	caesfem3	correption
tlg001:1.715	ἄστεος,	13	16	long-ἄσ-short-τε-short-ος,	hemi2
tlg001:1.715	αἴ	17	18	long-αἴ	hemi2	bucdiaer
tlg001:1.715	κʼ	19	19	κʼ	hemi2
tlg001:1.715	ἐθέλητε,	19	24	short-ἐ-short-θέ-long-λη-long-τε,	hemi2
tlg001:1.716	κέκλεται	1	4	long-κέ-short-κλε-short-ται	hemi1	correption
tlg001:1.716	αὐτίκα	5	8	long-αὐ-short-τί-short-κα	hemi1	diaer2
tlg001:1.716	νῦν	9	10	long-νῦν	hemi1	diaer3
tlg001:1.716	ἐπιβαινέμεν	11	16	short-ἐ-short-πι-long-βαι-short-νέ-short-μεν	hemi2	caesmasc3
tlg001:1.716	εὐμενέοντας.’	17	24	long-εὐ-short-με-short-νέ-long-ον-long-τας.’	hemi2	bucdiaer
tlg001:1.717	ὧς	1	2	long-ὧς	hemi1
tlg001:1.717	ἄρʼ	3	3	short-ἄρʼ	hemi1
tlg001:1.717	ἔφη·	4	6	short-ἔ-long-φη·	hemi1
tlg001:1.717	πάντεσσι	7	11	long-πάν-long-τεσ-short-σι	hemi1
tlg001:1.717	δʼ	12	12	δʼ	hemi1
tlg001:1.717	ἐναίσιμος	12	16	short-ἐν-long-αί-short-σι-short-μος	hemi2	caesfem3
tlg001:1.717	ἥνδανε	17	20	long-ἥν-short-δα-short-νε	hemi2	bucdiaer
tlg001:1.717	μῦθος.	21	24	long-μῦ-long-θος.	hemi2	diaer6
tlg001:1.718	Ὑψιπύλην	1	6	long-Ὑ-short-ψι-short-πύ-long-λην	hemi1
tlg001:1.718	δʼ	7	7	δʼ	hemi1
tlg001:1.718	εἴσαντο	7	11	long-εἴ-long-σαν-short-το	hemi1
tlg001:1.718	καταφθιμένοιο	12	19	short-κα-long-τα-short-φθι-short-μέ-long-νοι-short-ο	hemi2	caesfem3
tlg001:1.718	Θόαντος	20	24	short-Θό-long-αν-long-τος	hemi2
tlg001:1.719	τηλυγέτην	1	6	long-τη-short-λυ-short-γέ-long-την	hemi1
tlg001:1.719	γεγαυῖαν	7	11	short-γε-short-γα-long-υῖ-short-αν	hemi1
tlg001:1.719	ἀνασσέμεν·	12	16	short-ἀ-long-νασ-short-σέ-short-μεν·	hemi2	caesfem3
tlg001:1.719	ὦκα	17	19	long-ὦ-short-κα	hemi2	bucdiaer
tlg001:1.719	δὲ	20	20	short-δὲ	hemi2
tlg001:1.719	τόν	21	22	long-τόν	hemi2	diaer6
tlg001:1.719	γε	23	24	long-γε	hemi2
tlg001:1.720	πέμπον	1	3	long-πέμ-short-πον	hemi1
tlg001:1.720	ἴμεν,	4	6	short-ἴ-long-μεν,	hemi1
tlg001:1.720	καὶ	7	8	long-καὶ	hemi1
tlg001:1.720	δʼ	9	9	δʼ	hemi1
tlg001:1.720	αὐτοὶ	9	11	long-αὐ-short-τοὶ	hemi1	diaer3	correption
tlg001:1.720	ἐπεντῡ́νοντο	12	19	short-ἐπ-long-εν-long-τῡ́-long-νον-short-το	hemi2	caesfem3
tlg001:1.720	νέεσθαι.	20	24	short-νέ-long-εσ-long-θαι.	hemi2
tlg001:1.721	αὐτὰρ	1	3	long-αὐ-short-τὰρ	hemi1
tlg001:1.721	ὅ	4	4	short-ὅ	hemi1
tlg001:1.721	γʼ	5	5	γʼ	hemi1
tlg001:1.721	ἀμφʼ	5	6	long-ἀμφʼ	hemi1	diaer2
tlg001:1.721	ὤμοισι	7	11	long-ὤ-long-μοι-short-σι	hemi1
tlg001:1.721	θεᾶς	12	14	short-θε-long-ᾶς	hemi2	caesfem3
tlg001:1.721	Τρῑτωνίδος	15	20	long-Τρῑ-long-τω-short-νί-short-δος	hemi2
tlg001:1.721	ἔργον,	21	24	long-ἔρ-long-γον,	hemi2	diaer6
tlg001:1.722	δίπλακα	1	4	long-δί-short-πλα-short-κα	hemi1
tlg001:1.722	πορφυρέην	5	10	long-πορ-short-φυ-short-ρέ-long-ην	hemi1	diaer2
tlg001:1.722	περονήσατο,	11	16	short-πε-short-ρο-long-νή-short-σα-short-το,	hemi2	caesmasc3
tlg001:1.722	τήν	17	18	long-τήν	hemi2	bucdiaer
tlg001:1.722	οἱ	19	19	short-οἱ	hemi2	correption
tlg001:1.722	ὄπασσεν	20	24	short-ὄ-long-πασ-long-σεν	hemi2
tlg001:1.723	Παλλάς,	1	3	long-Παλ-short-λάς,	hemi1
tlg001:1.723	ὅτε	4	6	short-ὅ-long-τε	hemi1
tlg001:1.723	πρῶτον	7	10	long-πρῶ-long-τον	hemi1
tlg001:1.723	δρυόχους	11	14	short-δρυ-short-ό-long-χους	hemi2	caesmasc3
tlg001:1.723	ἐπεβάλλετο	15	20	short-ἐπ-short-ε-long-βάλ-short-λε-short-το	hemi2
tlg001:1.723	νηὸς	21	24	long-νη-long-ὸς	hemi2	diaer6
tlg001:1.724	Ἀργοῦς,	1	4	long-Ἀρ-long-γοῦς,	hemi1
tlg001:1.724	καὶ	5	6	long-καὶ	hemi1	diaer2
tlg001:1.724	κανόνεσσι	7	11	short-κα-short-νό-long-νεσ-short-σι	hemi1
tlg001:1.724	δάε	12	14	short-δά-long-ε	hemi2	caesfem3
tlg001:1.724	ζυγὰ	15	16	short-ζυ-short-γὰ	hemi2
tlg001:1.724	μετρήσασθαι.	17	24	long-μετ-long-ρή-long-σασ-long-θαι.	hemi2	bucdiaer
tlg001:1.725	τῆς	1	2	long-τῆς	hemi1
tlg001:1.725	μὲν	3	4	long-μὲν	hemi1
tlg001:1.725	ῥηίτερόν	5	10	long-ῥη-short-ί-short-τε-long-ρόν	hemi1	diaer2
tlg001:1.725	κεν	11	11	short-κεν	hemi1
tlg001:1.725	ἐς	12	12	short-ἐς	hemi2	caesfem3
tlg001:1.725	ἠέλιον	13	18	long-ἠ-short-έ-short-λι-long-ον	hemi2	diaer4
tlg001:1.725	ἀνιόντα	19	24	short-ἀν-short-ι-long-όν-long-τα	hemi2
tlg001:1.726	ὄσσε	1	3	long-ὄσ-short-σε	hemi1
tlg001:1.726	βάλοις,	4	6	short-βά-long-λοις,	hemi1
tlg001:1.726	ἢ	7	8	long-ἢ	hemi1
tlg001:1.726	κεῖνο	9	11	long-κεῖ-short-νο	hemi1	diaer3
tlg001:1.726	μεταβλέψειας	12	19	short-με-long-τα-long-βλέ-long-ψει-short-ας	hemi2	caesfem3
tlg001:1.726	ἔρευθος.	20	24	short-ἔ-long-ρευ-long-θος.	hemi2
tlg001:1.727	δὴ	1	2	long-δὴ	hemi1
tlg001:1.727	γάρ	3	4	long-γάρ	hemi1
tlg001:1.727	τοι	5	6	long-τοι	hemi1
tlg001:1.727	μέσση	7	10	long-μέσ-long-ση	hemi1
tlg001:1.727	μὲν	11	11	short-μὲν	hemi1
tlg001:1.727	ἐρευθήεσσʼ	12	18	short-ἐ-long-ρευ-long-θή-long-εσσʼ	hemi2	caesfem3
tlg001:1.727	ἐτέτυκτο,	19	24	short-ἐ-short-τέ-long-τυκ-long-το,	hemi2
tlg001:1.728	ἄκρα	1	3	long-ἄκ-short-ρα	hemi1
tlg001:1.728	δὲ	4	4	short-δὲ	hemi1
tlg001:1.728	πορφυρέη	5	10	long-πορ-short-φυ-short-ρέ-long-η	hemi1	diaer2
tlg001:1.728	πάντῃ	11	14	long-πάν-long-τῃ	hemi2	caesmasc3
tlg001:1.728	πέλεν·	15	16	short-πέ-short-λεν·	hemi2
tlg001:1.728	ἐν	17	18	long-ἐν	hemi2	bucdiaer
tlg001:1.728	δʼ	19	19	δʼ	hemi2
tlg001:1.728	ἄρʼ	19	19	short-ἄρʼ	hemi2
tlg001:1.728	ἑκάστῳ	20	24	short-ἑ-long-κάσ-long-τῳ	hemi2
tlg001:1.729	τέρματι	1	4	long-τέρ-short-μα-short-τι	hemi1
tlg001:1.729	δαίδαλα	5	8	long-δαί-short-δα-short-λα	hemi1	diaer2
tlg001:1.729	πολλὰ	9	11	long-πολ-short-λὰ	hemi1	diaer3
tlg001:1.729	διακριδὸν	12	16	short-δι-long-α-short-κρι-short-δὸν	hemi2	caesfem3
tlg001:1.729	εὖ	17	18	long-εὖ	hemi2	bucdiaer	hiatus
tlg001:1.729	ἐπέπαστο.	19	24	short-ἐ-short-πέ-long-πασ-long-το.	hemi2
tlg001:1.730	ἐν	1	2	long-ἐν	hemi1
tlg001:1.730	μὲν	3	3	short-μὲν	hemi1
tlg001:1.730	ἔσαν	4	6	short-ἔ-long-σαν	hemi1
tlg001:1.730	Κύκλωπες	7	11	long-Κύκ-long-λω-short-πες	hemi1
tlg001:1.730	ἐπʼ	12	12	short-ἐπʼ	hemi2	caesfem3
tlg001:1.730	ἀφθίτῳ	13	16	long-ἀφ-short-θί-short-τῳ	hemi2	diaer4	correption
tlg001:1.730	ἥμενοι	17	20	long-ἥ-short-με-short-νοι	hemi2	bucdiaer	correption
tlg001:1.730	ἔργῳ,	21	24	long-ἔρ-long-γῳ,	hemi2	diaer6
tlg001:1.731	Ζηνὶ	1	3	long-Ζη-short-νὶ	hemi1
tlg001:1.731	κεραυνὸν	4	7	short-κε-long-ραυ-short-νὸν	hemi1
tlg001:1.731	ἄνακτι	8	11	short-ἄ-long-νακ-short-τι	hemi1
tlg001:1.731	πονεύμενοι·	12	16	short-πο-long-νεύ-short-με-short-νοι·	hemi2	caesfem3
tlg001:1.731	ὃς	17	18	long-ὃς	hemi2	bucdiaer
tlg001:1.731	τόσον	19	20	short-τό-short-σον	hemi2
tlg001:1.731	ἤδη	21	24	long-ἤ-long-δη	hemi2	diaer6
tlg001:1.732	παμφαίνων	1	6	long-παμ-long-φαί-long-νων	hemi1
tlg001:1.732	ἐτέτυκτο,	7	11	short-ἐ-short-τέ-long-τυκ-short-το,	hemi1
tlg001:1.732	μιῆς	12	14	short-μι-long-ῆς	hemi2	caesfem3
tlg001:1.732	δʼ	15	15	δʼ	hemi2
tlg001:1.732	ἔτι	15	16	short-ἔ-short-τι	hemi2
tlg001:1.732	δεύετο	17	20	long-δεύ-short-ε-short-το	hemi2	bucdiaer
tlg001:1.732	μοῦνον	21	24	long-μοῦ-long-νον	hemi2	diaer6
tlg001:1.733	ἀκτῖνος,	1	6	long-ἀκ-long-τῖ-long-νος,	hemi1
tlg001:1.733	τὴν	7	8	long-τὴν	hemi1
tlg001:1.733	οἵδε	9	11	long-οἵ-short-δε	hemi1	diaer3
tlg001:1.733	σιδηρείῃς	12	18	short-σι-long-δη-long-ρεί-long-ῃς	hemi2	caesfem3
tlg001:1.733	ἐλάασκον	19	24	short-ἐ-short-λά-long-ασ-long-κον	hemi2
tlg001:1.734	σφῡ́ρῃσιν,	1	6	long-σφῡ́-long-ρῃ-long-σιν,	hemi1
tlg001:1.734	μαλεροῖο	7	11	short-μα-short-λε-long-ροῖ-short-ο	hemi1
tlg001:1.734	πυρὸς	12	14	short-πυ-long-ρὸς	hemi2	caesfem3
tlg001:1.734	ζείουσαν	15	19	long-ζεί-long-ου-short-σαν	hemi2
tlg001:1.734	ἀυτμήν.	20	24	short-ἀ-long-υτ-long-μήν.	hemi2
tlg001:1.735	ἐν	1	2	long-ἐν	hemi1
tlg001:1.735	δʼ	3	3	δʼ	hemi1
tlg001:1.735	ἔσαν	3	4	short-ἔ-short-σαν	hemi1
tlg001:1.735	Ἀντιόπης	5	10	long-Ἀν-short-τι-short-ό-long-πης	hemi1	diaer2
tlg001:1.735	Ἀ̄σωπίδος	11	16	long-Ἀ̄-long-σω-short-πί-short-δος	hemi2	caesmasc3
tlg001:1.735	υἱέε	17	20	long-υἱ-short-έ-short-ε	hemi2	bucdiaer
tlg001:1.735	δοιώ,	21	24	long-δοι-long-ώ,	hemi2	diaer6
tlg001:1.736	Ἀμφῑ́ων	1	6	long-Ἀμ-long-φῑ́-long-ων	hemi1
tlg001:1.736	καὶ	7	8	long-καὶ	hemi1
tlg001:1.736	Ζῆθος·	9	11	long-Ζῆ-short-θος·	hemi1
tlg001:1.736	ἀπύργωτος	12	18	short-ἀ-long-πύρ-long-γω-long-τος	hemi2	caesfem3
tlg001:1.736	δʼ	19	19	δʼ	hemi2
tlg001:1.736	ἔτι	19	20	short-ἔ-short-τι	hemi2
tlg001:1.736	Θήβη	21	24	long-Θή-long-βη	hemi2	diaer6
tlg001:1.737	κεῖτο	1	3	long-κεῖ-short-το	hemi1
tlg001:1.737	πέλας,	4	6	short-πέ-long-λας,	hemi1
tlg001:1.737	τῆς	7	8	long-τῆς	hemi1
tlg001:1.737	οἵγε	9	11	long-οἵ-short-γε	hemi1	diaer3
tlg001:1.737	νέον	12	14	short-νέ-long-ον	hemi2	caesfem3
tlg001:1.737	βάλλοντο	15	19	long-βάλ-long-λον-short-το	hemi2
tlg001:1.737	δομαίους	20	24	short-δο-long-μαί-long-ους	hemi2
tlg001:1.738	ἱ̄έμενοι.	1	6	long-ἱ̄-short-έ-short-με-long-νοι.	hemi1
tlg001:1.738	Ζῆθος	7	10	long-Ζῆ-long-θος	hemi1
tlg001:1.738	μὲν	11	11	short-μὲν	hemi1
tlg001:1.738	ἐπωμαδὸν	12	16	short-ἐπ-long-ω-short-μα-short-δὸν	hemi2	caesfem3
tlg001:1.738	ἠέρταζεν	17	24	long-ἠ-long-έρ-long-τα-long-ζεν	hemi2	bucdiaer
tlg001:1.739	οὔρεος	1	4	long-οὔ-short-ρε-short-ος	hemi1
tlg001:1.739	ἠλιβάτοιο	5	11	long-ἠ-short-λι-short-βά-long-τοι-short-ο	hemi1	diaer2
tlg001:1.739	κάρη,	12	14	short-κά-long-ρη,	hemi2	caesfem3
tlg001:1.739	μογέοντι	15	19	short-μο-short-γέ-long-ον-short-τι	hemi2	hiatus
tlg001:1.739	ἐοικώς·	20	24	short-ἐ-long-οι-long-κώς·	hemi2
tlg001:1.740	Ἀμφῑ́ων	1	6	long-Ἀμ-long-φῑ́-long-ων	hemi1
tlg001:1.740	δʼ	7	7	δʼ	hemi1
tlg001:1.740	ἐπί	7	8	short-ἐ-short-πί	hemi1	hiatus
tlg001:1.740	οἱ	9	10	long-οἱ	hemi1
tlg001:1.740	χρυσέῃ	11	14	short-χρυ-short-σέ-long-ῃ	hemi2	caesmasc3
tlg001:1.740	φόρμιγγι	15	19	long-φόρ-long-μιγ-short-γι	hemi2
tlg001:1.740	λιγαίνων	20	24	short-λι-long-γαί-long-νων	hemi2
tlg001:1.741	ἤιε,	1	4	long-ἤ-short-ι-short-ε,	hemi1
tlg001:1.741	δὶς	5	6	long-δὶς	hemi1	diaer2
tlg001:1.741	τόσση	7	10	long-τόσ-long-ση	hemi1
tlg001:1.741	δὲ	11	11	short-δὲ	hemi1
tlg001:1.741	μετʼ	12	12	short-μετʼ	hemi2	caesfem3
tlg001:1.741	ἴχνια	13	16	long-ἴχ-short-νι-short-α	hemi2	diaer4
tlg001:1.741	νίσσετο	17	20	long-νίσ-short-σε-short-το	hemi2	bucdiaer
tlg001:1.741	πέτρη	21	24	long-πέτ-long-ρη	hemi2	diaer6
tlg001:1.742	ἑξείης	1	6	long-ἑ-long-ξεί-long-ης	hemi1
tlg001:1.742	δʼ	7	7	δʼ	hemi1
tlg001:1.742	ἤσκητο	7	11	long-ἤσ-long-κη-short-το	hemi1
tlg001:1.742	βαθυπλόκαμος	12	18	short-βα-long-θυ-short-πλό-short-κα-long-μος	hemi2	caesfem3
tlg001:1.742	Κυθέρεια	19	24	short-Κυ-short-θέ-long-ρει-long-α	hemi2
tlg001:1.743	Ἄ̄ρεος	1	4	long-Ἄ̄-short-ρε-short-ος	hemi1
tlg001:1.743	ὀχμάζουσα	5	11	long-ὀχ-long-μά-long-ζου-short-σα	hemi1	diaer2
tlg001:1.743	θοὸν	12	14	short-θο-long-ὸν	hemi2	caesfem3
tlg001:1.743	σάκος·	15	16	short-σά-short-κος·	hemi2
tlg001:1.743	ἐκ	17	18	long-ἐκ	hemi2	bucdiaer
tlg001:1.743	δέ	19	19	short-δέ	hemi2	hiatus
tlg001:1.743	οἱ	20	20	short-οἱ	hemi2	correption
tlg001:1.743	ὤμου	21	24	long-ὤ-long-μου	hemi2	diaer6
tlg001:1.744	πῆχυν	1	3	long-πῆ-short-χυν	hemi1
tlg001:1.744	ἔπι	4	6	short-ἔ-long-πι	hemi1
tlg001:1.744	σκαιὸν	7	10	long-σκαι-long-ὸν	hemi1
tlg001:1.744	ξυνοχὴ	11	14	short-ξυ-short-νο-long-χὴ	hemi2	caesmasc3
tlg001:1.744	κεχάλαστο	15	19	short-κε-short-χά-long-λασ-short-το	hemi2
tlg001:1.744	χιτῶνος	20	24	short-χι-long-τῶ-long-νος	hemi2
tlg001:1.745	νέρθεν	1	3	long-νέρ-short-θεν	hemi1
tlg001:1.745	ὑπὲκ	4	6	short-ὑπ-long-ὲκ	hemi1
tlg001:1.745	μαζοῖο·	7	11	long-μα-long-ζοῖ-short-ο·	hemi1
tlg001:1.745	τὸ	12	12	short-τὸ	hemi2	caesfem3
tlg001:1.745	δʼ	13	13	δʼ	hemi2
tlg001:1.745	ἀντίον	13	16	long-ἀν-short-τί-short-ον	hemi2	diaer4
tlg001:1.745	ἀτρεκὲς	17	20	long-ἀ-short-τρε-short-κὲς	hemi2	bucdiaer
tlg001:1.745	αὔτως	21	24	long-αὔ-long-τως	hemi2	diaer6
tlg001:1.746	χαλκείῃ	1	6	long-χαλ-long-κεί-long-ῃ	hemi1
tlg001:1.746	δείκηλον	7	11	long-δεί-long-κη-short-λον	hemi1
tlg001:1.746	ἐν	12	12	short-ἐν	hemi2	caesfem3
tlg001:1.746	ἀσπίδι	13	16	long-ἀσ-short-πί-short-δι	hemi2	diaer4
tlg001:1.746	φαίνετʼ	17	19	long-φαί-short-νετʼ	hemi2	bucdiaer
tlg001:1.746	ἰδέσθαι.	20	24	short-ἰ-long-δέσ-long-θαι.	hemi2
tlg001:1.747	ἐν	1	2	long-ἐν	hemi1
tlg001:1.747	δὲ	3	3	short-δὲ	hemi1
tlg001:1.747	βοῶν	4	6	short-βο-long-ῶν	hemi1
tlg001:1.747	ἔσκεν	7	10	long-ἔσ-long-κεν	hemi1
tlg001:1.747	λάσιος	11	14	short-λά-short-σι-long-ος	hemi2	caesmasc3
tlg001:1.747	νομός·	15	16	short-νο-short-μός·	hemi2
tlg001:1.747	ἀμφὶ	17	19	long-ἀμ-short-φὶ	hemi2	bucdiaer
tlg001:1.747	δὲ	20	20	short-δὲ	hemi2
tlg001:1.747	βουσὶν	21	24	long-βου-long-σὶν	hemi2	diaer6
tlg001:1.748	Τηλεβόαι	1	6	long-Τη-short-λε-short-βό-long-αι	hemi1
tlg001:1.748	μάρναντο	7	11	long-μάρ-long-ναν-short-το	hemi1
tlg001:1.748	καὶ	12	12	short-καὶ	hemi2	caesfem3	correption
tlg001:1.748	υἱέες	13	16	long-υἱ-short-έ-short-ες	hemi2
tlg001:1.748	Ἠλεκτρύωνος·	17	24	long-Ἠ-short-λε-short-κτρύ-long-ω-long-νος·	hemi2	bucdiaer
tlg001:1.749	οἱ	1	2	long-οἱ	hemi1
tlg001:1.749	μὲν	3	3	short-μὲν	hemi1
tlg001:1.749	ἀμῡνόμενοι,	4	10	short-ἀ-long-μῡ-short-νό-short-με-long-νοι,	hemi1	hiatus
tlg001:1.749	ἀτὰρ	11	12	short-ἀ-short-τὰρ	hemi2	caesmasc3
tlg001:1.749	οἵ	13	14	long-οἵ	hemi2	diaer4
tlg001:1.749	γʼ	15	15	γʼ	hemi2
tlg001:1.749	ἐθέλοντες	15	19	short-ἐ-short-θέ-long-λον-short-τες	hemi2
tlg001:1.749	ἀμέρσαι,	20	24	short-ἀ-long-μέρ-long-σαι,	hemi2
tlg001:1.750	ληισταὶ	1	6	long-λη-long-ισ-long-ταὶ	hemi1
tlg001:1.750	Τάφιοι·	7	10	short-Τά-short-φι-long-οι·	hemi1
tlg001:1.750	τῶν	11	12	long-τῶν	hemi2	caesmasc3
tlg001:1.750	δʼ	13	13	δʼ	hemi2
tlg001:1.750	αἵματι	13	16	long-αἵ-short-μα-short-τι	hemi2	diaer4
tlg001:1.750	δεύετο	17	20	long-δεύ-short-ε-short-το	hemi2	bucdiaer
tlg001:1.750	λειμὼν	21	24	long-λει-long-μὼν	hemi2	diaer6
tlg001:1.751	ἑρσήεις,	1	6	long-ἑρ-long-σή-long-εις,	hemi1
tlg001:1.751	πολέες	7	10	short-πο-short-λέ-long-ες	hemi1
tlg001:1.751	δʼ	11	11	δʼ	hemi1
tlg001:1.751	ὀλίγους	11	14	short-ὀ-short-λί-long-γους	hemi2	caesmasc3
tlg001:1.751	βιόωντο	15	19	short-βι-short-ό-long-ων-short-το	hemi2
tlg001:1.751	νομῆας.	20	24	short-νο-long-μῆ-long-ας.	hemi2
tlg001:1.752	ἐν	1	2	long-ἐν	hemi1
tlg001:1.752	δὲ	3	3	short-δὲ	hemi1
tlg001:1.752	δύω	4	6	short-δύ-long-ω	hemi1
tlg001:1.752	δίφροι	7	10	long-δίφ-long-ροι	hemi1
tlg001:1.752	πεπονήατο	11	16	short-πε-short-πο-long-νή-short-α-short-το	hemi2	caesmasc3
tlg001:1.752	δηριόωντες.	17	24	long-δη-short-ρι-short-ό-long-ων-long-τες.	hemi2	bucdiaer
tlg001:1.753	καὶ	1	2	long-καὶ	hemi1
tlg001:1.753	τὸν	3	4	long-τὸν	hemi1
tlg001:1.753	μὲν	5	6	long-μὲν	hemi1
tlg001:1.753	προπάροιθε	7	11	short-προ-short-πά-long-ροι-short-θε	hemi1
tlg001:1.753	Πέλοψ	12	14	short-Πέ-long-λοψ	hemi2	caesfem3
tlg001:1.753	ἴ̄θῡνε,	15	19	long-ἴ̄-long-θῡ-short-νε,	hemi2
tlg001:1.753	τινάσσων	20	24	short-τι-long-νάσ-long-σων	hemi2
tlg001:1.754	ἡνία,	1	4	long-ἡ-short-νί-short-α,	hemi1
tlg001:1.754	σὺν	5	6	long-σὺν	hemi1	diaer2
tlg001:1.754	δέ	7	7	short-δέ	hemi1	hiatus
tlg001:1.754	οἱ	8	8	short-οἱ	hemi1	correption
tlg001:1.754	ἔσκε	9	11	long-ἔσ-short-κε	hemi1	diaer3
tlg001:1.754	παραιβάτις	12	16	short-πα-long-ραι-short-βά-short-τις	hemi2	caesfem3
tlg001:1.754	Ἱπποδάμεια·	17	24	long-Ἱπ-short-πο-short-δά-long-μει-long-α·	hemi2	bucdiaer
tlg001:1.755	τὸν	1	2	long-τὸν	hemi1
tlg001:1.755	δὲ	3	3	short-δὲ	hemi1
tlg001:1.755	μεταδρομάδην	4	10	short-με-long-τα-short-δρο-short-μά-long-δην	hemi1
tlg001:1.755	ἐπὶ	11	12	short-ἐ-short-πὶ	hemi2	caesmasc3
tlg001:1.755	Μυρτίλος	13	16	long-Μυρ-short-τί-short-λος	hemi2	diaer4
tlg001:1.755	ἤλασεν	17	20	long-ἤ-short-λα-short-σεν	hemi2	bucdiaer
tlg001:1.755	ἵππους,	21	24	long-ἵπ-long-πους,	hemi2	diaer6
tlg001:1.756	σὺν	1	2	long-σὺν	hemi1
tlg001:1.756	τῷ	3	4	long-τῷ	hemi1
tlg001:1.756	δʼ	5	5	δʼ	hemi1
tlg001:1.756	Οἰνόμαος	5	10	long-Οἰ-short-νό-short-μα-long-ος	hemi1	diaer2
tlg001:1.756	προτενὲς	11	14	short-προ-short-τε-long-νὲς	hemi2	caesmasc3
tlg001:1.756	δόρυ	15	16	short-δό-short-ρυ	hemi2
tlg001:1.756	χειρὶ	17	19	long-χει-short-ρὶ	hemi2	bucdiaer
tlg001:1.756	μεμαρπὼς	20	24	short-με-long-μαρ-long-πὼς	hemi2
tlg001:1.757	ἄξονος	1	4	long-ἄ-short-ξο-short-νος	hemi1
tlg001:1.757	ἐν	5	6	long-ἐν	hemi1	diaer2
tlg001:1.757	πλήμνῃσι	7	11	long-πλήμ-long-νῃ-short-σι	hemi1
tlg001:1.757	παρακλιδὸν	12	16	short-πα-long-ρα-short-κλι-short-δὸν	hemi2	caesfem3
tlg001:1.757	ἀγνυμένοιο	17	24	long-ἀγ-short-νυ-short-μέ-long-νοι-long-ο	hemi2	bucdiaer
tlg001:1.758	πῖπτεν,	1	3	long-πῖπ-short-τεν,	hemi1
tlg001:1.758	ἐπεσσύμενος	4	10	short-ἐπ-long-εσ-short-σύ-short-με-long-νος	hemi1
tlg001:1.758	Πελοπήια	11	16	short-Πε-short-λο-long-πή-short-ι-short-α	hemi2	caesmasc3
tlg001:1.758	νῶτα	17	19	long-νῶ-short-τα	hemi2	bucdiaer
tlg001:1.758	δαΐξαι.	20	24	short-δα-long-ΐ-long-ξαι.	hemi2
tlg001:1.759	ἐν	1	2	long-ἐν	hemi1
tlg001:1.759	καὶ	3	3	short-καὶ	hemi1	correption
tlg001:1.759	Ἀπόλλων	4	8	short-Ἀ-long-πόλ-long-λων	hemi1
tlg001:1.759	Φοῖβος	9	11	long-Φοῖ-short-βος	hemi1	diaer3
tlg001:1.759	ὀιστεύων	12	18	short-ὀ-long-ισ-long-τεύ-long-ων	hemi2	caesfem3
tlg001:1.759	ἐτέτυκτο,	19	24	short-ἐ-short-τέ-long-τυκ-long-το,	hemi2
tlg001:1.760	βούπαις	1	4	long-βού-long-παις	hemi1
tlg001:1.760	οὔπω	5	8	long-οὔ-long-πω	hemi1	diaer2
tlg001:1.760	πολλός,	9	11	long-πολ-short-λός,	hemi1	diaer3
tlg001:1.760	ἑὴν	12	14	short-ἑ-long-ὴν	hemi2	caesfem3
tlg001:1.760	ἐρύοντα	15	19	short-ἐ-short-ρύ-long-ον-short-τα	hemi2
tlg001:1.760	καλύπτρης	20	24	short-κα-long-λύπ-long-τρης	hemi2
tlg001:1.761	μητέρα	1	4	long-μη-short-τέ-short-ρα	hemi1
tlg001:1.761	θαρσαλέως	5	10	long-θαρ-short-σα-short-λέ-long-ως	hemi1	diaer2
tlg001:1.761	Τιτυὸν	11	14	short-Τι-short-τυ-long-ὸν	hemi2	caesmasc3
tlg001:1.761	μέγαν,	15	16	short-μέ-short-γαν,	hemi2
tlg001:1.761	ὅν	17	18	long-ὅν	hemi2	bucdiaer
tlg001:1.761	ῥʼ	19	19	ῥʼ	hemi2
tlg001:1.761	ἔτεκέν	19	22	short-ἔ-short-τε-long-κέν	hemi2
tlg001:1.761	γε	23	24	long-γε	hemi2
tlg001:1.762	δῖʼ	1	2	long-δῖʼ	hemi1
tlg001:1.762	Ἐλάρη,	3	6	short-Ἐ-short-λά-long-ρη,	hemi1
tlg001:1.762	θρέψεν	7	10	long-θρέ-long-ψεν	hemi1
tlg001:1.762	δὲ	11	11	short-δὲ	hemi1
tlg001:1.762	καὶ	12	12	short-καὶ	hemi2	caesfem3	correption
tlg001:1.762	ἂψ	13	14	long-ἂψ	hemi2
tlg001:1.762	ἐλοχεύσατο	15	20	short-ἐ-short-λο-long-χεύ-short-σα-short-το	hemi2
tlg001:1.762	Γαῖα.	21	24	long-Γαῖ-long-α.	hemi2	diaer6
tlg001:1.763	ἐν	1	2	long-ἐν	hemi1
tlg001:1.763	καὶ	3	4	long-καὶ	hemi1
tlg001:1.763	Φρίξος	5	7	long-Φρί-short-ξος	hemi1
tlg001:1.763	ἔην	8	10	short-ἔ-long-ην	hemi1
tlg001:1.763	Μινυήιος	11	16	short-Μι-short-νυ-long-ή-short-ι-short-ος	hemi2	caesmasc3
tlg001:1.763	ὡς	17	18	long-ὡς	hemi2	bucdiaer
tlg001:1.763	ἐτεόν	19	22	short-ἐ-short-τε-long-όν	hemi2
tlg001:1.763	περ	23	24	long-περ	hemi2
tlg001:1.764	εἰσαΐων	1	6	long-εἰσ-short-α-short-ΐ-long-ων	hemi1
tlg001:1.764	κρῑοῦ,	7	10	long-κρῑ-long-οῦ,	hemi1	hiatus
tlg001:1.764	ὁ	11	11	short-ὁ	hemi2	caesmasc3
tlg001:1.764	δʼ	12	12	δʼ	hemi2
tlg001:1.764	ἄρʼ	12	12	short-ἄρʼ	hemi2
tlg001:1.764	ἐξενέποντι	13	19	long-ἐξ-short-ε-short-νέ-long-πον-short-τι	hemi2	diaer4	hiatus
tlg001:1.764	ἐοικώς.	20	24	short-ἐ-long-οι-long-κώς.	hemi2
tlg001:1.765	κείνους	1	4	long-κεί-long-νους	hemi1
tlg001:1.765	κʼ	5	5	κʼ	hemi1
tlg001:1.765	εἰσορόων	5	10	long-εἰσ-short-ο-short-ρό-long-ων	hemi1	diaer2
tlg001:1.765	ἀκέοις,	11	14	short-ἀ-short-κέ-long-οις,	hemi2	caesmasc3
tlg001:1.765	ψεύδοιό	15	19	long-ψεύ-long-δοι-short-ό	hemi2
tlg001:1.765	τε	20	20	short-τε	hemi2
tlg001:1.765	θῡμόν,	21	24	long-θῡ-long-μόν,	hemi2	diaer6
tlg001:1.766	ἐλπόμενος	1	6	long-ἐλ-short-πό-short-με-long-νος	hemi1
tlg001:1.766	πυκινήν	7	10	short-πυ-short-κι-long-νήν	hemi1
tlg001:1.766	τινʼ	11	11	short-τινʼ	hemi1
tlg001:1.766	ἀπὸ	12	14	short-ἀ-long-πὸ	hemi2	caesfem3
tlg001:1.766	σφείων	15	18	long-σφεί-long-ων	hemi2
tlg001:1.766	ἐσακοῦσαι	19	24	short-ἐσ-short-α-long-κοῦ-long-σαι	hemi2
tlg001:1.767	βάξιν,	1	3	long-βά-short-ξιν,	hemi1
tlg001:1.767	ὃ	4	4	short-ὃ	hemi1
tlg001:1.767	καὶ	5	6	long-καὶ	hemi1	diaer2
tlg001:1.767	δηρόν	7	10	long-δη-long-ρόν	hemi1
tlg001:1.767	περ	11	11	short-περ	hemi1
tlg001:1.767	ἐπʼ	12	12	short-ἐπʼ	hemi2	caesfem3
tlg001:1.767	ἐλπίδι	13	16	long-ἐλ-short-πί-short-δι	hemi2	diaer4
tlg001:1.767	θηήσαιο.	17	24	long-θη-long-ή-long-σαι-long-ο.	hemi2	bucdiaer
tlg001:1.768	τοῖʼ	1	2	long-τοῖʼ	hemi1
tlg001:1.768	ἄρα	3	4	short-ἄ-short-ρα	hemi1
tlg001:1.768	δῶρα	5	7	long-δῶ-short-ρα	hemi1	diaer2
tlg001:1.768	θεᾶς	8	10	short-θε-long-ᾶς	hemi1
tlg001:1.768	Τρῑτωνίδος	11	16	long-Τρῑ-long-τω-short-νί-short-δος	hemi2	caesmasc3
tlg001:1.768	ἦεν	17	19	long-ἦ-short-εν	hemi2	bucdiaer
tlg001:1.768	Ἀθήνης.	20	24	short-Ἀ-long-θή-long-νης.	hemi2
tlg001:1.769	δεξιτερῇ	1	6	long-δε-short-ξι-short-τε-long-ρῇ	hemi1
tlg001:1.769	δʼ	7	7	δʼ	hemi1
tlg001:1.769	ἕλεν	7	8	short-ἕ-short-λεν	hemi1
tlg001:1.769	ἔγχος	9	11	long-ἔγ-short-χος	hemi1	diaer3
tlg001:1.769	ἑκηβόλον,	12	16	short-ἑ-long-κη-short-βό-short-λον,	hemi2	caesfem3
tlg001:1.769	ὅ	17	18	long-ὅ	hemi2	bucdiaer
tlg001:1.769	ῥʼ	19	19	ῥʼ	hemi2
tlg001:1.769	Ἀταλάντη	19	24	short-Ἀ-short-τα-long-λάν-long-τη	hemi2
tlg001:1.770	Μαινάλῳ	1	4	long-Μαι-short-νά-short-λῳ	hemi1	correption
tlg001:1.770	ἔν	5	6	long-ἔν	hemi1	diaer2
tlg001:1.770	ποτέ	7	8	short-πο-short-τέ	hemi1	hiatus
tlg001:1.770	οἱ	9	10	long-οἱ	hemi1
tlg001:1.770	ξεινήιον	11	16	long-ξει-long-νή-short-ι-short-ον	hemi2	caesmasc3
tlg001:1.770	ἐγγυάλιξεν,	17	24	long-ἐγ-short-γυ-short-ά-long-λι-long-ξεν,	hemi2	bucdiaer
tlg001:1.771	πρόφρων	1	4	long-πρό-long-φρων	hemi1
tlg001:1.771	ἀντομένη·	5	10	long-ἀν-short-το-short-μέ-long-νη·	hemi1	diaer2
tlg001:1.771	περὶ	11	12	short-πε-short-ρὶ	hemi2	caesmasc3
tlg001:1.771	γὰρ	13	14	long-γὰρ	hemi2
tlg001:1.771	μενέαινεν	15	19	short-με-short-νέ-long-αι-short-νεν	hemi2
tlg001:1.771	ἕπεσθαι	20	24	short-ἕ-long-πεσ-long-θαι	hemi2
tlg001:1.772	τὴν	1	2	long-τὴν	hemi1
tlg001:1.772	ὁδόν·	3	4	short-ὁ-short-δόν·	hemi1
tlg001:1.772	ἀλλὰ	5	7	long-ἀλ-short-λὰ	hemi1	diaer2
tlg001:1.772	γὰρ	8	8	short-γὰρ	hemi1
tlg001:1.772	αὐτὸς	9	11	long-αὐ-short-τὸς	hemi1	diaer3
tlg001:1.772	ἑκὼν	12	14	short-ἑ-long-κὼν	hemi2	caesfem3
tlg001:1.772	ἀπερήτυε	15	20	short-ἀπ-short-ε-long-ρή-short-τυ-short-ε	hemi2
tlg001:1.772	κούρην,	21	24	long-κού-long-ρην,	hemi2	diaer6
tlg001:1.773	δεῖσεν	1	4	long-δεῖ-long-σεν	hemi1
tlg001:1.773	δʼ	5	5	δʼ	hemi1
tlg001:1.773	ἀργαλέᾱς	5	10	long-ἀρ-short-γα-short-λέ-long-ᾱς	hemi1	diaer2
tlg001:1.773	ἔριδας	11	14	short-ἔ-short-ρι-long-δας	hemi2	caesmasc3
tlg001:1.773	φιλότητος	15	19	short-φι-short-λό-long-τη-short-τος	hemi2
tlg001:1.773	ἕκητι.	20	24	short-ἕ-long-κη-long-τι.	hemi2
tlg001:1.774	βῆ	1	2	long-βῆ	hemi1
tlg001:1.774	δʼ	3	3	δʼ	hemi1
tlg001:1.774	ἴμεναι	3	6	short-ἴ-short-με-long-ναι	hemi1
tlg001:1.774	προτὶ	7	8	short-προ-short-τὶ	hemi1	hiatus
tlg001:1.774	ἄστυ,	9	11	long-ἄσ-short-τυ,	hemi1	diaer3
tlg001:1.774	φαεινῷ	12	16	short-φα-long-ει-long-νῷ	hemi2	caesfem3	hiatus
tlg001:1.774	ἀστέρι	17	20	long-ἀσ-short-τέ-short-ρι	hemi2	bucdiaer	hiatus
tlg001:1.774	ἶσος,	21	24	long-ἶ-long-σος,	hemi2	diaer6
tlg001:1.775	ὅν	1	2	long-ὅν	hemi1
tlg001:1.775	ῥά	3	3	short-ῥά	hemi1
tlg001:1.775	τε	4	4	short-τε	hemi1
tlg001:1.775	νηγατέῃσιν	5	11	long-νη-short-γα-short-τέ-long-ῃ-short-σιν	hemi1	diaer2
tlg001:1.775	ἐεργόμεναι	12	18	short-ἐ-long-ερ-short-γό-short-με-long-ναι	hemi2	caesfem3
tlg001:1.775	καλύβῃσιν	19	24	short-κα-short-λύ-long-βῃ-long-σιν	hemi2
tlg001:1.776	νύμφαι	1	4	long-νύμ-long-φαι	hemi1
tlg001:1.776	θηήσαντο	5	11	long-θη-long-ή-long-σαν-short-το	hemi1	diaer2
tlg001:1.776	δόμων	12	14	short-δό-long-μων	hemi2	caesfem3
tlg001:1.776	ὕπερ	15	16	short-ὕ-short-περ	hemi2
tlg001:1.776	ἀντέλλοντα,	17	24	long-ἀν-long-τέλ-long-λον-long-τα,	hemi2	bucdiaer
tlg001:1.777	καί	1	2	long-καί	hemi1
tlg001:1.777	σφισι	3	4	short-σφι-short-σι	hemi1
tlg001:1.777	κῡανέοιο	5	11	long-κῡ-short-α-short-νέ-long-οι-short-ο	hemi1	diaer2
tlg001:1.777	διʼ	12	12	short-διʼ	hemi2	caesfem3
tlg001:1.777	ἠέρος	13	16	long-ἠ-short-έ-short-ρος	hemi2	diaer4
tlg001:1.777	ὄμματα	17	20	long-ὄμ-short-μα-short-τα	hemi2	bucdiaer
tlg001:1.777	θέλγει	21	24	long-θέλ-long-γει	hemi2	diaer6
tlg001:1.778	κᾱλὸν	1	3	long-κᾱ-short-λὸν	hemi1
tlg001:1.778	ἐρευθόμενος,	4	10	short-ἐ-long-ρευ-short-θό-short-με-long-νος,	hemi1
tlg001:1.778	γάνυται	11	14	short-γά-short-νυ-long-ται	hemi2	caesmasc3
tlg001:1.778	δέ	15	15	short-δέ	hemi2
tlg001:1.778	τε	16	16	short-τε	hemi2	hiatus
tlg001:1.778	ἠιθέοιο	17	24	long-ἠ-short-ι-short-θέ-long-οι-long-ο	hemi2	bucdiaer
tlg001:1.779	παρθένος	1	4	long-παρ-short-θέ-short-νος	hemi1
tlg001:1.779	ἱ̄μείρουσα	5	11	long-ἱ̄-long-μεί-long-ρου-short-σα	hemi1	diaer2
tlg001:1.779	μετʼ	12	12	short-μετʼ	hemi2	caesfem3
tlg001:1.779	ἀλλοδαποῖσιν	13	19	long-ἀλ-short-λο-short-δα-long-ποῖ-short-σιν	hemi2	diaer4
tlg001:1.779	ἐόντος	20	24	short-ἐ-long-όν-long-τος	hemi2
tlg001:1.780	ἀνδράσιν,	1	4	long-ἀν-short-δρά-short-σιν,	hemi1
tlg001:1.780	ᾧ	5	6	long-ᾧ	hemi1	diaer2
tlg001:1.780	καί	7	8	long-καί	hemi1
tlg001:1.780	μιν	9	10	long-μιν	hemi1
tlg001:1.780	μνηστὴν	11	14	long-μνησ-long-τὴν	hemi2	caesmasc3
tlg001:1.780	κομέουσι	15	19	short-κο-short-μέ-long-ου-short-σι	hemi2
tlg001:1.780	τοκῆες·	20	24	short-το-long-κῆ-long-ες·	hemi2
tlg001:1.781	τῷ	1	2	long-τῷ	hemi1	hiatus
tlg001:1.781	ἴκελος	3	6	short-ἴ-short-κε-long-λος	hemi1
tlg001:1.781	πρὸ	7	7	short-πρὸ	hemi1
tlg001:1.781	πόληος	8	11	short-πό-long-λη-short-ος	hemi1
tlg001:1.781	ἀνὰ	12	14	short-ἀ-long-νὰ	hemi2	caesfem3
tlg001:1.781	στίβον	15	16	short-στί-short-βον	hemi2
tlg001:1.781	ἤιεν	17	20	long-ἤ-short-ι-short-εν	hemi2	bucdiaer
tlg001:1.781	ἥρως.	21	24	long-ἥ-long-ρως.	hemi2	diaer6
tlg001:1.782	καί	1	2	long-καί	hemi1
tlg001:1.782	ῥʼ	3	3	ῥʼ	hemi1
tlg001:1.782	ὅτε	3	4	short-ὅ-short-τε	hemi1
tlg001:1.782	δὴ	5	6	long-δὴ	hemi1	diaer2
tlg001:1.782	πυλέων	7	10	short-πυ-short-λέ-long-ων	hemi1
tlg001:1.782	τε	11	11	short-τε	hemi1
tlg001:1.782	καὶ	12	12	short-καὶ	hemi2	caesfem3	correption
tlg001:1.782	ἄστεος	13	16	long-ἄσ-short-τε-short-ος	hemi2
tlg001:1.782	ἐντὸς	17	19	long-ἐν-short-τὸς	hemi2	bucdiaer
tlg001:1.782	ἔβησαν,	20	24	short-ἔ-long-βη-long-σαν,	hemi2
tlg001:1.783	δημότεραι	1	6	long-δη-short-μό-short-τε-long-ραι	hemi1
tlg001:1.783	μὲν	7	7	short-μὲν	hemi1
tlg001:1.783	ὄπισθεν	8	11	short-ὄ-long-πισ-short-θεν	hemi1
tlg001:1.783	ἐπεκλονέοντο	12	19	short-ἐπ-long-ε-short-κλο-short-νέ-long-ον-short-το	hemi2	caesfem3
tlg001:1.783	γυναῖκες,	20	24	short-γυ-long-ναῖ-long-κες,	hemi2
tlg001:1.784	γηθόσυναι	1	6	long-γη-short-θό-short-συ-long-ναι	hemi1
tlg001:1.784	ξείνῳ·	7	10	long-ξεί-long-νῳ·	hemi1
tlg001:1.784	ὁ	11	11	short-ὁ	hemi2	caesmasc3
tlg001:1.784	δʼ	12	12	δʼ	hemi2
tlg001:1.784	ἐπὶ	12	14	short-ἐ-long-πὶ	hemi2
tlg001:1.784	χθονὸς	15	16	short-χθο-short-νὸς	hemi2
tlg001:1.784	ὄμματʼ	17	19	long-ὄμ-short-ματʼ	hemi2	bucdiaer
tlg001:1.784	ἐρείσᾱς	20	24	short-ἐ-long-ρεί-long-σᾱς	hemi2
tlg001:1.785	νίσσετʼ	1	3	long-νίσ-short-σετʼ	hemi1
tlg001:1.785	ἀπηλεγέως,	4	10	short-ἀπ-long-η-short-λε-short-γέ-long-ως,	hemi1
tlg001:1.785	ὄφρʼ	11	12	long-ὄφρʼ	hemi2	caesmasc3
tlg001:1.785	ἀγλαὰ	13	16	long-ἀγ-short-λα-short-ὰ	hemi2	diaer4
tlg001:1.785	δώμαθʼ	17	19	long-δώ-short-μαθʼ	hemi2	bucdiaer
tlg001:1.785	ἵκᾱνεν	20	24	short-ἵ-long-κᾱ-long-νεν	hemi2
tlg001:1.786	Ὑψιπύλης·	1	6	long-Ὑ-short-ψι-short-πύ-long-λης·	hemi1
tlg001:1.786	ἄνεσαν	7	10	short-ἄ-short-νε-long-σαν	hemi1
tlg001:1.786	δὲ	11	11	short-δὲ	hemi1
tlg001:1.786	πύλᾱς	12	14	short-πύ-long-λᾱς	hemi2	caesfem3
tlg001:1.786	προφανέντι	15	19	short-προ-short-φα-long-νέν-short-τι	hemi2
tlg001:1.786	θεράπναι	20	24	short-θε-long-ράπ-long-ναι	hemi2
tlg001:1.787	δικλίδας,	1	4	long-δι-short-κλί-short-δας,	hemi1
tlg001:1.787	εὐτύκτοισιν	5	11	long-εὐ-long-τύκ-long-τοι-short-σιν	hemi1	diaer2
tlg001:1.787	ἀρηρεμένᾱς	12	18	short-ἀ-long-ρη-short-ρε-short-μέ-long-νᾱς	hemi2	caesfem3
tlg001:1.787	σανίδεσσιν.	19	24	short-σα-short-νί-long-δεσ-long-σιν.	hemi2
tlg001:1.788	ἔνθα	1	3	long-ἔν-short-θα	hemi1
tlg001:1.788	μιν	4	4	short-μιν	hemi1
tlg001:1.788	Ἰ̄φινόη	5	10	long-Ἰ̄-short-φι-short-νό-long-η	hemi1	diaer2
tlg001:1.788	κλισμῷ	11	14	long-κλισ-long-μῷ	hemi2	caesmasc3	hiatus
tlg001:1.788	ἔνι	15	16	short-ἔ-short-νι	hemi2
tlg001:1.788	παμφανόωντι	17	24	long-παμ-short-φα-short-νό-long-ων-long-τι	hemi2	bucdiaer
tlg001:1.789	ἐσσυμένως	1	6	long-ἐσ-short-συ-short-μέ-long-νως	hemi1
tlg001:1.789	κᾱλῆς	7	10	long-κᾱ-long-λῆς	hemi1
tlg001:1.789	διὰ	11	12	short-δι-short-ὰ	hemi2	caesmasc3
tlg001:1.789	παστάδος	13	16	long-πασ-short-τά-short-δος	hemi2	diaer4
tlg001:1.789	εἷσεν	17	19	long-εἷ-short-σεν	hemi2	bucdiaer
tlg001:1.789	ἄγουσα	20	24	short-ἄ-long-γου-long-σα	hemi2
tlg001:1.790	ἀντία	1	4	long-ἀν-short-τί-short-α	hemi1
tlg001:1.790	δεσποίνης·	5	10	long-δεσ-long-ποί-long-νης·	hemi1	diaer2
tlg001:1.790	ἡ	11	12	long-ἡ	hemi2	caesmasc3
tlg001:1.790	δʼ	13	13	δʼ	hemi2
tlg001:1.790	ἐγκλιδὸν	13	16	long-ἐγ-short-κλι-short-δὸν	hemi2	diaer4
tlg001:1.790	ὄσσε	17	19	long-ὄσ-short-σε	hemi2	bucdiaer
tlg001:1.790	βαλοῦσα	20	24	short-βα-long-λοῦ-long-σα	hemi2
tlg001:1.791	παρθενικᾱ̀ς	1	6	long-παρ-short-θε-short-νι-long-κᾱ̀ς	hemi1
tlg001:1.791	ἐρύθηνε	7	11	short-ἐ-short-ρύ-long-θη-short-νε	hemi1
tlg001:1.791	παρηίδας·	12	16	short-πα-long-ρη-short-ί-short-δας·	hemi2	caesfem3
tlg001:1.791	ἔμπα	17	19	long-ἔμ-short-πα	hemi2	bucdiaer
tlg001:1.791	δὲ	20	20	short-δὲ	hemi2
tlg001:1.791	τόν	21	22	long-τόν	hemi2	diaer6
tlg001:1.791	γε	23	24	long-γε	hemi2
tlg001:1.792	αἰδομένη	1	6	long-αἰ-short-δο-short-μέ-long-νη	hemi1
tlg001:1.792	μῡ́θοισι	7	11	long-μῡ́-long-θοι-short-σι	hemi1	mcl
tlg001:1.792	προσέννεπεν	12	16	short-προσ-long-έν-short-νε-short-πεν	hemi2	caesfem3
tlg001:1.792	αἱμυλίοισιν·	17	24	long-αἱ-short-μυ-short-λί-long-οι-long-σιν·	hemi2	bucdiaer
tlg001:1.793	‘ξεῖνε,	1	3	long-‘ξεῖ-short-νε,	hemi1
tlg001:1.793	τίη	4	6	short-τί-long-η	hemi1
tlg001:1.793	μίμνοντες	7	11	long-μίμ-long-νον-short-τες	hemi1
tlg001:1.793	ἐπὶ	12	14	short-ἐ-long-πὶ	hemi2	caesfem3
tlg001:1.793	χρόνον	15	16	short-χρό-short-νον	hemi2
tlg001:1.793	ἔκτοθι	17	20	long-ἔκ-short-το-short-θι	hemi2	bucdiaer
tlg001:1.793	πύργων	21	24	long-πύρ-long-γων	hemi2	diaer6
tlg001:1.794	ἧσθʼ	1	2	long-ἧσθʼ	hemi1
tlg001:1.794	αὔτως;	3	6	long-αὔ-long-τως;	hemi1
tlg001:1.794	ἐπεὶ	7	8	short-ἐ-short-πεὶ	hemi1	correption
tlg001:1.794	οὐ	9	10	long-οὐ	hemi1	diaer3
tlg001:1.794	μὲν	11	11	short-μὲν	hemi1
tlg001:1.794	ὑπʼ	12	12	short-ὑπʼ	hemi2	caesfem3
tlg001:1.794	ἀνδράσι	13	16	long-ἀν-short-δρά-short-σι	hemi2	diaer4
tlg001:1.794	ναίεται	17	20	long-ναί-short-ε-short-ται	hemi2	bucdiaer	correption
tlg001:1.794	ἄστυ,	21	24	long-ἄσ-long-τυ,	hemi2	diaer6
tlg001:1.795	ἀλλὰ	1	4	long-ἀλ-long-λὰ	hemi1
tlg001:1.795	Θρηικίης	5	10	long-Θρη-short-ι-short-κί-long-ης	hemi1
tlg001:1.795	ἐπινάστιοι	11	16	short-ἐ-short-πι-long-νάσ-short-τι-short-οι	hemi2	caesmasc3	correption
tlg001:1.795	ἠπείροιο	17	24	long-ἠ-long-πεί-long-ροι-long-ο	hemi2	bucdiaer
tlg001:1.796	πῡροφόρους	1	6	long-πῡ-short-ρο-short-φό-long-ρους	hemi1
tlg001:1.796	ἀρόωσι	7	11	short-ἀ-short-ρό-long-ω-short-σι	hemi1
tlg001:1.796	γύᾱς.	12	14	short-γύ-long-ᾱς.	hemi2	caesfem3
tlg001:1.796	κακότητα	15	19	short-κα-short-κό-long-τη-short-τα	hemi2
tlg001:1.796	δὲ	20	20	short-δὲ	hemi2
tlg001:1.796	πᾶσαν	21	24	long-πᾶ-long-σαν	hemi2	diaer6
tlg001:1.797	ἐξερέω	1	6	long-ἐξ-short-ε-short-ρέ-long-ω	hemi1
tlg001:1.797	νημερτές,	7	11	long-νη-long-μερ-short-τές,	hemi1
tlg001:1.797	ἵνʼ	12	12	short-ἵνʼ	hemi2	caesfem3
tlg001:1.797	εὖ	13	14	long-εὖ	hemi2	diaer4
tlg001:1.797	γνοίητε	15	19	long-γνοί-long-η-short-τε	hemi2
tlg001:1.797	καὶ	20	20	short-καὶ	hemi2	correption
tlg001:1.797	αὐτοί.	21	24	long-αὐ-long-τοί.	hemi2
tlg001:1.798	εὖτε	1	3	long-εὖ-short-τε	hemi1
tlg001:1.798	Θόᾱς	4	6	short-Θό-long-ᾱς	hemi1
tlg001:1.798	ἀστοῖσι	7	11	long-ἀσ-long-τοῖ-short-σι	hemi1
tlg001:1.798	πατὴρ	12	14	short-πα-long-τὴρ	hemi2	caesfem3
tlg001:1.798	ἐμὸς	15	16	short-ἐ-short-μὸς	hemi2
tlg001:1.798	ἐμβασίλευεν,	17	24	long-ἐμ-short-βα-short-σί-long-λευ-long-εν,	hemi2	bucdiaer
tlg001:1.799	τηνίκα	1	4	long-τη-short-νί-short-κα	hemi1
tlg001:1.799	Θρηικίην,	5	10	long-Θρη-short-ι-short-κί-long-ην,	hemi1	diaer2
tlg001:1.799	οἵ	11	12	long-οἵ	hemi2	caesmasc3
tlg001:1.799	τʼ	13	13	τʼ	hemi2
tlg001:1.799	ἀντία	13	16	long-ἀν-short-τί-short-α	hemi2	diaer4
tlg001:1.799	ναιετάουσιν,	17	24	long-ναι-short-ε-short-τά-long-ου-long-σιν,	hemi2	bucdiaer
tlg001:1.800	δήμου	1	3	long-δή-short-μου	hemi1	correption
tlg001:1.800	ἀπορνύμενοι	4	10	short-ἀπ-long-ορ-short-νύ-short-με-long-νοι	hemi1
tlg001:1.800	λᾱοὶ	11	14	long-λᾱ-long-οὶ	hemi2	caesmasc3
tlg001:1.800	πέρθεσκον	15	19	long-πέρ-long-θεσ-short-κον	hemi2
tlg001:1.800	ἐπαύλους	20	24	short-ἐπ-long-αύ-long-λους	hemi2
tlg001:1.801	ἐκ	1	2	long-ἐκ	hemi1
tlg001:1.801	νηῶν,	3	6	long-νη-long-ῶν,	hemi1
tlg001:1.801	αὐτῇσι	7	11	long-αὐ-long-τῇ-short-σι	hemi1
tlg001:1.801	δʼ	12	12	δʼ	hemi1
tlg001:1.801	ἀπείρονα	12	16	short-ἀ-long-πεί-short-ρο-short-να	hemi2	caesfem3
tlg001:1.801	ληίδα	17	20	long-λη-short-ί-short-δα	hemi2	bucdiaer
tlg001:1.801	κούραις	21	24	long-κού-long-ραις	hemi2	diaer6
tlg001:1.802	δεῦρʼ	1	2	long-δεῦρʼ	hemi1
tlg001:1.802	ἄγον·	3	4	short-ἄ-short-γον·	hemi1
tlg001:1.802	οὐλομένης	5	10	long-οὐ-short-λο-short-μέ-long-νης	hemi1	diaer2
tlg001:1.802	δὲ	11	11	short-δὲ	hemi1
tlg001:1.802	θεᾶς	12	14	short-θε-long-ᾶς	hemi2	caesfem3
tlg001:1.802	πορσῡ́νετο	15	20	long-πορ-long-σῡ́-short-νε-short-το	hemi2
tlg001:1.802	μῆτις	21	24	long-μῆ-long-τις	hemi2	diaer6
tlg001:1.803	Κύπριδος,	1	4	long-Κύπ-short-ρι-short-δος,	hemi1
tlg001:1.803	ἥ	5	6	long-ἥ	hemi1	diaer2
tlg001:1.803	τέ	7	8	long-τέ	hemi1
tlg001:1.803	σφιν	9	10	long-σφιν	hemi1
tlg001:1.803	θῡμοφθόρον	11	16	long-θῡ-long-μοφ-short-θό-short-ρον	hemi2	caesmasc3
tlg001:1.803	ἔμβαλεν	17	20	long-ἔμ-short-βα-short-λεν	hemi2	bucdiaer
tlg001:1.803	ἄ̄την.	21	24	long-ἄ̄-long-την.	hemi2	diaer6
tlg001:1.804	δὴ	1	2	long-δὴ	hemi1
tlg001:1.804	γὰρ	3	4	long-γὰρ	hemi1
tlg001:1.804	κουριδίᾱς	5	10	long-κου-short-ρι-short-δί-long-ᾱς	hemi1	diaer2
tlg001:1.804	μὲν	11	11	short-μὲν	hemi1
tlg001:1.804	ἀπέστυγον,	12	16	short-ἀπ-long-έ-short-στυ-short-γον,	hemi2	caesfem3
tlg001:1.804	ἐκ	17	18	long-ἐκ	hemi2	bucdiaer
tlg001:1.804	δὲ	19	19	short-δὲ	hemi2
tlg001:1.804	μελάθρων,	20	24	short-με-long-λάθ-long-ρων,	hemi2
tlg001:1.805	ᾗ	1	2	long-ᾗ	hemi1
tlg001:1.805	ματίῃ	3	6	short-μα-short-τί-long-ῃ	hemi1	hiatus
tlg001:1.805	εἴξαντες,	7	11	long-εἴ-long-ξαν-short-τες,	hemi1
tlg001:1.805	ἀπεσσεύοντο	12	19	short-ἀπ-long-εσ-long-σεύ-long-ον-short-το	hemi2	caesfem3
tlg001:1.805	γυναῖκας·	20	24	short-γυ-long-ναῖ-long-κας·	hemi2
tlg001:1.806	αὐτὰρ	1	4	long-αὐ-long-τὰρ	hemi1
tlg001:1.806	ληιάδεσσι	5	11	long-λη-short-ι-short-ά-long-δεσ-short-σι	hemi1	diaer2
tlg001:1.806	δορικτήταις	12	18	short-δο-long-ρι-long-κτή-long-ταις	hemi2	caesfem3
tlg001:1.806	παρίαυον,	19	24	short-παρ-short-ί-long-αυ-long-ον,	hemi2
tlg001:1.807	σχέτλιοι.	1	4	long-σχέτ-short-λι-short-οι.	hemi1	correption
tlg001:1.807	ἦ	5	6	long-ἦ	hemi1	diaer2
tlg001:1.807	μὲν	7	8	long-μὲν	hemi1
tlg001:1.807	δηρὸν	9	11	long-δη-short-ρὸν	hemi1	diaer3
tlg001:1.807	ἐτέτλαμεν,	12	16	short-ἐ-long-τέτ-short-λα-short-μεν,	hemi2	caesfem3
tlg001:1.807	εἴ	17	18	long-εἴ	hemi2	bucdiaer
tlg001:1.807	κέ	19	19	short-κέ	hemi2
tlg001:1.807	ποτʼ	20	20	short-ποτʼ	hemi2
tlg001:1.807	αὖτις	21	24	long-αὖ-long-τις	hemi2	diaer6
tlg001:1.808	ὀψὲ	1	3	long-ὀ-short-ψὲ	hemi1
tlg001:1.808	μεταστρέψωσι	4	11	short-με-long-τα-long-στρέ-long-ψω-short-σι	hemi1
tlg001:1.808	νόον·	12	14	short-νό-long-ον·	hemi2	caesfem3
tlg001:1.808	τὸ	15	15	short-τὸ	hemi2
tlg001:1.808	δὲ	16	16	short-δὲ	hemi2
tlg001:1.808	διπλόον	17	20	long-διπ-short-λό-short-ον	hemi2	bucdiaer
tlg001:1.808	αἰεὶ	21	24	long-αἰ-long-εὶ	hemi2	diaer6
tlg001:1.809	πῆμα	1	3	long-πῆ-short-μα	hemi1
tlg001:1.809	κακὸν	4	6	short-κα-long-κὸν	hemi1
tlg001:1.809	προύβαινεν.	7	11	long-πρού-long-βαι-short-νεν.	hemi1
tlg001:1.809	ἀτῑμάζοντο	12	19	short-ἀ-long-τῑ-long-μά-long-ζον-short-το	hemi2	caesfem3
tlg001:1.809	δὲ	20	20	short-δὲ	hemi2
tlg001:1.809	τέκνα	21	24	long-τέκ-long-να	hemi2	diaer6
tlg001:1.810	γνήσιʼ	1	3	long-γνή-short-σιʼ	hemi1
tlg001:1.810	ἐνὶ	4	6	short-ἐ-long-νὶ	hemi1	preliquid
tlg001:1.810	μεγάροις,	7	10	short-με-short-γά-long-ροις,	hemi1
tlg001:1.810	σκοτίη	11	14	short-σκο-short-τί-long-η	hemi2	caesmasc3
tlg001:1.810	δʼ	15	15	δʼ	hemi2
tlg001:1.810	ἀνέτελλε	15	19	short-ἀν-short-έ-long-τελ-short-λε	hemi2
tlg001:1.810	γενέθλη.	20	24	short-γε-long-νέθ-long-λη.	hemi2
tlg001:1.811	αὔτως	1	4	long-αὔ-long-τως	hemi1
tlg001:1.811	δʼ	5	5	δʼ	hemi1
tlg001:1.811	ἀδμῆτές	5	10	long-ἀ-long-δμῆ-long-τές	hemi1	diaer2
tlg001:1.811	τε	11	11	short-τε	hemi1
tlg001:1.811	κόραι,	12	14	short-κό-long-ραι,	hemi2	caesfem3
tlg001:1.811	χῆραί	15	18	long-χῆ-long-ραί	hemi2
tlg001:1.811	τʼ	19	19	τʼ	hemi2
tlg001:1.811	ἐπὶ	19	20	short-ἐ-short-πὶ	hemi2
tlg001:1.811	τῇσιν	21	24	long-τῇ-long-σιν	hemi2	diaer6
tlg001:1.812	μητέρες	1	4	long-μη-short-τέ-short-ρες	hemi1
tlg001:1.812	ἂμ	5	6	long-ἂμ	hemi1	diaer2
tlg001:1.812	πτολίεθρον	7	11	short-πτο-short-λί-long-εθ-short-ρον	hemi1
tlg001:1.812	ἀτημελέες	12	18	short-ἀ-long-τη-short-με-short-λέ-long-ες	hemi2	caesfem3
tlg001:1.812	ἀλάληντο.	19	24	short-ἀ-short-λά-long-λην-long-το.	hemi2
tlg001:1.813	οὐδὲ	1	3	long-οὐ-short-δὲ	hemi1
tlg001:1.813	πατὴρ	4	6	short-πα-long-τὴρ	hemi1
tlg001:1.813	ὀλίγον	7	10	short-ὀ-short-λί-long-γον	hemi1
tlg001:1.813	περ	11	11	short-περ	hemi1
tlg001:1.813	ἑῆς	12	14	short-ἑ-long-ῆς	hemi2	caesfem3
tlg001:1.813	ἀλέγιζε	15	19	short-ἀ-short-λέ-long-γι-short-ζε	hemi2
tlg001:1.813	θυγατρός,	20	24	short-θυ-long-γατ-long-ρός,	hemi2
tlg001:1.814	εἰ	1	2	long-εἰ	hemi1
tlg001:1.814	καὶ	3	3	short-καὶ	hemi1	correption
tlg001:1.814	ἐν	4	4	short-ἐν	hemi1
tlg001:1.814	ὀφθαλμοῖσι	5	11	long-ὀφ-long-θαλ-long-μοῖ-short-σι	hemi1	diaer2
tlg001:1.814	δαϊζομένην	12	18	short-δα-long-ϊ-short-ζο-short-μέ-long-νην	hemi2	caesfem3
tlg001:1.814	ὁρόῳτο	19	24	short-ὁ-short-ρό-long-ῳ-long-το	hemi2
tlg001:1.815	μητρυιῆς	1	6	long-μητ-long-ρυι-long-ῆς	hemi1
tlg001:1.815	ὑπὸ	7	8	short-ὑ-short-πὸ	hemi1
tlg001:1.815	χερσὶν	9	11	long-χερ-short-σὶν	hemi1	diaer3
tlg001:1.815	ἀτασθάλου·	12	16	short-ἀ-long-τασ-short-θά-short-λου·	hemi2	caesfem3
tlg001:1.815	οὐδʼ	17	18	long-οὐδʼ	hemi2	bucdiaer
tlg001:1.815	ἀπὸ	19	20	short-ἀ-short-πὸ	hemi2
tlg001:1.815	μητρὸς	21	24	long-μητ-long-ρὸς	hemi2	diaer6
tlg001:1.816	λώβην,	1	4	long-λώ-long-βην,	hemi1
tlg001:1.816	ὡς	5	6	long-ὡς	hemi1	diaer2
tlg001:1.816	τὸ	7	7	short-τὸ	hemi1
tlg001:1.816	πάροιθεν,	8	11	short-πά-long-ροι-short-θεν,	hemi1
tlg001:1.816	ἀεικέα	12	16	short-ἀ-long-ει-short-κέ-short-α	hemi2	caesfem3
tlg001:1.816	παῖδες	17	19	long-παῖ-short-δες	hemi2	bucdiaer
tlg001:1.816	ἄμῡνον·	20	24	short-ἄ-long-μῡ-long-νον·	hemi2
tlg001:1.817	οὐδὲ	1	3	long-οὐ-short-δὲ	hemi1
tlg001:1.817	κασιγνήτοισι	4	11	short-κα-long-σι-long-γνή-long-τοι-short-σι	hemi1
tlg001:1.817	κασιγνήτη	12	18	short-κα-long-σι-long-γνή-long-τη	hemi2	caesfem3
tlg001:1.817	μέλε	19	20	short-μέ-short-λε	hemi2
tlg001:1.817	θῡμῷ.	21	24	long-θῡ-long-μῷ.	hemi2	diaer6
tlg001:1.818	ἀλλʼ	1	2	long-ἀλλʼ	hemi1
tlg001:1.818	οἶαι	3	6	long-οἶ-long-αι	hemi1
tlg001:1.818	κοῦραι	7	10	long-κοῦ-long-ραι	hemi1
tlg001:1.818	ληῑ́τιδες	11	16	long-λη-long-ῑ́-short-τι-short-δες	hemi2	caesmasc3
tlg001:1.818	ἔν	17	18	long-ἔν	hemi2	bucdiaer
tlg001:1.818	τε	19	19	short-τε	hemi2
tlg001:1.818	δόμοισιν	20	24	short-δό-long-μοι-long-σιν	hemi2
tlg001:1.819	ἔν	1	2	long-ἔν	hemi1
tlg001:1.819	τε	3	3	short-τε	hemi1
tlg001:1.819	χοροῖς	4	6	short-χο-long-ροῖς	hemi1
tlg001:1.819	ἀγορῇ	7	10	short-ἀ-short-γο-long-ρῇ	hemi1
tlg001:1.819	τε	11	11	short-τε	hemi1
tlg001:1.819	καὶ	12	12	short-καὶ	hemi2	caesfem3	correption
tlg001:1.819	εἰλαπίνῃσι	13	19	long-εἰ-short-λα-short-πί-long-νῃ-short-σι	hemi2
tlg001:1.819	μέλοντο·	20	24	short-μέ-long-λον-long-το·	hemi2
tlg001:1.820	εἰσόκε	1	4	long-εἰσ-short-ό-short-κε	hemi1
tlg001:1.820	τις	5	6	long-τις	hemi1
tlg001:1.820	θεὸς	7	8	short-θε-short-ὸς	hemi1
tlg001:1.820	ἄμμιν	9	11	long-ἄμ-short-μιν	hemi1	diaer3
tlg001:1.820	ὑπέρβιον	12	16	short-ὑ-long-πέρ-short-βι-short-ον	hemi2	caesfem3
tlg001:1.820	ἔμβαλε	17	20	long-ἔμ-short-βα-short-λε	hemi2	bucdiaer
tlg001:1.820	θάρσος,	21	24	long-θάρ-long-σος,	hemi2	diaer6
tlg001:1.821	ἂψ	1	2	long-ἂψ	hemi1
tlg001:1.821	ἀναερχομένους	3	10	short-ἀ-short-να-long-ερ-short-χο-short-μέ-long-νους	hemi1
tlg001:1.821	Θρῃκῶν	11	14	long-Θρῃ-long-κῶν	hemi2	caesmasc3
tlg001:1.821	ἄπο	15	16	short-ἄ-short-πο	hemi2
tlg001:1.821	μηκέτι	17	20	long-μη-short-κέ-short-τι	hemi2	bucdiaer
tlg001:1.821	πύργοις	21	24	long-πύρ-long-γοις	hemi2	diaer6
tlg001:1.822	δέχθαι,	1	3	long-δέχ-short-θαι,	hemi1	correption
tlg001:1.822	ἵνʼ	4	4	short-ἵνʼ	hemi1
tlg001:1.822	ἢ	5	6	long-ἢ	hemi1	diaer2
tlg001:1.822	φρονέοιεν	7	11	short-φρο-short-νέ-long-οι-short-εν	hemi1
tlg001:1.822	ἅπερ	12	14	short-ἅ-long-περ	hemi2	caesfem3
tlg001:1.822	θέμις,	15	16	short-θέ-short-μις,	hemi2
tlg001:1.822	ἠέ	17	19	long-ἠ-short-έ	hemi2	bucdiaer
tlg001:1.822	πῃ	20	20	short-πῃ	hemi2	correption
tlg001:1.822	ἄλλῃ	21	24	long-ἄλ-long-λῃ	hemi2	diaer6
tlg001:1.823	αὐταῖς	1	4	long-αὐ-long-ταῖς	hemi1
tlg001:1.823	ληιάδεσσιν	5	11	long-λη-short-ι-short-ά-long-δεσ-short-σιν	hemi1	diaer2
tlg001:1.823	ἀφορμηθέντες	12	19	short-ἀφ-long-ορ-long-μη-long-θέν-short-τες	hemi2	caesfem3
tlg001:1.823	ἵκοιντο.	20	24	short-ἵ-long-κοιν-long-το.	hemi2
tlg001:1.824	οἱ	1	2	long-οἱ	hemi1
tlg001:1.824	δʼ	3	3	δʼ	hemi1
tlg001:1.824	ἄρα	3	4	short-ἄ-short-ρα	hemi1
tlg001:1.824	θεσσάμενοι	5	10	long-θεσ-short-σά-short-με-long-νοι	hemi1	diaer2
tlg001:1.824	παίδων	11	14	long-παί-long-δων	hemi2	caesmasc3
tlg001:1.824	γένος,	15	16	short-γέ-short-νος,	hemi2
tlg001:1.824	ὅσσον	17	19	long-ὅσ-short-σον	hemi2	bucdiaer
tlg001:1.824	ἔλειπτο	20	24	short-ἔ-long-λειπ-long-το	hemi2
tlg001:1.825	ἄρσεν	1	3	long-ἄρ-short-σεν	hemi1
tlg001:1.825	ἀνὰ	4	6	short-ἀ-long-νὰ	hemi1
tlg001:1.825	πτολίεθρον,	7	11	short-πτο-short-λί-long-εθ-short-ρον,	hemi1
tlg001:1.825	ἔβαν	12	14	short-ἔ-long-βαν	hemi2	caesfem3
tlg001:1.825	πάλιν,	15	16	short-πά-short-λιν,	hemi2
tlg001:1.825	ἔνθʼ	17	18	long-ἔνθʼ	hemi2	bucdiaer
tlg001:1.825	ἔτι	19	20	short-ἔ-short-τι	hemi2
tlg001:1.825	νῦν	21	22	long-νῦν	hemi2	diaer6
tlg001:1.825	περ	23	24	long-περ	hemi2
tlg001:1.826	Θρηικίης	1	6	long-Θρη-short-ι-short-κί-long-ης	hemi1
tlg001:1.826	ἄροσιν	7	10	short-ἄ-short-ρο-long-σιν	hemi1
tlg001:1.826	χιονώδεα	11	16	short-χι-short-ο-long-νώ-short-δε-short-α	hemi2	caesmasc3
tlg001:1.826	ναιετάουσιν.	17	24	long-ναι-short-ε-short-τά-long-ου-long-σιν.	hemi2	bucdiaer
tlg001:1.827	τῶ	1	2	long-τῶ	hemi1	hiatus
tlg001:1.827	ὑ̄μεῖς	3	6	long-ὑ̄-long-μεῖς	hemi1
tlg001:1.827	στρωφᾶσθʼ	7	10	long-στρω-long-φᾶσθʼ	hemi1
tlg001:1.827	ἐπιδήμιοι·	11	16	short-ἐ-short-πι-long-δή-short-μι-short-οι·	hemi2	caesmasc3
tlg001:1.827	εἰ	17	18	long-εἰ	hemi2	bucdiaer
tlg001:1.827	δέ	19	19	short-δέ	hemi2
tlg001:1.827	κεν	20	20	short-κεν	hemi2
tlg001:1.827	αὖθι	21	24	long-αὖ-long-θι	hemi2	diaer6
tlg001:1.828	ναιετάειν	1	6	long-ναι-short-ε-short-τά-long-ειν	hemi1
tlg001:1.828	ἐθέλοις,	7	10	short-ἐ-short-θέ-long-λοις,	hemi1
tlg001:1.828	καί	11	12	long-καί	hemi2	caesmasc3
tlg001:1.828	τοι	13	14	long-τοι	hemi2	hiatus
tlg001:1.828	ἅδοι,	15	16	short-ἅ-short-δοι,	hemi2	correption
tlg001:1.828	ἦ	17	18	long-ἦ	hemi2	bucdiaer
tlg001:1.828	τʼ	19	19	τʼ	hemi2
tlg001:1.828	ἂν	19	19	short-ἂν	hemi2
tlg001:1.828	ἔπειτα	20	24	short-ἔ-long-πει-long-τα	hemi2
tlg001:1.829	πατρὸς	1	3	long-πατ-short-ρὸς	hemi1
tlg001:1.829	ἐμεῖο	4	7	short-ἐ-long-μεῖ-short-ο	hemi1
tlg001:1.829	Θόαντος	8	11	short-Θό-long-αν-short-τος	hemi1
tlg001:1.829	ἔχοις	12	14	short-ἔ-long-χοις	hemi2	caesfem3
tlg001:1.829	γέρας·	15	16	short-γέ-short-ρας·	hemi2
tlg001:1.829	οὐδέ	17	19	long-οὐ-short-δέ	hemi2	bucdiaer
tlg001:1.829	τί	20	20	short-τί	hemi2
tlg001:1.829	σ᾽οἴω	21	24	long-σ᾽οἴ-long-ω	hemi2	diaer6
tlg001:1.830	γαῖαν	1	3	long-γαῖ-short-αν	hemi1
tlg001:1.830	ὀνόσσεσθαι·	4	10	short-ὀ-long-νόσ-long-σεσ-long-θαι·	hemi1
tlg001:1.830	περὶ	11	12	short-πε-short-ρὶ	hemi2	caesmasc3
tlg001:1.830	γὰρ	13	14	long-γὰρ	hemi2
tlg001:1.830	βαθυλήιος	15	20	short-βα-short-θυ-long-λή-short-ι-short-ος	hemi2
tlg001:1.830	ἄλλων	21	24	long-ἄλ-long-λων	hemi2	diaer6
tlg001:1.831	νήσων,	1	4	long-νή-long-σων,	hemi1
tlg001:1.831	Αἰγαίῃ	5	10	long-Αἰ-long-γαί-long-ῃ	hemi1	diaer2	hiatus
tlg001:1.831	ὅσαι	11	12	short-ὅ-short-σαι	hemi2	caesmasc3	correption
tlg001:1.831	εἰν	13	14	long-εἰν	hemi2	diaer4
tlg001:1.831	ἁλὶ	15	16	short-ἁ-short-λὶ	hemi2
tlg001:1.831	ναιετάουσιν.	17	24	long-ναι-short-ε-short-τά-long-ου-long-σιν.	hemi2	bucdiaer
tlg001:1.832	ἀλλʼ	1	2	long-ἀλλʼ	hemi1
tlg001:1.832	ἄγε	3	4	short-ἄ-short-γε	hemi1
tlg001:1.832	νῦν	5	6	long-νῦν	hemi1	diaer2
tlg001:1.832	ἐπὶ	7	8	short-ἐ-short-πὶ	hemi1
tlg001:1.832	νῆα	9	11	long-νῆ-short-α	hemi1	diaer3
tlg001:1.832	κιὼν	12	14	short-κι-long-ὼν	hemi2	caesfem3
tlg001:1.832	ἑτάροισιν	15	19	short-ἑ-short-τά-long-ροι-short-σιν	hemi2
tlg001:1.832	ἐνίσπες	20	24	short-ἐν-long-ίσ-long-πες	hemi2
tlg001:1.833	μῡ́θους	1	4	long-μῡ́-long-θους	hemi1
tlg001:1.833	ἡμετέρους,	5	10	long-ἡ-short-με-short-τέ-long-ρους,	hemi1	diaer2
tlg001:1.833	μηδʼ	11	12	long-μηδʼ	hemi2	caesmasc3
tlg001:1.833	ἔκτοθι	13	16	long-ἔκ-short-το-short-θι	hemi2	diaer4
tlg001:1.833	μίμνε	17	19	long-μίμ-short-νε	hemi2	bucdiaer
tlg001:1.833	πόληος.’	20	24	short-πό-long-λη-long-ος.’	hemi2
tlg001:1.834	Ἴσκεν,	1	3	long-Ἴσ-short-κεν,	hemi1
tlg001:1.834	ἀμαλδῡ́νουσα	4	11	short-ἀ-long-μαλ-long-δῡ́-long-νου-short-σα	hemi1
tlg001:1.834	φόνου	12	14	short-φό-long-νου	hemi2	caesfem3
tlg001:1.834	τέλος,	15	16	short-τέ-short-λος,	hemi2
tlg001:1.834	οἷον	17	19	long-οἷ-short-ον	hemi2	bucdiaer
tlg001:1.834	ἐτύχθη	20	24	short-ἐ-long-τύχ-long-θη	hemi2
tlg001:1.835	ἀνδράσιν·	1	4	long-ἀν-short-δρά-short-σιν·	hemi1
tlg001:1.835	αὐτὰρ	5	7	long-αὐ-short-τὰρ	hemi1	diaer2
tlg001:1.835	ὁ	8	8	short-ὁ	hemi1
tlg001:1.835	τήνγε	9	11	long-τήν-short-γε	hemi1	diaer3
tlg001:1.835	παραβλήδην	12	18	short-πα-long-ρα-long-βλή-long-δην	hemi2	caesfem3
tlg001:1.835	προσέειπεν	19	24	short-προσ-short-έ-long-ει-long-πεν	hemi2
tlg001:1.836	‘Ὑψιπύλη,	1	6	long-‘Ὑ-short-ψι-short-πύ-long-λη,	hemi1
tlg001:1.836	μάλα	7	8	short-μά-short-λα	hemi1
tlg001:1.836	κεν	9	10	long-κεν	hemi1
tlg001:1.836	θῡμηδέος	11	16	long-θῡ-long-μη-short-δέ-short-ος	hemi2	caesmasc3
tlg001:1.836	ἀντιάσαιμεν	17	24	long-ἀν-short-τι-short-ά-long-σαι-long-μεν	hemi2	bucdiaer
tlg001:1.837	χρησμοσύνης,	1	6	long-χρησ-short-μο-short-σύ-long-νης,	hemi1
tlg001:1.837	ἣν	7	8	long-ἣν	hemi1
tlg001:1.837	ἄμμι	9	11	long-ἄμ-short-μι	hemi1	diaer3
tlg001:1.837	σέθεν	12	14	short-σέ-long-θεν	hemi2	caesfem3
tlg001:1.837	χατέουσιν	15	19	short-χα-short-τέ-long-ου-short-σιν	hemi2
tlg001:1.837	ὀπάζεις.	20	24	short-ὀ-long-πά-long-ζεις.	hemi2
tlg001:1.838	εἶμι	1	3	long-εἶ-short-μι	hemi1
tlg001:1.838	δʼ	4	4	δʼ	hemi1
tlg001:1.838	ὑπότροπος	4	8	short-ὑ-long-πό-short-τρο-short-πος	hemi1
tlg001:1.838	αὖτις	9	11	long-αὖ-short-τις	hemi1	diaer3
tlg001:1.838	ἀνὰ	12	14	short-ἀ-long-νὰ	hemi2	caesfem3
tlg001:1.838	πτόλιν,	15	16	short-πτό-short-λιν,	hemi2
tlg001:1.838	εὖτʼ	17	18	long-εὖτʼ	hemi2	bucdiaer
tlg001:1.838	ἂν	19	19	short-ἂν	hemi2
tlg001:1.838	ἕκαστα	20	24	short-ἕ-long-κασ-long-τα	hemi2
tlg001:1.839	ἐξείπω	1	6	long-ἐξ-long-εί-long-πω	hemi1
tlg001:1.839	κατὰ	7	8	short-κα-short-τὰ	hemi1
tlg001:1.839	κόσμον.	9	11	long-κόσ-short-μον.	hemi1	diaer3
tlg001:1.839	ἀνακτορίη	12	18	short-ἀ-long-νακ-short-το-short-ρί-long-η	hemi2	caesfem3
tlg001:1.839	δὲ	19	19	short-δὲ	hemi2
tlg001:1.839	μελέσθω	20	24	short-με-long-λέσ-long-θω	hemi2
tlg001:1.840	σοί	1	2	long-σοί	hemi1
tlg001:1.840	γʼ	3	3	γʼ	hemi1
tlg001:1.840	αὐτῇ	3	6	long-αὐ-long-τῇ	hemi1
tlg001:1.840	καὶ	7	8	long-καὶ	hemi1
tlg001:1.840	νῆσος·	9	11	long-νῆ-short-σος·	hemi1
tlg001:1.840	ἔγωγε	12	15	short-ἔ-long-γω-short-γε	hemi2	caesfem3
tlg001:1.840	μὲν	16	16	short-μὲν	hemi2
tlg001:1.840	οὐκ	17	18	long-οὐκ	hemi2	bucdiaer
tlg001:1.840	ἀθερίζων	19	24	short-ἀ-short-θε-long-ρί-long-ζων	hemi2
tlg001:1.841	χάζομαι,	1	4	long-χά-short-ζο-short-μαι,	hemi1	correption
tlg001:1.841	ἀλλά	5	7	long-ἀλ-short-λά	hemi1	diaer2
tlg001:1.841	με	8	8	short-με	hemi1
tlg001:1.841	λυγροὶ	9	11	long-λυγ-short-ροὶ	hemi1	diaer3	correption
tlg001:1.841	ἐπισπέρχουσιν	12	19	short-ἐ-long-πι-long-σπέρ-long-χου-short-σιν	hemi2	caesfem3
tlg001:1.841	ἄεθλοι.’	20	24	short-ἄ-long-εθ-long-λοι.’	hemi2
tlg001:1.842	ἦ,	1	2	long-ἦ,	hemi1
tlg001:1.842	καὶ	3	4	long-καὶ	hemi1
tlg001:1.842	δεξιτερῆς	5	10	long-δε-short-ξι-short-τε-long-ρῆς	hemi1
tlg001:1.842	χειρὸς	11	14	long-χει-long-ρὸς	hemi2	caesmasc3
tlg001:1.842	θίγεν·	15	16	short-θί-short-γεν·	hemi2
tlg001:1.842	αἶψα	17	19	long-αἶ-short-ψα	hemi2	bucdiaer
tlg001:1.842	δʼ	20	20	δʼ	hemi2
tlg001:1.842	ὀπίσσω	20	24	short-ὀ-long-πίσ-long-σω	hemi2
tlg001:1.843	βῆ	1	2	long-βῆ	hemi1
tlg001:1.843	ῥʼ	3	3	ῥʼ	hemi1
tlg001:1.843	ἴμεν,	3	4	short-ἴ-short-μεν,	hemi1
tlg001:1.843	ἀμφὶ	5	7	long-ἀμ-short-φὶ	hemi1	diaer2
tlg001:1.843	δὲ	8	8	short-δὲ	hemi1
tlg001:1.843	τόνγε	9	11	long-τόν-short-γε	hemi1	diaer3
tlg001:1.843	νεήνιδες	12	16	short-νε-long-ή-short-νι-short-δες	hemi2	caesfem3
tlg001:1.843	ἄλλοθεν	17	20	long-ἄλ-short-λο-short-θεν	hemi2	bucdiaer
tlg001:1.843	ἄλλαι	21	24	long-ἄλ-long-λαι	hemi2	diaer6
tlg001:1.844	μῡρίαι	1	4	long-μῡ-short-ρί-short-αι	hemi1	correption
tlg001:1.844	εἱλίσσοντο	5	11	long-εἱ-long-λίσ-long-σον-short-το	hemi1	diaer2
tlg001:1.844	κεχαρμέναι,	12	16	short-κε-long-χαρ-short-μέ-short-ναι,	hemi2	caesfem3	correption
tlg001:1.844	ὄφρα	17	19	long-ὄφ-short-ρα	hemi2	bucdiaer
tlg001:1.844	πυλᾱ́ων	20	24	short-πυ-long-λᾱ́-long-ων	hemi2
tlg001:1.845	ἐξέμολεν.	1	6	long-ἐξ-short-έ-short-μο-long-λεν.	hemi1
tlg001:1.845	μετέπειτα	7	11	short-μετ-short-έ-long-πει-short-τα	hemi1
tlg001:1.845	δʼ	12	12	δʼ	hemi1
tlg001:1.845	ἐυτροχάλοισιν	12	19	short-ἐ-long-υ-short-τρο-short-χά-long-λοι-short-σιν	hemi2	caesfem3
tlg001:1.845	ἀμάξαις	20	24	short-ἀ-long-μά-long-ξαις	hemi2
tlg001:1.846	ἀκτὴν	1	4	long-ἀκ-long-τὴν	hemi1
tlg001:1.846	εἰσαπέβαν,	5	10	long-εἰσ-short-απ-short-έ-long-βαν,	hemi1	diaer2
tlg001:1.846	ξεινήια	11	16	long-ξει-long-νή-short-ι-short-α	hemi2	caesmasc3
tlg001:1.846	πολλὰ	17	19	long-πολ-short-λὰ	hemi2	bucdiaer
tlg001:1.846	φέρουσαι,	20	24	short-φέ-long-ρου-long-σαι,	hemi2
tlg001:1.847	μῦθον	1	3	long-μῦ-short-θον	hemi1
tlg001:1.847	ὅτʼ	4	4	short-ὅτʼ	hemi1
tlg001:1.847	ἤδη	5	8	long-ἤ-long-δη	hemi1	diaer2
tlg001:1.847	πάντα	9	11	long-πάν-short-τα	hemi1	diaer3
tlg001:1.847	διηνεκέως	12	18	short-δι-long-η-short-νε-short-κέ-long-ως	hemi2	caesfem3
tlg001:1.847	ἀγόρευσεν,	19	24	short-ἀ-short-γό-long-ρευ-long-σεν,	hemi2
tlg001:1.848	τόν	1	2	long-τόν	hemi1
tlg001:1.848	ῥα	3	3	short-ῥα	hemi1
tlg001:1.848	καλεσσαμένη	4	10	short-κα-long-λεσ-short-σα-short-μέ-long-νη	hemi1
tlg001:1.848	διεπέφραδεν	11	16	short-δι-short-ε-long-πέ-short-φρα-short-δεν	hemi2	caesmasc3
tlg001:1.848	Ὑψιπύλεια·	17	24	long-Ὑ-short-ψι-short-πύ-long-λει-long-α·	hemi2	bucdiaer
tlg001:1.849	καὶ	1	2	long-καὶ	hemi1
tlg001:1.849	δʼ	3	3	δʼ	hemi1
tlg001:1.849	αὐτοὺς	3	6	long-αὐ-long-τοὺς	hemi1
tlg001:1.849	ξεινοῦσθαι	7	11	long-ξει-long-νοῦσ-short-θαι	hemi1	correption
tlg001:1.849	ἐπὶ	12	14	short-ἐ-long-πὶ	hemi2	caesfem3
tlg001:1.849	σφέα	15	16	short-σφέ-short-α	hemi2
tlg001:1.849	δώματʼ	17	19	long-δώ-short-ματʼ	hemi2	bucdiaer
tlg001:1.849	ἄγεσκον	20	24	short-ἄ-long-γεσ-long-κον	hemi2
tlg001:1.850	ῥηιδίως.	1	6	long-ῥη-short-ι-short-δί-long-ως.	hemi1
tlg001:1.850	Κύπρις	7	10	long-Κύπ-long-ρις	hemi1
tlg001:1.850	γὰρ	11	11	short-γὰρ	hemi1
tlg001:1.850	ἐπὶ	12	14	short-ἐ-long-πὶ	hemi2	caesfem3
tlg001:1.850	γλυκὺν	15	16	short-γλυ-short-κὺν	hemi2
tlg001:1.850	ἵ̄μερον	17	20	long-ἵ̄-short-με-short-ρον	hemi2	bucdiaer
tlg001:1.850	ὦρσεν	21	24	long-ὦρ-long-σεν	hemi2	diaer6
tlg001:1.851	Ἡφαίστοιο	1	7	long-Ἡ-long-φαίσ-long-τοι-short-ο	hemi1
tlg001:1.851	χάριν	8	10	short-χά-long-ριν	hemi1
tlg001:1.851	πολυμήτιος,	11	16	short-πο-short-λυ-long-μή-short-τι-short-ος,	hemi2	caesmasc3
tlg001:1.851	ὄφρα	17	19	long-ὄφ-short-ρα	hemi2	bucdiaer
tlg001:1.851	κεν	20	20	short-κεν	hemi2
tlg001:1.851	αὖτις	21	24	long-αὖ-long-τις	hemi2	diaer6
tlg001:1.852	ναίηται	1	6	long-ναί-long-η-long-ται	hemi1
tlg001:1.852	μετόπισθεν	7	11	short-μετ-short-ό-long-πισ-short-θεν	hemi1
tlg001:1.852	ἀκήρατος	12	16	short-ἀ-long-κή-short-ρα-short-τος	hemi2	caesfem3
tlg001:1.852	ἀνδράσι	17	20	long-ἀν-short-δρά-short-σι	hemi2	bucdiaer
tlg001:1.852	Λῆμνος.	21	24	long-Λῆμ-long-νος.	hemi2	diaer6
tlg001:1.853	ἔνθʼ	1	2	long-ἔνθʼ	hemi1
tlg001:1.853	ὁ	3	3	short-ὁ	hemi1
tlg001:1.853	μὲν	4	4	short-μὲν	hemi1
tlg001:1.853	Ὑψιπύλης	5	10	long-Ὑ-short-ψι-short-πύ-long-λης	hemi1	diaer2
tlg001:1.853	βασιλήιον	11	16	short-βα-short-σι-long-λή-short-ι-short-ον	hemi2	caesmasc3
tlg001:1.853	ἐς	17	18	long-ἐς	hemi2	bucdiaer
tlg001:1.853	δόμον	19	20	short-δό-short-μον	hemi2
tlg001:1.853	ὦρτο	21	24	long-ὦρ-long-το	hemi2	diaer6
tlg001:1.854	Αἰσονίδης·	1	6	long-Αἰ-short-σο-short-νί-long-δης·	hemi1
tlg001:1.854	οἱ	7	8	long-οἱ	hemi1
tlg001:1.854	δʼ	9	9	δʼ	hemi1
tlg001:1.854	ἄλλοι	9	11	long-ἄλ-short-λοι	hemi1	diaer3	correption
tlg001:1.854	ὅπῃ	12	14	short-ὅ-long-πῃ	hemi2	caesfem3
tlg001:1.854	καὶ	15	15	short-καὶ	hemi2	correption
tlg001:1.854	ἔκυρσαν	16	19	short-ἔ-long-κυρ-short-σαν	hemi2
tlg001:1.854	ἕκαστος,	20	24	short-ἕ-long-κασ-long-τος,	hemi2
tlg001:1.855	Ἡρακλῆος	1	7	long-Ἡ-long-ρα-long-κλῆ-short-ος	hemi1
tlg001:1.855	ἄνευθεν,	8	11	short-ἄ-long-νευ-short-θεν,	hemi1
tlg001:1.855	ὁ	12	12	short-ὁ	hemi2	caesfem3
tlg001:1.855	γὰρ	13	14	long-γὰρ	hemi2
tlg001:1.855	παρὰ	15	16	short-πα-short-ρὰ	hemi2
tlg001:1.855	νηὶ	17	19	long-νη-short-ὶ	hemi2	bucdiaer
tlg001:1.855	λέλειπτο	20	24	short-λέ-long-λειπ-long-το	hemi2
tlg001:1.856	αὐτὸς	1	3	long-αὐ-short-τὸς	hemi1
tlg001:1.856	ἑκὼν	4	6	short-ἑ-long-κὼν	hemi1
tlg001:1.856	παῦροί	7	10	long-παῦ-long-ροί	hemi1
tlg001:1.856	τε	11	11	short-τε	hemi1
tlg001:1.856	διακρινθέντες	12	19	short-δι-long-α-long-κριν-long-θέν-short-τες	hemi2	caesfem3
tlg001:1.856	ἑταῖροι.	20	24	short-ἑ-long-ταῖ-long-ροι.	hemi2
tlg001:1.857	αὐτίκα	1	4	long-αὐ-short-τί-short-κα	hemi1
tlg001:1.857	δʼ	5	5	δʼ	hemi1
tlg001:1.857	ἄστυ	5	7	long-ἄσ-short-τυ	hemi1	diaer2
tlg001:1.857	χοροῖσι	8	11	short-χο-long-ροῖ-short-σι	hemi1
tlg001:1.857	καὶ	12	12	short-καὶ	hemi2	caesfem3	correption
tlg001:1.857	εἰλαπίνῃσι	13	19	long-εἰ-short-λα-short-πί-long-νῃ-short-σι	hemi2
tlg001:1.857	γεγήθει	20	24	short-γε-long-γή-long-θει	hemi2
tlg001:1.858	καπνῷ	1	4	long-καπ-long-νῷ	hemi1
tlg001:1.858	κνῑσήεντι	5	11	long-κνῑ-long-σή-long-εν-short-τι	hemi1	diaer2
tlg001:1.858	περίπλεον·	12	16	short-πε-long-ρί-short-πλε-short-ον·	hemi2	caesfem3
tlg001:1.858	ἔξοχα	17	20	long-ἔξ-short-ο-short-χα	hemi2	bucdiaer
tlg001:1.858	δʼ	21	21	δʼ	hemi2
tlg001:1.858	ἄλλων	21	24	long-ἄλ-long-λων	hemi2	diaer6
tlg001:1.859	ἀ̄θανάτων	1	6	long-ἀ̄-short-θα-short-νά-long-των	hemi1
tlg001:1.859	Ἥρης	7	10	long-Ἥ-long-ρης	hemi1
tlg001:1.859	υἷα	11	14	long-υἷ-long-α	hemi2	caesmasc3
tlg001:1.859	κλυτὸν	15	16	short-κλυ-short-τὸν	hemi2
tlg001:1.859	ἠδὲ	17	19	long-ἠ-short-δὲ	hemi2	bucdiaer
tlg001:1.859	καὶ	20	20	short-καὶ	hemi2	correption
tlg001:1.859	αὐτὴν	21	24	long-αὐ-long-τὴν	hemi2
tlg001:1.860	Κύπριν	1	3	long-Κύπ-short-ριν	hemi1
tlg001:1.860	ἀοιδῇσιν	4	10	short-ἀ-long-οι-long-δῇ-long-σιν	hemi1
tlg001:1.860	θυέεσσί	11	15	short-θυ-short-έ-long-εσ-short-σί	hemi2	caesmasc3
tlg001:1.860	τε	16	16	short-τε	hemi2
tlg001:1.860	μειλίσσοντο.	17	24	long-μει-long-λίσ-long-σον-long-το.	hemi2	bucdiaer
tlg001:1.861	ἀμβολίη	1	6	long-ἀμ-short-βο-short-λί-long-η	hemi1
tlg001:1.861	δʼ	7	7	δʼ	hemi1
tlg001:1.861	εἰς	7	8	long-εἰς	hemi1
tlg001:1.861	ἦμαρ	9	11	long-ἦ-short-μαρ	hemi1	diaer3
tlg001:1.861	ἀεὶ	12	14	short-ἀ-long-εὶ	hemi2	caesfem3	hiatus
tlg001:1.861	ἐξ	15	16	long-ἐξ	hemi2
tlg001:1.861	ἤματος	17	20	long-ἤ-short-μα-short-τος	hemi2	bucdiaer
tlg001:1.861	ἦεν	21	24	long-ἦ-long-εν	hemi2	diaer6
tlg001:1.862	ναυτιλίης·	1	6	long-ναυ-short-τι-short-λί-long-ης·	hemi1
tlg001:1.862	δηρὸν	7	10	long-δη-long-ρὸν	hemi1
tlg001:1.862	δʼ	11	11	δʼ	hemi1
tlg001:1.862	ἂν	11	11	short-ἂν	hemi1
tlg001:1.862	ἐλῑ́νυον	12	16	short-ἐ-long-λῑ́-short-νυ-short-ον	hemi2	caesfem3
tlg001:1.862	αὖθι	17	19	long-αὖ-short-θι	hemi2	bucdiaer
tlg001:1.862	μένοντες,	20	24	short-μέ-long-νον-long-τες,	hemi2
tlg001:1.863	εἰ	1	2	long-εἰ	hemi1
tlg001:1.863	μὴ	3	3	short-μὴ	hemi1	correption
tlg001:1.863	ἀολλίσσᾱς	4	10	short-ἀ-long-ολ-long-λίσ-long-σᾱς	hemi1
tlg001:1.863	ἑτάρους	11	14	short-ἑ-short-τά-long-ρους	hemi2	caesmasc3
tlg001:1.863	ἀπάνευθε	15	19	short-ἀπ-short-ά-long-νευ-short-θε	hemi2
tlg001:1.863	γυναικῶν	20	24	short-γυ-long-ναι-long-κῶν	hemi2
tlg001:1.864	Ἡρακλέης	1	6	long-Ἡ-short-ρα-short-κλέ-long-ης	hemi1
tlg001:1.864	τοίοισιν	7	11	long-τοί-long-οι-short-σιν	hemi1
tlg001:1.864	ἐνιπτάζων	12	18	short-ἐν-long-ιπ-long-τά-long-ζων	hemi2	caesfem3
tlg001:1.864	μετέειπεν·	19	24	short-μετ-short-έ-long-ει-long-πεν·	hemi2
tlg001:1.865	‘δαιμόνιοι,	1	6	long-‘δαι-short-μό-short-νι-long-οι,	hemi1
tlg001:1.865	πάτρης	7	10	long-πάτ-long-ρης	hemi1
tlg001:1.865	ἐμφῡ́λιον	11	16	long-ἐμ-long-φῡ́-short-λι-short-ον	hemi2	caesmasc3
tlg001:1.865	αἷμʼ	17	18	long-αἷμʼ	hemi2	bucdiaer
tlg001:1.865	ἀποέργει	19	24	short-ἀ-short-πο-long-έρ-long-γει	hemi2
tlg001:1.866	ἡμέας;	1	4	long-ἡ-short-μέ-short-ας;	hemi1
tlg001:1.866	ἦε	5	7	long-ἦ-short-ε	hemi1	diaer2
tlg001:1.866	γάμων	8	10	short-γά-long-μων	hemi1
tlg001:1.866	ἐπιδευέες	11	16	short-ἐ-short-πι-long-δευ-short-έ-short-ες	hemi2	caesmasc3
tlg001:1.866	ἐνθάδʼ	17	19	long-ἐν-short-θάδʼ	hemi2	bucdiaer
tlg001:1.866	ἔβημεν	20	24	short-ἔ-long-βη-long-μεν	hemi2
tlg001:1.867	κεῖθεν,	1	3	long-κεῖ-short-θεν,	hemi1
tlg001:1.867	ὀνοσσάμενοι	4	10	short-ὀ-long-νοσ-short-σά-short-με-long-νοι	hemi1
tlg001:1.867	πολιήτιδας;	11	16	short-πο-short-λι-long-ή-short-τι-short-δας;	hemi2	caesmasc3
tlg001:1.867	αὖθι	17	19	long-αὖ-short-θι	hemi2	bucdiaer
tlg001:1.867	δʼ	20	20	δʼ	hemi2
tlg001:1.867	ἕᾱδεν	20	24	short-ἕ-long-ᾱ-long-δεν	hemi2
tlg001:1.868	ναίοντας	1	6	long-ναί-long-ον-long-τας	hemi1
tlg001:1.868	λιπαρὴν	7	10	short-λι-short-πα-long-ρὴν	hemi1
tlg001:1.868	ἄροσιν	11	14	short-ἄ-short-ρο-long-σιν	hemi2	caesmasc3
tlg001:1.868	Λήμνοιο	15	19	long-Λήμ-long-νοι-short-ο	hemi2
tlg001:1.868	ταμέσθαι;	20	24	short-τα-long-μέσ-long-θαι;	hemi2
tlg001:1.869	οὐ	1	2	long-οὐ	hemi1
tlg001:1.869	μᾱ̀ν	3	4	long-μᾱ̀ν	hemi1
tlg001:1.869	εὐκλειεῖς	5	10	long-εὐ-long-κλει-long-εῖς	hemi1	diaer2
tlg001:1.869	γε	11	11	short-γε	hemi1
tlg001:1.869	σὺν	12	12	short-σὺν	hemi2	caesfem3
tlg001:1.869	ὀθνείῃσι	13	19	long-ὀθ-long-νεί-long-ῃ-short-σι	hemi2	diaer4
tlg001:1.869	γυναιξὶν	20	24	short-γυ-long-ναι-long-ξὶν	hemi2
tlg001:1.870	ἐσσόμεθʼ	1	4	long-ἐσ-short-σό-short-μεθʼ	hemi1
tlg001:1.870	ὧδʼ	5	6	long-ὧδʼ	hemi1	diaer2
tlg001:1.870	ἐπὶ	7	8	short-ἐ-short-πὶ	hemi1
tlg001:1.870	δηρὸν	9	11	long-δη-short-ρὸν	hemi1	diaer3
tlg001:1.870	ἐελμένοι·	12	16	short-ἐ-long-ελ-short-μέ-short-νοι·	hemi2	caesfem3
tlg001:1.870	οὐδέ	17	19	long-οὐ-short-δέ	hemi2	bucdiaer
tlg001:1.870	τι	20	20	short-τι	hemi2
tlg001:1.870	κῶας	21	24	long-κῶ-long-ας	hemi2	diaer6
tlg001:1.871	αὐτόματον	1	6	long-αὐ-short-τό-short-μα-long-τον	hemi1
tlg001:1.871	δώσει	7	10	long-δώ-long-σει	hemi1
tlg001:1.871	τις	11	11	short-τις	hemi1
tlg001:1.871	ἑλὼν	12	14	short-ἑ-long-λὼν	hemi2	caesfem3
tlg001:1.871	θεὸς	15	16	short-θε-short-ὸς	hemi2
tlg001:1.871	εὐξαμένοισιν.	17	24	long-εὐ-short-ξα-short-μέ-long-νοι-long-σιν.	hemi2	bucdiaer
tlg001:1.872	ἴ̄ομεν	1	4	long-ἴ̄-short-ο-short-μεν	hemi1
tlg001:1.872	αὖτις	5	7	long-αὖ-short-τις	hemi1	diaer2
tlg001:1.872	ἕκαστοι	8	11	short-ἕ-long-κασ-short-τοι	hemi1	correption
tlg001:1.872	ἐπὶ	12	14	short-ἐ-long-πὶ	hemi2	caesfem3
tlg001:1.872	σφέα·	15	16	short-σφέ-short-α·	hemi2
tlg001:1.872	τὸν	17	18	long-τὸν	hemi2	bucdiaer
tlg001:1.872	δʼ	19	19	δʼ	hemi2
tlg001:1.872	ἐνὶ	19	20	short-ἐ-short-νὶ	hemi2
tlg001:1.872	λέκτροις	21	24	long-λέκ-long-τροις	hemi2	diaer6
tlg001:1.873	Ὑψιπύλης	1	6	long-Ὑ-short-ψι-short-πύ-long-λης	hemi1
tlg001:1.873	εἰᾶτε	7	11	long-εἰ-long-ᾶ-short-τε	hemi1
tlg001:1.873	πανήμερον,	12	16	short-παν-long-ή-short-με-short-ρον,	hemi2	caesfem3
tlg001:1.873	εἰσόκε	17	20	long-εἰσ-short-ό-short-κε	hemi2	bucdiaer
tlg001:1.873	Λῆμνον	21	24	long-Λῆμ-long-νον	hemi2	diaer6
tlg001:1.874	παισὶν	1	3	long-παι-short-σὶν	hemi1
tlg001:1.874	ἐσανδρώσῃ,	4	10	short-ἐσ-long-αν-long-δρώ-long-σῃ,	hemi1
tlg001:1.874	μεγάλη	11	14	short-με-short-γά-long-λη	hemi2	caesmasc3
tlg001:1.874	τέ	15	15	short-τέ	hemi2	hiatus
tlg001:1.874	ἑ	16	16	short-ἑ	hemi2
tlg001:1.874	βάξις	17	19	long-βά-short-ξις	hemi2	bucdiaer
tlg001:1.874	ἵκηται.’	20	24	short-ἵ-long-κη-long-ται.’	hemi2
tlg001:1.875	ὧς	1	2	long-ὧς	hemi1
tlg001:1.875	νείκεσσεν	3	7	long-νεί-long-κεσ-short-σεν	hemi1
tlg001:1.875	ὅμῑλον·	8	11	short-ὅ-long-μῑ-short-λον·	hemi1
tlg001:1.875	ἐναντία	12	16	short-ἐν-long-αν-short-τί-short-α	hemi2	caesfem3
tlg001:1.875	δʼ	17	17	δʼ	hemi2
tlg001:1.875	οὔ	17	18	long-οὔ	hemi2	bucdiaer
tlg001:1.875	νύ	19	19	short-νύ	hemi2
tlg001:1.875	τις	20	20	short-τις	hemi2
tlg001:1.875	ἔτλη	21	24	long-ἔτ-long-λη	hemi2	diaer6
tlg001:1.876	ὄμματʼ	1	3	long-ὄμ-short-ματʼ	hemi1
tlg001:1.876	ἀνασχεθέειν,	4	10	short-ἀ-long-να-short-σχε-short-θέ-long-ειν,	hemi1
tlg001:1.876	οὐδὲ	11	14	long-οὐ-long-δὲ	hemi2	caesmasc3
tlg001:1.876	προτιμῡθήσασθαι·	15	24	short-προ-short-τι-long-μῡ-long-θή-long-σασ-long-θαι·	hemi2
tlg001:1.877	ἀλλʼ	1	2	long-ἀλλʼ	hemi1
tlg001:1.877	αὔτως	3	6	long-αὔ-long-τως	hemi1
tlg001:1.877	ἀγορῆθεν	7	11	short-ἀ-short-γο-long-ρῆ-short-θεν	hemi1
tlg001:1.877	ἐπαρτίζοντο	12	19	short-ἐπ-long-αρ-long-τί-long-ζον-short-το	hemi2	caesfem3
tlg001:1.877	νέεσθαι	20	24	short-νέ-long-εσ-long-θαι	hemi2
tlg001:1.878	σπερχόμενοι.	1	6	long-σπερ-short-χό-short-με-long-νοι.	hemi1
tlg001:1.878	ταὶ	7	8	long-ταὶ	hemi1
tlg001:1.878	δέ	9	10	long-δέ	hemi1
tlg001:1.878	σφιν	11	11	short-σφιν	hemi1
tlg001:1.878	ἐπέδραμον,	12	16	short-ἐπ-long-έ-short-δρα-short-μον,	hemi2	caesfem3
tlg001:1.878	εὖτʼ	17	18	long-εὖτʼ	hemi2	bucdiaer
tlg001:1.878	ἐδάησαν.	19	24	short-ἐ-short-δά-long-η-long-σαν.	hemi2
tlg001:1.879	ὡς	1	2	long-ὡς	hemi1
tlg001:1.879	δʼ	3	3	δʼ	hemi1
tlg001:1.879	ὅτε	3	4	short-ὅ-short-τε	hemi1
tlg001:1.879	λείρια	5	8	long-λεί-short-ρι-short-α	hemi1	diaer2
tlg001:1.879	κᾱλὰ	9	11	long-κᾱ-short-λὰ	hemi1	diaer3
tlg001:1.879	περιβρομέουσι	12	19	short-πε-long-ρι-short-βρο-short-μέ-long-ου-short-σι	hemi2	caesfem3
tlg001:1.879	μέλισσαι	20	24	short-μέ-long-λισ-long-σαι	hemi2
tlg001:1.880	πέτρης	1	4	long-πέτ-long-ρης	hemi1
tlg001:1.880	ἐκχύμεναι	5	10	long-ἐκ-short-χύ-short-με-long-ναι	hemi1	diaer2
tlg001:1.880	σιμβληίδος,	11	16	long-σιμ-long-βλη-short-ί-short-δος,	hemi2	caesmasc3
tlg001:1.880	ἀμφὶ	17	19	long-ἀμ-short-φὶ	hemi2	bucdiaer
tlg001:1.880	δὲ	20	20	short-δὲ	hemi2
tlg001:1.880	λειμὼν	21	24	long-λει-long-μὼν	hemi2	diaer6
tlg001:1.881	ἑρσήεις	1	6	long-ἑρ-long-σή-long-εις	hemi1
tlg001:1.881	γάνυται,	7	10	short-γά-short-νυ-long-ται,	hemi1
tlg001:1.881	ταὶ	11	12	long-ταὶ	hemi2	caesmasc3
tlg001:1.881	δὲ	13	14	long-δὲ	hemi2
tlg001:1.881	γλυκὺν	15	16	short-γλυ-short-κὺν	hemi2
tlg001:1.881	ἄλλοτε	17	20	long-ἄλ-short-λο-short-τε	hemi2	bucdiaer	hiatus
tlg001:1.881	ἄλλον	21	24	long-ἄλ-long-λον	hemi2	diaer6
tlg001:1.882	καρπὸν	1	3	long-καρ-short-πὸν	hemi1
tlg001:1.882	ἀμέργουσιν	4	10	short-ἀ-long-μέρ-long-γου-long-σιν	hemi1
tlg001:1.882	πεποτημέναι·	11	16	short-πε-short-πο-long-τη-short-μέ-short-ναι·	hemi2	caesmasc3
tlg001:1.882	ὧς	17	18	long-ὧς	hemi2	bucdiaer
tlg001:1.882	ἄρα	19	20	short-ἄ-short-ρα	hemi2
tlg001:1.882	ταί	21	22	long-ταί	hemi2	diaer6
tlg001:1.882	γε	23	24	long-γε	hemi2
tlg001:1.883	ἐνδυκὲς	1	4	long-ἐν-short-δυ-short-κὲς	hemi1
tlg001:1.883	ἀ̄νέρας	5	8	long-ἀ̄-short-νέ-short-ρας	hemi1	diaer2
tlg001:1.883	ἀμφὶ	9	11	long-ἀμ-short-φὶ	hemi1	diaer3
tlg001:1.883	κινῡρόμεναι	12	18	short-κι-long-νῡ-short-ρό-short-με-long-ναι	hemi2	caesfem3
tlg001:1.883	προχέοντο,	19	24	short-προ-short-χέ-long-ον-long-το,	hemi2
tlg001:1.884	χερσί	1	3	long-χερ-short-σί	hemi1
tlg001:1.884	τε	4	4	short-τε	hemi1
tlg001:1.884	καὶ	5	6	long-καὶ	hemi1	diaer2
tlg001:1.884	μῡ́θοισιν	7	11	long-μῡ́-long-θοι-short-σιν	hemi1
tlg001:1.884	ἐδεικανόωντο	12	19	short-ἐ-long-δει-short-κα-short-νό-long-ων-short-το	hemi2	caesfem3	hiatus
tlg001:1.884	ἕκαστον,	20	24	short-ἕ-long-κασ-long-τον,	hemi2
tlg001:1.885	εὐχόμεναι	1	6	long-εὐ-short-χό-short-με-long-ναι	hemi1
tlg001:1.885	μακάρεσσιν	7	11	short-μα-short-κά-long-ρεσ-short-σιν	hemi1
tlg001:1.885	ἀπήμονα	12	16	short-ἀ-long-πή-short-μο-short-να	hemi2	caesfem3
tlg001:1.885	νόστον	17	19	long-νόσ-short-τον	hemi2	bucdiaer
tlg001:1.885	ὀπάσσαι.	20	24	short-ὀ-long-πάσ-long-σαι.	hemi2
tlg001:1.886	ὧς	1	2	long-ὧς	hemi1
tlg001:1.886	δὲ	3	3	short-δὲ	hemi1
tlg001:1.886	καὶ	4	4	short-καὶ	hemi1	correption
tlg001:1.886	Ὑψιπύλη	5	10	long-Ὑ-short-ψι-short-πύ-long-λη	hemi1	hiatus
tlg001:1.886	ἠρήσατο	11	16	long-ἠ-long-ρή-short-σα-short-το	hemi2	caesmasc3
tlg001:1.886	χεῖρας	17	19	long-χεῖ-short-ρας	hemi2	bucdiaer
tlg001:1.886	ἑλοῦσα	20	24	short-ἑ-long-λοῦ-long-σα	hemi2
tlg001:1.887	Αἰσονίδεω,	1	6	long-Αἰ-short-σο-short-νί-long-δεω,	hemi1	synizesis
tlg001:1.887	τὰ	7	7	short-τὰ	hemi1
tlg001:1.887	δέ	8	8	short-δέ	hemi1	hiatus
tlg001:1.887	οἱ	9	10	long-οἱ	hemi1
tlg001:1.887	ῥέε	11	12	short-ῥέ-short-ε	hemi2	caesmasc3
tlg001:1.887	δάκρυα	13	16	long-δάκ-short-ρυ-short-α	hemi2	diaer4
tlg001:1.887	χήτει	17	19	long-χή-short-τει	hemi2	bucdiaer	correption
tlg001:1.887	ἰόντος·	20	24	short-ἰ-long-όν-long-τος·	hemi2
tlg001:1.888	‘Νίσσεο,	1	4	long-‘Νίσ-short-σε-short-ο,	hemi1
tlg001:1.888	καὶ	5	6	long-καὶ	hemi1	diaer2
tlg001:1.888	σὲ	7	7	short-σὲ	hemi1
tlg001:1.888	θεοὶ	8	10	short-θε-long-οὶ	hemi1
tlg001:1.888	σὺν	11	11	short-σὺν	hemi2	caesmasc3
tlg001:1.888	ἀπηρέσιν	12	16	short-ἀπ-long-η-short-ρέ-short-σιν	hemi2
tlg001:1.888	αὖτις	17	19	long-αὖ-short-τις	hemi2	bucdiaer
tlg001:1.888	ἑταίροις	20	24	short-ἑ-long-ταί-long-ροις	hemi2
tlg001:1.889	χρῡ́σειον	1	6	long-χρῡ́-long-σει-long-ον	hemi1
tlg001:1.889	βασιλῆι	7	11	short-βα-short-σι-long-λῆ-short-ι	hemi1
tlg001:1.889	δέρος	12	14	short-δέ-long-ρος	hemi2	caesfem3
tlg001:1.889	κομίσειαν	15	19	short-κο-short-μί-long-σει-short-αν	hemi2
tlg001:1.889	ἄγοντα	20	24	short-ἄ-long-γον-long-τα	hemi2
tlg001:1.890	αὔτως,	1	4	long-αὔ-long-τως,	hemi1
tlg001:1.890	ὡς	5	6	long-ὡς	hemi1	diaer2
tlg001:1.890	ἐθέλεις	7	10	short-ἐ-short-θέ-long-λεις	hemi1
tlg001:1.890	καί	11	12	long-καί	hemi2	caesmasc3
tlg001:1.890	τοι	13	14	long-τοι	hemi2
tlg001:1.890	φίλον.	15	16	short-φί-short-λον.	hemi2
tlg001:1.890	ἥδε	17	19	long-ἥ-short-δε	hemi2	bucdiaer
tlg001:1.890	δὲ	20	20	short-δὲ	hemi2
tlg001:1.890	νῆσος	21	24	long-νῆ-long-σος	hemi2	diaer6
tlg001:1.891	σκῆπτρά	1	3	long-σκῆπ-short-τρά	hemi1
tlg001:1.891	τε	4	4	short-τε	hemi1
tlg001:1.891	πατρὸς	5	7	long-πατ-short-ρὸς	hemi1	diaer2
tlg001:1.891	ἐμεῖο	8	11	short-ἐ-long-μεῖ-short-ο	hemi1
tlg001:1.891	παρέσσεται,	12	16	short-παρ-long-έσ-short-σε-short-ται,	hemi2	caesfem3	correption
tlg001:1.891	ἢν	17	18	long-ἢν	hemi2	bucdiaer
tlg001:1.891	καὶ	19	19	short-καὶ	hemi2	correption
tlg001:1.891	ὀπίσσω	20	24	short-ὀ-long-πίσ-long-σω	hemi2
tlg001:1.892	δή	1	2	long-δή	hemi1
tlg001:1.892	ποτε	3	4	short-πο-short-τε	hemi1
tlg001:1.892	νοστήσᾱς	5	10	long-νοσ-long-τή-long-σᾱς	hemi1	diaer2
tlg001:1.892	ἐθέλῃς	11	14	short-ἐ-short-θέ-long-λῃς	hemi2	caesmasc3
tlg001:1.892	ἄψορρον	15	19	long-ἄ-long-ψορ-short-ρον	hemi2
tlg001:1.892	ἱκέσθαι.	20	24	short-ἱ-long-κέσ-long-θαι.	hemi2
tlg001:1.893	ῥηιδίως	1	6	long-ῥη-short-ι-short-δί-long-ως	hemi1
tlg001:1.893	δʼ	7	7	δʼ	hemi1
tlg001:1.893	ἂν	7	7	short-ἂν	hemi1
tlg001:1.893	ἑοῖ	8	10	short-ἑ-long-οῖ	hemi1
tlg001:1.893	καὶ	11	11	short-καὶ	hemi2	caesmasc3	correption
tlg001:1.893	ἀπείρονα	12	16	short-ἀ-long-πεί-short-ρο-short-να	hemi2
tlg001:1.893	λᾱὸν	17	19	long-λᾱ-short-ὸν	hemi2	bucdiaer
tlg001:1.893	ἀγείραις	20	24	short-ἀ-long-γεί-long-ραις	hemi2
tlg001:1.894	ἄλλων	1	4	long-ἄλ-long-λων	hemi1
tlg001:1.894	ἐκ	5	6	long-ἐκ	hemi1	diaer2
tlg001:1.894	πολίων·	7	10	short-πο-short-λί-long-ων·	hemi1
tlg001:1.894	ἀλλʼ	11	12	long-ἀλλʼ	hemi2	caesmasc3
tlg001:1.894	οὐ	13	14	long-οὐ	hemi2
tlg001:1.894	σύγε	15	16	short-σύ-short-γε	hemi2
tlg001:1.894	τήνδε	17	19	long-τήν-short-δε	hemi2	bucdiaer
tlg001:1.894	μενοινὴν	20	24	short-με-long-νοι-long-νὴν	hemi2
tlg001:1.895	σχήσεις,	1	4	long-σχή-long-σεις,	hemi1
tlg001:1.895	οὔτʼ	5	6	long-οὔτʼ	hemi1	diaer2
tlg001:1.895	αὐτὴ	7	10	long-αὐ-long-τὴ	hemi1
tlg001:1.895	προτιόσσομαι	11	16	short-προ-short-τι-long-όσ-short-σο-short-μαι	hemi2	caesmasc3	correption
tlg001:1.895	ὧδε	17	19	long-ὧ-short-δε	hemi2	bucdiaer
tlg001:1.895	τελεῖσθαι.	20	24	short-τε-long-λεῖσ-long-θαι.	hemi2
tlg001:1.896	μνώεο	1	4	long-μνώ-short-ε-short-ο	hemi1
tlg001:1.896	μὴν	5	6	long-μὴν	hemi1	diaer2
tlg001:1.896	ἀπεών	7	10	short-ἀπ-short-ε-long-ών	hemi1
tlg001:1.896	περ	11	11	short-περ	hemi1
tlg001:1.896	ὁμῶς	12	14	short-ὁ-long-μῶς	hemi2	caesfem3
tlg001:1.896	καὶ	15	16	long-καὶ	hemi2
tlg001:1.896	νόστιμος	17	20	long-νόσ-short-τι-short-μος	hemi2
tlg001:1.896	ἤδη	21	24	long-ἤ-long-δη	hemi2	diaer6
tlg001:1.897	Ὑψιπύλης·	1	6	long-Ὑ-short-ψι-short-πύ-long-λης·	hemi1
tlg001:1.897	λίπε	7	8	short-λί-short-πε	hemi1
tlg001:1.897	δʼ	9	9	δʼ	hemi1
tlg001:1.897	ἧμιν	9	11	long-ἧ-short-μιν	hemi1	diaer3
tlg001:1.897	ἔπος,	12	14	short-ἔ-long-πος,	hemi2	caesfem3
tlg001:1.897	τό	15	15	short-τό	hemi2
tlg001:1.897	κεν	16	16	short-κεν	hemi2
tlg001:1.897	ἐξανύσαιμι	17	24	long-ἐξ-short-α-short-νύ-long-σαι-long-μι	hemi2	bucdiaer
tlg001:1.898	πρόφρων,	1	4	long-πρό-long-φρων,	hemi1
tlg001:1.898	ἢν	5	6	long-ἢν	hemi1	diaer2
tlg001:1.898	ἄρα	7	8	short-ἄ-short-ρα	hemi1
tlg001:1.898	δή	9	10	long-δή	hemi1	diaer3
tlg001:1.898	με	11	11	short-με	hemi1
tlg001:1.898	θεοὶ	12	14	short-θε-long-οὶ	hemi2	caesfem3
tlg001:1.898	δώωσι	15	19	long-δώ-long-ω-short-σι	hemi2
tlg001:1.898	τεκέσθαι.’	20	24	short-τε-long-κέσ-long-θαι.’	hemi2
tlg001:1.899	τὴν	1	2	long-τὴν	hemi1
tlg001:1.899	δʼ	3	3	δʼ	hemi1
tlg001:1.899	αὖτʼ	3	4	long-αὖτʼ	hemi1
tlg001:1.899	Αἴσονος	5	8	long-Αἴ-short-σο-short-νος	hemi1	diaer2
tlg001:1.899	υἱὸς	9	11	long-υἱ-short-ὸς	hemi1	diaer3
tlg001:1.899	ἀγαιόμενος	12	18	short-ἀ-long-γαι-short-ό-short-με-long-νος	hemi2	caesfem3
tlg001:1.899	προσέειπεν·	19	24	short-προσ-short-έ-long-ει-long-πεν·	hemi2
tlg001:1.900	‘Ὑψιπύλη,	1	6	long-‘Ὑ-short-ψι-short-πύ-long-λη,	hemi1
tlg001:1.900	τὰ	7	7	short-τὰ	hemi1
tlg001:1.900	μὲν	8	8	short-μὲν	hemi1
tlg001:1.900	οὕτω	9	11	long-οὕ-short-τω	hemi1	diaer3	correption
tlg001:1.900	ἐναίσιμα	12	16	short-ἐν-long-αί-short-σι-short-μα	hemi2	caesfem3
tlg001:1.900	πάντα	17	19	long-πάν-short-τα	hemi2	bucdiaer
tlg001:1.900	γένοιτο	20	24	short-γέ-long-νοι-long-το	hemi2
tlg001:1.901	ἐκ	1	2	long-ἐκ	hemi1
tlg001:1.901	μακάρων·	3	6	short-μα-short-κά-long-ρων·	hemi1
tlg001:1.901	τῡ́νη	7	10	long-τῡ́-long-νη	hemi1
tlg001:1.901	δʼ	11	11	δʼ	hemi1
tlg001:1.901	ἐμέθεν	11	14	short-ἐ-short-μέ-long-θεν	hemi2	caesmasc3
tlg001:1.901	πέρι	15	16	short-πέ-short-ρι	hemi2
tlg001:1.901	θῡμὸν	17	19	long-θῡ-short-μὸν	hemi2	bucdiaer
tlg001:1.901	ἀρείω	20	24	short-ἀ-long-ρεί-long-ω	hemi2
tlg001:1.902	ἴσχανʼ,	1	3	long-ἴσ-short-χανʼ,	hemi1
tlg001:1.902	ἐπεὶ	4	6	short-ἐ-long-πεὶ	hemi1
tlg001:1.902	πάτρην	7	10	long-πάτ-long-ρην	hemi1
tlg001:1.902	μοι	11	11	short-μοι	hemi1	correption
tlg001:1.902	ἅλις	12	14	short-ἅ-long-λις	hemi2	caesfem3
tlg001:1.902	Πελίᾱο	15	19	short-Πε-short-λί-long-ᾱ-short-ο	hemi2	hiatus
tlg001:1.902	ἕκητι	20	24	short-ἕ-long-κη-long-τι	hemi2
tlg001:1.903	ναιετάειν·	1	6	long-ναι-short-ε-short-τά-long-ειν·	hemi1
tlg001:1.903	μοῦνόν	7	10	long-μοῦ-long-νόν	hemi1
tlg001:1.903	με	11	11	short-με	hemi1
tlg001:1.903	θεοὶ	12	14	short-θε-long-οὶ	hemi2	caesfem3
tlg001:1.903	λῡ́σειαν	15	19	long-λῡ́-long-σει-short-αν	hemi2
tlg001:1.903	ἀέθλων.	20	24	short-ἀ-long-έθ-long-λων.	hemi2
tlg001:1.904	εἰ	1	2	long-εἰ	hemi1
tlg001:1.904	δʼ	3	3	δʼ	hemi1
tlg001:1.904	οὔ	3	4	long-οὔ	hemi1
tlg001:1.904	μοι	5	6	long-μοι	hemi1
tlg001:1.904	πέπρωται	7	11	long-πέ-long-πρω-short-ται	hemi1	correption
tlg001:1.904	ἐς	12	12	short-ἐς	hemi2	caesfem3
tlg001:1.904	Ἑλλάδα	13	16	long-Ἑλ-short-λά-short-δα	hemi2	diaer4
tlg001:1.904	γαῖαν	17	19	long-γαῖ-short-αν	hemi2	bucdiaer
tlg001:1.904	ἱκέσθαι	20	24	short-ἱ-long-κέσ-long-θαι	hemi2
tlg001:1.905	τηλοῦ	1	3	long-τη-short-λοῦ	hemi1	correption
tlg001:1.905	ἀναπλώοντι,	4	11	short-ἀ-long-να-long-πλώ-long-ον-short-τι,	hemi1
tlg001:1.905	σὺ	12	12	short-σὺ	hemi2	caesfem3
tlg001:1.905	δʼ	13	13	δʼ	hemi2
tlg001:1.905	ἄρσενα	13	16	long-ἄρ-short-σε-short-να	hemi2	diaer4
tlg001:1.905	παῖδα	17	19	long-παῖ-short-δα	hemi2	bucdiaer
tlg001:1.905	τέκηαι,	20	24	short-τέ-long-κη-long-αι,	hemi2
tlg001:1.906	πέμπε	1	3	long-πέμ-short-πε	hemi1
tlg001:1.906	μιν	4	4	short-μιν	hemi1
tlg001:1.906	ἡβήσαντα	5	11	long-ἡ-long-βή-long-σαν-short-τα	hemi1	diaer2
tlg001:1.906	Πελασγίδος	12	16	short-Πε-long-λασ-short-γί-short-δος	hemi2	caesfem3
tlg001:1.906	ἔνδον	17	19	long-ἔν-short-δον	hemi2	bucdiaer
tlg001:1.906	Ἰωλκοῦ	20	24	short-Ἰ-long-ωλ-long-κοῦ	hemi2
tlg001:1.907	πατρί	1	3	long-πατ-short-ρί	hemi1
tlg001:1.907	τʼ	4	4	τʼ	hemi1
tlg001:1.907	ἐμῷ	4	6	short-ἐ-long-μῷ	hemi1
tlg001:1.907	καὶ	7	8	long-καὶ	hemi1
tlg001:1.907	μητρὶ	9	11	long-μητ-short-ρὶ	hemi1
tlg001:1.907	δύης	12	14	short-δύ-long-ης	hemi2	caesfem3
tlg001:1.907	ἄκος,	15	16	short-ἄ-short-κος,	hemi2
tlg001:1.907	ἢν	17	18	long-ἢν	hemi2	bucdiaer
tlg001:1.907	ἄρα	19	20	short-ἄ-short-ρα	hemi2
tlg001:1.907	τούς	21	22	long-τούς	hemi2	diaer6
tlg001:1.907	γε	23	24	long-γε	hemi2
tlg001:1.908	τέτμῃ	1	3	long-τέτ-short-μῃ	hemi1	correption
tlg001:1.908	ἔτι	4	6	short-ἔ-long-τι	hemi1
tlg001:1.908	ζώοντας,	7	11	long-ζώ-long-ον-short-τας,	hemi1
tlg001:1.908	ἵνʼ	12	12	short-ἵνʼ	hemi2	caesfem3
tlg001:1.908	ἄνδιχα	13	16	long-ἄν-short-δι-short-χα	hemi2	diaer4
tlg001:1.908	τοῖο	17	19	long-τοῖ-short-ο	hemi2	bucdiaer	hiatus
tlg001:1.908	ἄνακτος	20	24	short-ἄ-long-νακ-long-τος	hemi2
tlg001:1.909	σφοῖσιν	1	4	long-σφοῖ-long-σιν	hemi1
tlg001:1.909	πορσῡ́νωνται	5	11	long-πορ-long-σῡ́-long-νων-short-ται	hemi1	diaer2	correption
tlg001:1.909	ἐφέστιοι	12	16	short-ἐφ-long-έσ-short-τι-short-οι	hemi2	caesfem3	correption
tlg001:1.909	ἐν	17	18	long-ἐν	hemi2	bucdiaer
tlg001:1.909	μεγάροισιν.’	19	24	short-με-short-γά-long-ροι-long-σιν.’	hemi2
tlg001:1.910	ἦ,	1	2	long-ἦ,	hemi1
tlg001:1.910	καὶ	3	3	short-καὶ	hemi1	correption
tlg001:1.910	ἔβαινʼ	4	6	short-ἔ-long-βαινʼ	hemi1
tlg001:1.910	ἐπὶ	7	8	short-ἐ-short-πὶ	hemi1
tlg001:1.910	νῆα	9	11	long-νῆ-short-α	hemi1	diaer3
tlg001:1.910	παροίτατος·	12	16	short-πα-long-ροί-short-τα-short-τος·	hemi2	caesfem3
tlg001:1.910	ὧς	17	18	long-ὧς	hemi2	bucdiaer
tlg001:1.910	δὲ	19	19	short-δὲ	hemi2
tlg001:1.910	καὶ	20	20	short-καὶ	hemi2	correption
tlg001:1.910	ἄλλοι	21	24	long-ἄλ-long-λοι	hemi2
tlg001:1.911	βαῖνον	1	3	long-βαῖ-short-νον	hemi1
tlg001:1.911	ἀριστῆες·	4	10	short-ἀ-long-ρισ-long-τῆ-long-ες·	hemi1
tlg001:1.911	λάζοντο	11	15	long-λά-long-ζον-short-το	hemi2	caesmasc3
tlg001:1.911	δὲ	16	16	short-δὲ	hemi2
tlg001:1.911	χερσὶν	17	19	long-χερ-short-σὶν	hemi2	bucdiaer
tlg001:1.911	ἐρετμὰ	20	24	short-ἐ-long-ρετ-long-μὰ	hemi2
tlg001:1.912	ἐνσχερὼ	1	4	long-ἐν-short-σχε-short-ρὼ	hemi1	correption
tlg001:1.912	ἑζόμενοι·	5	10	long-ἑ-short-ζό-short-με-long-νοι·	hemi1	diaer2
tlg001:1.912	πρυμνήσια	11	16	long-πρυμ-long-νή-short-σι-short-α	hemi2	caesmasc3
tlg001:1.912	δέ	17	18	long-δέ	hemi2
tlg001:1.912	σφισιν	19	20	short-σφι-short-σιν	hemi2
tlg001:1.912	Ἄργος	21	24	long-Ἄρ-long-γος	hemi2	diaer6
tlg001:1.913	λῦσεν	1	3	long-λῦ-short-σεν	hemi1
tlg001:1.913	ὑπὲκ	4	6	short-ὑπ-long-ὲκ	hemi1
tlg001:1.913	πέτρης	7	10	long-πέτ-long-ρης	hemi1
tlg001:1.913	ἁλιμῡρέος.	11	16	short-ἁ-short-λι-long-μῡ-short-ρέ-short-ος.	hemi2	caesmasc3
tlg001:1.913	ἔνθʼ	17	18	long-ἔνθʼ	hemi2	bucdiaer
tlg001:1.913	ἄρα	19	20	short-ἄ-short-ρα	hemi2
tlg001:1.913	τοί	21	22	long-τοί	hemi2
tlg001:1.913	γε	23	24	long-γε	hemi2
tlg001:1.914	κόπτον	1	3	long-κόπ-short-τον	hemi1
tlg001:1.914	ὕδωρ	4	6	short-ὕ-long-δωρ	hemi1
tlg001:1.914	δολιχῇσιν	7	11	short-δο-short-λι-long-χῇ-short-σιν	hemi1
tlg001:1.914	ἐπικρατέως	12	18	short-ἐ-long-πι-short-κρα-short-τέ-long-ως	hemi2	caesfem3
tlg001:1.914	ἐλάτῃσιν.	19	24	short-ἐ-short-λά-long-τῃ-long-σιν.	hemi2
tlg001:1.915	ἑσπέριοι	1	6	long-ἑσ-short-πέ-short-ρι-long-οι	hemi1
tlg001:1.915	δʼ	7	7	δʼ	hemi1
tlg001:1.915	Ὀρφῆος	7	11	long-Ὀρ-long-φῆ-short-ος	hemi1
tlg001:1.915	ἐφημοσύνῃσιν	12	19	short-ἐφ-long-η-short-μο-short-σύ-long-νῃ-short-σιν	hemi2	caesfem3
tlg001:1.915	ἔκελσαν	20	24	short-ἔ-long-κελ-long-σαν	hemi2
tlg001:1.916	νῆσον	1	3	long-νῆ-short-σον	hemi1
tlg001:1.916	ἐς	4	4	short-ἐς	hemi1
tlg001:1.916	Ἠλέκτρης	5	10	long-Ἠ-long-λέκ-long-τρης	hemi1	diaer2
tlg001:1.916	Ἀτλαντίδος,	11	16	long-Ἀτ-long-λαν-short-τί-short-δος,	hemi2	caesmasc3
tlg001:1.916	ὄφρα	17	19	long-ὄφ-short-ρα	hemi2	bucdiaer
tlg001:1.916	δαέντες	20	24	short-δα-long-έν-long-τες	hemi2
tlg001:1.917	ἀρρήτους	1	6	long-ἀρ-long-ρή-long-τους	hemi1
tlg001:1.917	ἀγανῇσι	7	11	short-ἀ-short-γα-long-νῇ-short-σι	hemi1
tlg001:1.917	τελεσφορίῃσι	12	19	short-τε-long-λεσ-short-φο-short-ρί-long-ῃ-short-σι	hemi2	caesfem3
tlg001:1.917	θέμιστας	20	24	short-θέ-long-μισ-long-τας	hemi2
tlg001:1.918	σωότεροι	1	6	long-σω-short-ό-short-τε-long-ροι	hemi1
tlg001:1.918	κρυόεσσαν	7	11	short-κρυ-short-ό-long-εσ-short-σαν	hemi1
tlg001:1.918	ὑπεὶρ	12	14	short-ὑ-long-πεὶρ	hemi2	caesfem3
tlg001:1.918	ἅλα	15	16	short-ἅ-short-λα	hemi2
tlg001:1.918	ναυτίλλοιντο.	17	24	long-ναυ-long-τίλ-long-λοιν-long-το.	hemi2	bucdiaer
tlg001:1.919	τῶν	1	2	long-τῶν	hemi1
tlg001:1.919	μὲν	3	3	short-μὲν	hemi1
tlg001:1.919	ἔτʼ	4	4	short-ἔτʼ	hemi1
tlg001:1.919	οὐ	5	6	long-οὐ	hemi1	diaer2
tlg001:1.919	προτέρω	7	10	short-προ-short-τέ-long-ρω	hemi1
tlg001:1.919	μῡθήσομαι·	11	16	long-μῡ-long-θή-short-σο-short-μαι·	hemi2	caesmasc3
tlg001:1.919	ἀλλὰ	17	19	long-ἀλ-short-λὰ	hemi2	bucdiaer
tlg001:1.919	καὶ	20	20	short-καὶ	hemi2	correption
tlg001:1.919	αὐτὴ	21	24	long-αὐ-long-τὴ	hemi2	diaer6
tlg001:1.920	νῆσος	1	3	long-νῆ-short-σος	hemi1
tlg001:1.920	ὁμῶς	4	6	short-ὁ-long-μῶς	hemi1
tlg001:1.920	κεχάροιτο	7	11	short-κε-short-χά-long-ροι-short-το	hemi1
tlg001:1.920	καὶ	12	12	short-καὶ	hemi2	caesfem3	correption
tlg001:1.920	οἳ	13	14	long-οἳ	hemi2
tlg001:1.920	λάχον	15	16	short-λά-short-χον	hemi2
tlg001:1.920	ὄργια	17	20	long-ὄρ-short-γι-short-α	hemi2	bucdiaer
tlg001:1.920	κεῖνα	21	24	long-κεῖ-long-να	hemi2	diaer6
tlg001:1.921	δαίμονες	1	4	long-δαί-short-μο-short-νες	hemi1
tlg001:1.921	ἐνναέται,	5	10	long-ἐν-short-να-short-έ-long-ται,	hemi1	diaer2
tlg001:1.921	τὰ	11	11	short-τὰ	hemi2	caesmasc3
tlg001:1.921	μὲν	12	12	short-μὲν	hemi2
tlg001:1.921	οὐ	13	14	long-οὐ	hemi2	diaer4
tlg001:1.921	θέμις	15	16	short-θέ-short-μις	hemi2
tlg001:1.921	ἄμμιν	17	19	long-ἄμ-short-μιν	hemi2	bucdiaer
tlg001:1.921	ἀείδειν.	20	24	short-ἀ-long-εί-long-δειν.	hemi2
tlg001:1.922	κεῖθεν	1	4	long-κεῖ-long-θεν	hemi1
tlg001:1.922	δʼ	5	5	δʼ	hemi1
tlg001:1.922	εἰρεσίῃ	5	10	long-εἰ-short-ρε-short-σί-long-ῃ	hemi1	diaer2
tlg001:1.922	Μέλανος	11	14	short-Μέ-short-λα-long-νος	hemi2	caesmasc3
tlg001:1.922	διὰ	15	16	short-δι-short-ὰ	hemi2
tlg001:1.922	βένθεα	17	20	long-βέν-short-θε-short-α	hemi2	bucdiaer
tlg001:1.922	πόντου	21	24	long-πόν-long-του	hemi2	diaer6
tlg001:1.923	ἱ̄έμενοι	1	6	long-ἱ̄-short-έ-short-με-long-νοι	hemi1
tlg001:1.923	τῇ	7	8	long-τῇ	hemi1
tlg001:1.923	μὲν	9	10	long-μὲν	hemi1
tlg001:1.923	Θρῃκῶν	11	14	long-Θρῃ-long-κῶν	hemi2	caesmasc3
tlg001:1.923	χθόνα,	15	16	short-χθό-short-να,	hemi2
tlg001:1.923	τῇ	17	18	long-τῇ	hemi2	bucdiaer
tlg001:1.923	δὲ	19	19	short-δὲ	hemi2
tlg001:1.923	περαίην	20	24	short-πε-long-ραί-long-ην	hemi2
tlg001:1.924	Ἴμβρον	1	3	long-Ἴμ-short-βρον	hemi1
tlg001:1.924	ἔχον	4	6	short-ἔ-long-χον	hemi1
tlg001:1.924	καθύπερθε·	7	11	short-καθ-short-ύ-long-περ-short-θε·	hemi1
tlg001:1.924	νέον	12	14	short-νέ-long-ον	hemi2	caesfem3
tlg001:1.924	γε	15	15	short-γε	hemi2
tlg001:1.924	μὲν	16	16	short-μὲν	hemi2
tlg001:1.924	ἠελίοιο	17	24	long-ἠ-short-ε-short-λί-long-οι-long-ο	hemi2	bucdiaer
tlg001:1.925	δῡομένου	1	6	long-δῡ-short-ο-short-μέ-long-νου	hemi1
tlg001:1.925	Χερόνησον	7	11	short-Χε-short-ρό-long-νη-short-σον	hemi1
tlg001:1.925	ἐπὶ	12	14	short-ἐ-long-πὶ	hemi2	caesfem3
tlg001:1.925	προύχουσαν	15	19	long-πρού-long-χου-short-σαν	hemi2
tlg001:1.925	ἵκοντο.	20	24	short-ἵ-long-κον-long-το.	hemi2
tlg001:1.926	ἔνθα	1	4	long-ἔν-long-θα	hemi1
tlg001:1.926	σφιν	5	6	long-σφιν	hemi1
tlg001:1.926	λαιψηρὸς	7	11	long-λαι-long-ψη-short-ρὸς	hemi1
tlg001:1.926	ἄη	12	14	short-ἄ-long-η	hemi2	caesfem3
tlg001:1.926	νότος,	15	16	short-νό-short-τος,	hemi2
tlg001:1.926	ἱστία	17	20	long-ἱσ-short-τί-short-α	hemi2	bucdiaer
tlg001:1.926	δʼ	21	21	δʼ	hemi2
tlg001:1.926	οὔρῳ	21	24	long-οὔ-long-ρῳ	hemi2	diaer6
tlg001:1.927	στησάμενοι	1	6	long-στη-short-σά-short-με-long-νοι	hemi1
tlg001:1.927	κούρης	7	10	long-κού-long-ρης	hemi1
tlg001:1.927	Ἀθαμαντίδος	11	16	short-Ἀ-short-θα-long-μαν-short-τί-short-δος	hemi2	caesmasc3
tlg001:1.927	αἰπὰ	17	19	long-αἰ-short-πὰ	hemi2	bucdiaer
tlg001:1.927	ῥέεθρα	20	24	short-ῥέ-long-εθ-long-ρα	hemi2
tlg001:1.928	εἰσέβαλον·	1	6	long-εἰσ-short-έ-short-βα-long-λον·	hemi1
tlg001:1.928	πέλαγος	7	10	short-πέ-short-λα-long-γος	hemi1
tlg001:1.928	δὲ	11	11	short-δὲ	hemi1
tlg001:1.928	τὸ	12	12	short-τὸ	hemi2	caesfem3
tlg001:1.928	μὲν	13	14	long-μὲν	hemi2
tlg001:1.928	καθύπερθε	15	19	short-καθ-short-ύ-long-περ-short-θε	hemi2
tlg001:1.928	λέλειπτο	20	24	short-λέ-long-λειπ-long-το	hemi2
tlg001:1.929	ἦρι,	1	3	long-ἦ-short-ρι,	hemi1
tlg001:1.929	τὸ	4	4	short-τὸ	hemi1
tlg001:1.929	δʼ	5	5	δʼ	hemi1
tlg001:1.929	ἐννύχιοι	5	10	long-ἐν-short-νύ-short-χι-long-οι	hemi1	diaer2
tlg001:1.929	Ῥοιτειάδος	11	16	long-Ῥοι-long-τει-short-ά-short-δος	hemi2	caesmasc3
tlg001:1.929	ἔνδοθεν	17	20	long-ἔν-short-δο-short-θεν	hemi2	bucdiaer
tlg001:1.929	ἀκτῆς	21	24	long-ἀκ-long-τῆς	hemi2	diaer6
tlg001:1.930	μέτρεον,	1	4	long-μέτ-short-ρε-short-ον,	hemi1
tlg001:1.930	Ἰ̄δαίην	5	10	long-Ἰ̄-long-δαί-long-ην	hemi1	diaer2
tlg001:1.930	ἐπὶ	11	12	short-ἐ-short-πὶ	hemi2	caesmasc3
tlg001:1.930	δεξιὰ	13	16	long-δε-short-ξι-short-ὰ	hemi2	diaer4
tlg001:1.930	γαῖαν	17	19	long-γαῖ-short-αν	hemi2	bucdiaer
tlg001:1.930	ἔχοντες.	20	24	short-ἔ-long-χον-long-τες.	hemi2
tlg001:1.931	Δαρδανίην	1	6	long-Δαρ-short-δα-short-νί-long-ην	hemi1
tlg001:1.931	δὲ	7	7	short-δὲ	hemi1
tlg001:1.931	λιπόντες	8	11	short-λι-long-πόν-short-τες	hemi1
tlg001:1.931	ἐπιπροσέβαλλον	12	19	short-ἐ-long-πι-short-προσ-short-έ-long-βαλ-short-λον	hemi2	caesfem3
tlg001:1.931	Ἀβῡ́δῳ,	20	24	short-Ἀ-long-βῡ́-long-δῳ,	hemi2
tlg001:1.932	Περκώτην	1	6	long-Περ-long-κώ-long-την	hemi1
tlg001:1.932	δʼ	7	7	δʼ	hemi1
tlg001:1.932	ἐπὶ	7	8	short-ἐ-short-πὶ	hemi1
tlg001:1.932	τῇ	9	10	long-τῇ	hemi1	diaer3
tlg001:1.932	καὶ	11	11	short-καὶ	hemi2	caesmasc3	correption
tlg001:1.932	Ἀβαρνίδος	12	16	short-Ἀ-long-βαρ-short-νί-short-δος	hemi2
tlg001:1.932	ἠμαθόεσσαν	17	24	long-ἠ-short-μα-short-θό-long-εσ-long-σαν	hemi2	bucdiaer
tlg001:1.933	ἠιόνα	1	6	long-ἠ-short-ι-short-ό-long-να	hemi1
tlg001:1.933	ζαθέην	7	10	short-ζα-short-θέ-long-ην	hemi1
tlg001:1.933	τε	11	11	short-τε	hemi1
tlg001:1.933	παρήμειβον	12	18	short-παρ-long-ή-long-μει-long-βον	hemi2	caesfem3
tlg001:1.933	Πιτύειαν.	19	24	short-Πι-short-τύ-long-ει-long-αν.	hemi2
tlg001:1.934	καὶ	1	2	long-καὶ	hemi1
tlg001:1.934	δὴ	3	4	long-δὴ	hemi1
tlg001:1.934	τοί	5	6	long-τοί	hemi1
tlg001:1.934	γʼ	7	7	γʼ	hemi1
tlg001:1.934	ἐπὶ	7	8	short-ἐ-short-πὶ	hemi1
tlg001:1.934	νυκτὶ	9	11	long-νυκ-short-τὶ	hemi1	diaer3
tlg001:1.934	διάνδιχα	12	16	short-δι-long-άν-short-δι-short-χα	hemi2	caesfem3
tlg001:1.934	νηὸς	17	19	long-νη-short-ὸς	hemi2	bucdiaer
tlg001:1.934	ἰούσης	20	24	short-ἰ-long-ού-long-σης	hemi2
tlg001:1.935	δῑ́νῃ	1	4	long-δῑ́-long-νῃ	hemi1
tlg001:1.935	πορφῡ́ροντα	5	11	long-πορ-long-φῡ́-long-ρον-short-τα	hemi1	diaer2
tlg001:1.935	διήνυσαν	12	16	short-δι-long-ή-short-νυ-short-σαν	hemi2	caesfem3
tlg001:1.935	Ἑλλήσποντον.	17	24	long-Ἑλ-long-λήσ-long-πον-long-τον.	hemi2	bucdiaer
tlg001:1.936	ἔστι	1	3	long-ἔσ-short-τι	hemi1
tlg001:1.936	δέ	4	4	short-δέ	hemi1
tlg001:1.936	τις	5	6	long-τις	hemi1
tlg001:1.936	αἰπεῖα	7	11	long-αἰ-long-πεῖ-short-α	hemi1
tlg001:1.936	Προποντίδος	12	16	short-Προ-long-πον-short-τί-short-δος	hemi2	caesfem3
tlg001:1.936	ἔνδοθι	17	20	long-ἔν-short-δο-short-θι	hemi2	bucdiaer
tlg001:1.936	νῆσος	21	24	long-νῆ-long-σος	hemi2	diaer6
tlg001:1.937	τυτθὸν	1	3	long-τυτ-short-θὸν	hemi1
tlg001:1.937	ἀπὸ	4	6	short-ἀ-long-πὸ	hemi1
tlg001:1.937	Φρυγίης	7	10	short-Φρυ-short-γί-long-ης	hemi1
tlg001:1.937	πολυληίου	11	16	short-πο-short-λυ-long-λη-short-ί-short-ου	hemi2	caesmasc3	correption
tlg001:1.937	ἠπείροιο	17	24	long-ἠ-long-πεί-long-ροι-long-ο	hemi2	bucdiaer
tlg001:1.938	εἰς	1	2	long-εἰς	hemi1
tlg001:1.938	ἅλα	3	4	short-ἅ-short-λα	hemi1
tlg001:1.938	κεκλιμένη,	5	10	long-κε-short-κλι-short-μέ-long-νη,	hemi1	diaer2	hiatus
tlg001:1.938	ὅσσον	11	14	long-ὅσ-long-σον	hemi2	caesmasc3
tlg001:1.938	τʼ	15	15	τʼ	hemi2
tlg001:1.938	ἐπιμῡ́ρεται	15	20	short-ἐ-short-πι-long-μῡ́-short-ρε-short-ται	hemi2	correption
tlg001:1.938	ἰσθμὸς	21	24	long-ἰσθ-long-μὸς	hemi2	diaer6
tlg001:1.939	χέρσῳ	1	3	long-χέρ-short-σῳ	hemi1	correption
tlg001:1.939	ἐπιπρηνὴς	4	10	short-ἐ-long-πι-long-πρη-long-νὴς	hemi1
tlg001:1.939	καταειμένος·	11	16	short-κα-short-τα-long-ει-short-μέ-short-νος·	hemi2	caesmasc3
tlg001:1.939	ἐν	17	18	long-ἐν	hemi2	bucdiaer
tlg001:1.939	δέ	19	19	short-δέ	hemi2	hiatus
tlg001:1.939	οἱ	20	20	short-οἱ	hemi2	correption
tlg001:1.939	ἀκταὶ	21	24	long-ἀκ-long-ταὶ	hemi2	diaer6
tlg001:1.940	ἀμφίδυμοι,	1	6	long-ἀμ-short-φί-short-δυ-long-μοι,	hemi1
tlg001:1.940	κεῖνται	7	10	long-κεῖν-long-ται	hemi1
tlg001:1.940	δʼ	11	11	δʼ	hemi1
tlg001:1.940	ὑπὲρ	11	12	short-ὑ-short-πὲρ	hemi2	caesmasc3
tlg001:1.940	ὕ̄δατος	13	16	long-ὕ̄-short-δα-short-τος	hemi2	diaer4
tlg001:1.940	Αἰσήποιο.	17	24	long-Αἰ-long-σή-long-ποι-long-ο.	hemi2	bucdiaer
tlg001:1.941	Ἄρκτων	1	4	long-Ἄρ-long-κτων	hemi1
tlg001:1.941	μιν	5	6	long-μιν	hemi1
tlg001:1.941	καλέουσιν	7	11	short-κα-short-λέ-long-ου-short-σιν	hemi1
tlg001:1.941	ὄρος	12	14	short-ὄ-long-ρος	hemi2	caesfem3
tlg001:1.941	περιναιετάοντες·	15	24	short-πε-short-ρι-long-ναι-short-ε-short-τά-long-ον-long-τες·	hemi2
tlg001:1.942	καὶ	1	2	long-καὶ	hemi1
tlg001:1.942	τὸ	3	3	short-τὸ	hemi1
tlg001:1.942	μὲν	4	4	short-μὲν	hemi1
tlg001:1.942	ὑβρισταί	5	10	long-ὑβ-long-ρισ-long-ταί	hemi1	diaer2
tlg001:1.942	τε	11	11	short-τε	hemi1
tlg001:1.942	καὶ	12	12	short-καὶ	hemi2	caesfem3	correption
tlg001:1.942	ἄγριοι	13	16	long-ἄγ-short-ρι-short-οι	hemi2	correption
tlg001:1.942	ἐνναίουσιν	17	24	long-ἐν-long-ναί-long-ου-long-σιν	hemi2	bucdiaer
tlg001:1.943	Γηγενέες,	1	6	long-Γη-short-γε-short-νέ-long-ες,	hemi1
tlg001:1.943	μέγα	7	8	short-μέ-short-γα	hemi1
tlg001:1.943	θαῦμα	9	11	long-θαῦ-short-μα	hemi1	diaer3
tlg001:1.943	περικτιόνεσσιν	12	19	short-πε-long-ρι-short-κτι-short-ό-long-νεσ-short-σιν	hemi2	caesfem3
tlg001:1.943	ἰδέσθαι.	20	24	short-ἰ-long-δέσ-long-θαι.	hemi2
tlg001:1.944	ἓξ	1	2	long-ἓξ	hemi1
tlg001:1.944	γὰρ	3	3	short-γὰρ	hemi1
tlg001:1.944	ἑκάστῳ	4	8	short-ἑ-long-κάσ-long-τῳ	hemi1
tlg001:1.944	χεῖρες	9	11	long-χεῖ-short-ρες	hemi1	diaer3
tlg001:1.944	ὑπέρβιοι	12	16	short-ὑ-long-πέρ-short-βι-short-οι	hemi2	caesfem3	correption
tlg001:1.944	ἠερέθονται,	17	24	long-ἠ-short-ε-short-ρέ-long-θον-long-ται,	hemi2	bucdiaer
tlg001:1.945	αἱ	1	2	long-αἱ	hemi1
tlg001:1.945	μὲν	3	3	short-μὲν	hemi1
tlg001:1.945	ἀπὸ	4	6	short-ἀ-long-πὸ	hemi1
tlg001:1.945	στιβαρῶν	7	10	short-στι-short-βα-long-ρῶν	hemi1
tlg001:1.945	ὤμων	11	14	long-ὤ-long-μων	hemi2	caesmasc3
tlg001:1.945	δύο,	15	16	short-δύ-short-ο,	hemi2
tlg001:1.945	ταὶ	17	18	long-ταὶ	hemi2	bucdiaer
tlg001:1.945	δʼ	19	19	δʼ	hemi2
tlg001:1.945	ὑπένερθεν	19	24	short-ὑπ-short-έ-long-νερ-long-θεν	hemi2
tlg001:1.946	τέσσαρες	1	4	long-τέσ-short-σα-short-ρες	hemi1
tlg001:1.946	αἰνοτάτῃσιν	5	11	long-αἰ-short-νο-short-τά-long-τῃ-short-σιν	hemi1	diaer2
tlg001:1.946	ἐπὶ	12	14	short-ἐ-long-πὶ	hemi2	caesfem3
tlg001:1.946	πλευρῇς	15	18	long-πλευ-long-ρῇς	hemi2
tlg001:1.946	ἀραρυῖαι.	19	24	short-ἀ-short-ρα-long-ρυῖ-long-αι.	hemi2
tlg001:1.947	ἰσθμὸν	1	4	long-ἰσθ-long-μὸν	hemi1
tlg001:1.947	δʼ	5	5	δʼ	hemi1
tlg001:1.947	αὖ	5	6	long-αὖ	hemi1	diaer2
tlg001:1.947	πεδίον	7	10	short-πε-short-δί-long-ον	hemi1
tlg001:1.947	τε	11	11	short-τε	hemi1
tlg001:1.947	Δολῑ́ονες	12	16	short-Δο-long-λῑ́-short-ο-short-νες	hemi2	caesfem3
tlg001:1.947	ἀμφενέμοντο	17	24	long-ἀμφ-short-ε-short-νέ-long-μον-long-το	hemi2	bucdiaer
tlg001:1.948	ἀ̄νέρες·	1	4	long-ἀ̄-short-νέ-short-ρες·	hemi1
tlg001:1.948	ἐν	5	6	long-ἐν	hemi1	diaer2
tlg001:1.948	δʼ	7	7	δʼ	hemi1
tlg001:1.948	ἥρως	7	10	long-ἥ-long-ρως	hemi1
tlg001:1.948	Αἰνήιος	11	16	long-Αἰ-long-νή-short-ι-short-ος	hemi2	caesmasc3
tlg001:1.948	υἱὸς	17	19	long-υἱ-short-ὸς	hemi2	bucdiaer
tlg001:1.948	ἄνασσεν	20	24	short-ἄ-long-νασ-long-σεν	hemi2
tlg001:1.949	Κύζικος,	1	4	long-Κύ-short-ζι-short-κος,	hemi1
tlg001:1.949	ὃν	5	6	long-ὃν	hemi1	diaer2
tlg001:1.949	κούρη	7	10	long-κού-long-ρη	hemi1
tlg001:1.949	δῑ́ου	11	14	long-δῑ́-long-ου	hemi2	caesmasc3
tlg001:1.949	τέκεν	15	16	short-τέ-short-κεν	hemi2
tlg001:1.949	Εὐσώροιο	17	24	long-Εὐ-long-σώ-long-ροι-long-ο	hemi2	bucdiaer
tlg001:1.950	Αἰνήτη.	1	6	long-Αἰ-long-νή-long-τη.	hemi1
tlg001:1.950	τοὺς	7	8	long-τοὺς	hemi1
tlg001:1.950	δʼ	9	9	δʼ	hemi1
tlg001:1.950	οὔτι	9	11	long-οὔ-short-τι	hemi1	diaer3
tlg001:1.950	καὶ	12	12	short-καὶ	hemi2	caesfem3	correption
tlg001:1.950	ἔκπαγλοί	13	18	long-ἔκ-long-παγ-long-λοί	hemi2
tlg001:1.950	περ	19	19	short-περ	hemi2
tlg001:1.950	ἐόντες	20	24	short-ἐ-long-όν-long-τες	hemi2
tlg001:1.951	Γηγενέες	1	6	long-Γη-short-γε-short-νέ-long-ες	hemi1
tlg001:1.951	σῑ́νοντο,	7	11	long-σῑ́-long-νον-short-το,	hemi1
tlg001:1.951	Ποσειδᾱ́ωνος	12	19	short-Πο-long-σει-long-δᾱ́-long-ω-short-νος	hemi2	caesfem3
tlg001:1.951	ἀρωγῇ·	20	24	short-ἀ-long-ρω-long-γῇ·	hemi2
tlg001:1.952	τοῦ	1	2	long-τοῦ	hemi1
tlg001:1.952	γὰρ	3	3	short-γὰρ	hemi1
tlg001:1.952	ἔσαν	4	6	short-ἔ-long-σαν	hemi1
tlg001:1.952	τὰ	7	8	long-τὰ	hemi1
tlg001:1.952	πρῶτα	9	11	long-πρῶ-short-τα	hemi1	diaer3
tlg001:1.952	Δολῑ́ονες	12	16	short-Δο-long-λῑ́-short-ο-short-νες	hemi2	caesfem3
tlg001:1.952	ἐκγεγαῶτες.	17	24	long-ἐκ-short-γε-short-γα-long-ῶ-long-τες.	hemi2	bucdiaer
tlg001:1.953	ἔνθʼ	1	2	long-ἔνθʼ	hemi1
tlg001:1.953	Ἀργὼ	3	6	long-Ἀρ-long-γὼ	hemi1
tlg001:1.953	προύτυψεν	7	11	long-πρού-long-τυ-short-ψεν	hemi1
tlg001:1.953	ἐπειγομένη	12	18	short-ἐ-long-πει-short-γο-short-μέ-long-νη	hemi2	caesfem3	hiatus
tlg001:1.953	ἀνέμοισιν	19	24	short-ἀ-short-νέ-long-μοι-long-σιν	hemi2
tlg001:1.954	Θρηικίοις,	1	6	long-Θρη-short-ι-short-κί-long-οις,	hemi1
tlg001:1.954	Κᾱλὸς	7	10	long-Κᾱ-long-λὸς	hemi1
tlg001:1.954	δὲ	11	11	short-δὲ	hemi1
tlg001:1.954	λιμὴν	12	14	short-λι-long-μὴν	hemi2	caesfem3
tlg001:1.954	ὑπέδεκτο	15	19	short-ὑπ-short-έ-long-δεκ-short-το	hemi2
tlg001:1.954	θέουσαν.	20	24	short-θέ-long-ου-long-σαν.	hemi2
tlg001:1.955	κεῖσε	1	3	long-κεῖ-short-σε	hemi1
tlg001:1.955	καὶ	4	4	short-καὶ	hemi1	correption
tlg001:1.955	εὐναίης	5	10	long-εὐ-long-ναί-long-ης	hemi1
tlg001:1.955	ὀλίγον	11	14	short-ὀ-short-λί-long-γον	hemi2	caesmasc3
tlg001:1.955	λίθον	15	16	short-λί-short-θον	hemi2
tlg001:1.955	ἐκλῡ́σαντες	17	24	long-ἐκ-long-λῡ́-long-σαν-long-τες	hemi2	bucdiaer
tlg001:1.956	Τῑ́φυος	1	4	long-Τῑ́-short-φυ-short-ος	hemi1
tlg001:1.956	ἐννεσίῃσιν	5	11	long-ἐν-short-νε-short-σί-long-ῃ-short-σιν	hemi1	diaer2
tlg001:1.956	ὑπὸ	12	14	short-ὑ-long-πὸ	hemi2	caesfem3
tlg001:1.956	κρήνῃ	15	18	long-κρή-long-νῃ	hemi2	hiatus
tlg001:1.956	ἐλίποντο,	19	24	short-ἐ-short-λί-long-πον-long-το,	hemi2
tlg001:1.957	κρήνῃ	1	3	long-κρή-short-νῃ	hemi1	correption
tlg001:1.957	ὑπʼ	4	4	short-ὑπʼ	hemi1
tlg001:1.957	Ἀρτακίῃ·	5	10	long-Ἀρ-short-τα-short-κί-long-ῃ·	hemi1	diaer2
tlg001:1.957	ἕτερον	11	14	short-ἕ-short-τε-long-ρον	hemi2	caesmasc3
tlg001:1.957	δʼ	15	15	δʼ	hemi2
tlg001:1.957	ἕλον,	15	16	short-ἕ-short-λον,	hemi2
tlg001:1.957	ὅστις	17	19	long-ὅσ-short-τις	hemi2	bucdiaer
tlg001:1.957	ἀρήρει,	20	24	short-ἀ-long-ρή-long-ρει,	hemi2
tlg001:1.958	βρῑθύν·	1	3	long-βρῑ-short-θύν·	hemi1
tlg001:1.958	ἀτὰρ	4	6	short-ἀ-long-τὰρ	hemi1
tlg001:1.958	κεῖνόν	7	10	long-κεῖ-long-νόν	hemi1
tlg001:1.958	γε	11	11	short-γε	hemi1
tlg001:1.958	θεοπροπίαις	12	18	short-θε-long-ο-short-προ-short-πί-long-αις	hemi2	caesfem3
tlg001:1.958	Ἑκάτοιο	19	24	short-Ἑ-short-κά-long-τοι-long-ο	hemi2
tlg001:1.959	Νηλεΐδαι	1	6	long-Νη-short-λε-short-ΐ-long-δαι	hemi1
tlg001:1.959	μετόπισθεν	7	11	short-μετ-short-ό-long-πισ-short-θεν	hemi1
tlg001:1.959	Ἰᾱ́ονες	12	16	short-Ἰ-long-ᾱ́-short-ο-short-νες	hemi2	caesfem3
tlg001:1.959	ἱδρῡ́σαντο	17	24	long-ἱδ-long-ρῡ́-long-σαν-long-το	hemi2	bucdiaer
tlg001:1.960	ἱ̄ερόν,	1	4	long-ἱ̄-short-ε-short-ρόν,	hemi1
tlg001:1.960	ἣ	5	6	long-ἣ	hemi1	diaer2
tlg001:1.960	θέμις	7	8	short-θέ-short-μις	hemi1
tlg001:1.960	ἦεν,	9	11	long-ἦ-short-εν,	hemi1	diaer3
tlg001:1.960	Ἰησονίης	12	18	short-Ἰ-long-η-short-σο-short-νί-long-ης	hemi2	caesfem3
tlg001:1.960	ἐν	19	19	short-ἐν	hemi2
tlg001:1.960	Ἀθήνης.	20	24	short-Ἀ-long-θή-long-νης.	hemi2
tlg001:1.961	τοὺς	1	2	long-τοὺς	hemi1
tlg001:1.961	δʼ	3	3	δʼ	hemi1
tlg001:1.961	ἄμυδις	3	6	short-ἄ-short-μυ-long-δις	hemi1
tlg001:1.961	φιλότητι	7	11	short-φι-short-λό-long-τη-short-τι	hemi1
tlg001:1.961	Δολῑ́ονες	12	16	short-Δο-long-λῑ́-short-ο-short-νες	hemi2	caesfem3
tlg001:1.961	ἠδὲ	17	19	long-ἠ-short-δὲ	hemi2	bucdiaer
tlg001:1.961	καὶ	20	20	short-καὶ	hemi2	correption
tlg001:1.961	αὐτὸς	21	24	long-αὐ-long-τὸς	hemi2
tlg001:1.962	Κύζικος	1	4	long-Κύ-short-ζι-short-κος	hemi1
tlg001:1.962	ἀντήσαντες	5	11	long-ἀν-long-τή-long-σαν-short-τες	hemi1	diaer2
tlg001:1.962	ὅτε	12	14	short-ὅ-long-τε	hemi2	caesfem3
tlg001:1.962	στόλον	15	16	short-στό-short-λον	hemi2
tlg001:1.962	ἠδὲ	17	19	long-ἠ-short-δὲ	hemi2	bucdiaer
tlg001:1.962	γενέθλην	20	24	short-γε-long-νέθ-long-λην	hemi2
tlg001:1.963	ἔκλυον,	1	4	long-ἔ-short-κλυ-short-ον,	hemi1
tlg001:1.963	οἵτινες	5	8	long-οἵ-short-τι-short-νες	hemi1	diaer2
tlg001:1.963	εἶεν,	9	11	long-εἶ-short-εν,	hemi1	diaer3
tlg001:1.963	ἐυξείνως	12	18	short-ἐ-long-υ-long-ξεί-long-νως	hemi2	caesfem3
tlg001:1.963	ἀρέσαντο,	19	24	short-ἀ-short-ρέ-long-σαν-long-το,	hemi2
tlg001:1.964	καί	1	2	long-καί	hemi1
tlg001:1.964	σφεας	3	4	short-σφε-short-ας	hemi1
tlg001:1.964	εἰρεσίῃ	5	10	long-εἰ-short-ρε-short-σί-long-ῃ	hemi1	diaer2
tlg001:1.964	πέπιθον	11	14	short-πέ-short-πι-long-θον	hemi2	caesmasc3
tlg001:1.964	προτέρωσε	15	19	short-προ-short-τέ-long-ρω-short-σε	hemi2
tlg001:1.964	κιόντας	20	24	short-κι-long-όν-long-τας	hemi2
tlg001:1.965	ἄστεος	1	4	long-ἄσ-short-τε-short-ος	hemi1
tlg001:1.965	ἐν	5	6	long-ἐν	hemi1	diaer2
tlg001:1.965	λιμένι	7	10	short-λι-short-μέ-long-νι	hemi1
tlg001:1.965	πρυμνήσια	11	16	long-πρυμ-long-νή-short-σι-short-α	hemi2	caesmasc3
tlg001:1.965	νηὸς	17	19	long-νη-short-ὸς	hemi2	bucdiaer
tlg001:1.965	ἀνάψαι,	20	24	short-ἀν-long-ά-long-ψαι,	hemi2
tlg001:1.966	ἔνθʼ	1	2	long-ἔνθʼ	hemi1
tlg001:1.966	οἵ	3	4	long-οἵ	hemi1
tlg001:1.966	γʼ	5	5	γʼ	hemi1
tlg001:1.966	Ἐκβασίῳ	5	10	long-Ἐκ-short-βα-short-σί-long-ῳ	hemi1	diaer2
tlg001:1.966	βωμὸν	11	14	long-βω-long-μὸν	hemi2	caesmasc3
tlg001:1.966	θέσαν	15	16	short-θέ-short-σαν	hemi2
tlg001:1.966	Ἀ̄πόλλωνι	17	24	long-Ἀ̄-long-πόλ-long-λω-long-νι	hemi2	bucdiaer
tlg001:1.967	εἱσάμενοι	1	6	long-εἱ-short-σά-short-με-long-νοι	hemi1
tlg001:1.967	παρὰ	7	8	short-πα-short-ρὰ	hemi1
tlg001:1.967	θῖνα,	9	11	long-θῖ-short-να,	hemi1	diaer3
tlg001:1.967	θυηπολίης	12	18	short-θυ-long-η-short-πο-short-λί-long-ης	hemi2	caesfem3
tlg001:1.967	τʼ	19	19	τʼ	hemi2
tlg001:1.967	ἐμέλοντο.	19	24	short-ἐ-short-μέ-long-λον-long-το.	hemi2
tlg001:1.968	δῶκεν	1	4	long-δῶ-long-κεν	hemi1
tlg001:1.968	δʼ	5	5	δʼ	hemi1
tlg001:1.968	αὐτὸς	5	7	long-αὐ-short-τὸς	hemi1	diaer2
tlg001:1.968	ἄναξ	8	10	short-ἄ-long-ναξ	hemi1
tlg001:1.968	λᾱρὸν	11	14	long-λᾱ-long-ρὸν	hemi2	caesmasc3
tlg001:1.968	μέθυ	15	16	short-μέ-short-θυ	hemi2
tlg001:1.968	δευομένοισιν	17	24	long-δευ-short-ο-short-μέ-long-νοι-long-σιν	hemi2	bucdiaer
tlg001:1.969	μῆλά	1	3	long-μῆ-short-λά	hemi1
tlg001:1.969	θ᾽ὁμοῦ·	4	6	short-θ᾽ὁ-long-μοῦ·	hemi1
tlg001:1.969	δὴ	7	8	long-δὴ	hemi1
tlg001:1.969	γάρ	9	10	long-γάρ	hemi1
tlg001:1.969	οἱ	11	11	short-οἱ	hemi1	correption
tlg001:1.969	ἔην	12	14	short-ἔ-long-ην	hemi2	caesfem3
tlg001:1.969	φάτις,	15	16	short-φά-short-τις,	hemi2
tlg001:1.969	εὖτʼ	17	18	long-εὖτʼ	hemi2	bucdiaer
tlg001:1.969	ἂν	19	19	short-ἂν	hemi2
tlg001:1.969	ἵκωνται	20	24	short-ἵ-long-κων-long-ται	hemi2
tlg001:1.970	ἀνδρῶν	1	4	long-ἀν-long-δρῶν	hemi1
tlg001:1.970	ἡρώων	5	10	long-ἡ-long-ρώ-long-ων	hemi1	diaer2
tlg001:1.970	θεῖος	11	14	long-θεῖ-long-ος	hemi2	caesmasc3
tlg001:1.970	στόλος,	15	16	short-στό-short-λος,	hemi2
tlg001:1.970	αὐτίκα	17	20	long-αὐ-short-τί-short-κα	hemi2	bucdiaer
tlg001:1.970	τόν	21	22	long-τόν	hemi2	diaer6
tlg001:1.970	γε	23	24	long-γε	hemi2
tlg001:1.971	μείλιχον	1	4	long-μεί-short-λι-short-χον	hemi1
tlg001:1.971	ἀντιάᾱν,	5	10	long-ἀν-short-τι-short-ά-long-ᾱν,	hemi1	diaer2
tlg001:1.971	μηδὲ	11	14	long-μη-long-δὲ	hemi2	caesmasc3
tlg001:1.971	πτολέμοιο	15	19	short-πτο-short-λέ-long-μοι-short-ο	hemi2
tlg001:1.971	μέλεσθαι.	20	24	short-μέ-long-λεσ-long-θαι.	hemi2
tlg001:1.972	ἶσόν	1	4	long-ἶ-long-σόν	hemi1
tlg001:1.972	που	5	6	long-που	hemi1
tlg001:1.972	κἀ̄κείνῳ	7	11	long-κἀ̄-long-κεί-short-νῳ	hemi1	correption
tlg001:1.972	ἐπισταχύεσκον	12	19	short-ἐ-long-πι-short-στα-short-χύ-long-εσ-short-κον	hemi2	caesfem3
tlg001:1.972	ἴουλοι,	20	24	short-ἴ-long-ου-long-λοι,	hemi2
tlg001:1.973	οὐδέ	1	3	long-οὐ-short-δέ	hemi1
tlg001:1.973	νύ	4	4	short-νύ	hemi1
tlg001:1.973	πω	5	6	long-πω	hemi1
tlg001:1.973	παίδεσσιν	7	11	long-παί-long-δεσ-short-σιν	hemi1
tlg001:1.973	ἀγαλλόμενος	12	18	short-ἀ-long-γαλ-short-λό-short-με-long-νος	hemi2	caesfem3
tlg001:1.973	μεμόρητο·	19	24	short-με-short-μό-long-ρη-long-το·	hemi2
tlg001:1.974	ἀλλʼ	1	2	long-ἀλλʼ	hemi1
tlg001:1.974	ἔτι	3	4	short-ἔ-short-τι	hemi1	hiatus
tlg001:1.974	οἱ	5	6	long-οἱ	hemi1
tlg001:1.974	κατὰ	7	8	short-κα-short-τὰ	hemi1
tlg001:1.974	δώματʼ	9	11	long-δώ-short-ματʼ	hemi1	diaer3
tlg001:1.974	ἀκήρατος	12	16	short-ἀ-long-κή-short-ρα-short-τος	hemi2	caesfem3
tlg001:1.974	ἦεν	17	19	long-ἦ-short-εν	hemi2	bucdiaer
tlg001:1.974	ἄκοιτις	20	24	short-ἄ-long-κοι-long-τις	hemi2
tlg001:1.975	ὠδῑ́νων,	1	6	long-ὠ-long-δῑ́-long-νων,	hemi1
tlg001:1.975	Μέροπος	7	10	short-Μέ-short-ρο-long-πος	hemi1
tlg001:1.975	Περκωσίου	11	16	long-Περ-long-κω-short-σί-short-ου	hemi2	caesmasc3	correption
tlg001:1.975	ἐκγεγαυῖα,	17	24	long-ἐκ-short-γε-short-γα-long-υῖ-long-α,	hemi2	bucdiaer
tlg001:1.976	Κλείτη	1	3	long-Κλεί-short-τη	hemi1	correption
tlg001:1.976	ἐυπλόκαμος,	4	10	short-ἐ-long-υ-short-πλό-short-κα-long-μος,	hemi1
tlg001:1.976	τὴν	11	12	long-τὴν	hemi2	caesmasc3
tlg001:1.976	μὲν	13	14	long-μὲν	hemi2
tlg001:1.976	νέον	15	16	short-νέ-short-ον	hemi2
tlg001:1.976	ἐξέτι	17	20	long-ἐξ-short-έ-short-τι	hemi2	bucdiaer
tlg001:1.976	πατρὸς	21	24	long-πατ-long-ρὸς	hemi2	diaer6
tlg001:1.977	θεσπεσίοις	1	6	long-θεσ-short-πε-short-σί-long-οις	hemi1
tlg001:1.977	ἕδνοισιν	7	11	long-ἕδ-long-νοι-short-σιν	hemi1
tlg001:1.977	ἀνήγαγεν	12	16	short-ἀν-long-ή-short-γα-short-γεν	hemi2	caesfem3
tlg001:1.977	ἀντιπέρηθεν.	17	24	long-ἀν-short-τι-short-πέ-long-ρη-long-θεν.	hemi2	bucdiaer
tlg001:1.978	ἀλλὰ	1	3	long-ἀλ-short-λὰ	hemi1
tlg001:1.978	καὶ	4	4	short-καὶ	hemi1	correption
tlg001:1.978	ὧς	5	6	long-ὧς	hemi1	diaer2
tlg001:1.978	θάλαμόν	7	10	short-θά-short-λα-long-μόν	hemi1
tlg001:1.978	τε	11	11	short-τε	hemi1
tlg001:1.978	λιπὼν	12	14	short-λι-long-πὼν	hemi2	caesfem3
tlg001:1.978	καὶ	15	16	long-καὶ	hemi2
tlg001:1.978	δέμνια	17	20	long-δέμ-short-νι-short-α	hemi2
tlg001:1.978	νύμφης	21	24	long-νύμ-long-φης	hemi2	diaer6
tlg001:1.979	τοῖς	1	2	long-τοῖς	hemi1
tlg001:1.979	μέτα	3	4	short-μέ-short-τα	hemi1
tlg001:1.979	δαῖτʼ	5	6	long-δαῖτʼ	hemi1	diaer2
tlg001:1.979	ἀλέγῡνε,	7	11	short-ἀ-short-λέ-long-γῡ-short-νε,	hemi1
tlg001:1.979	βάλεν	12	14	short-βά-long-λεν	hemi2	caesfem3
tlg001:1.979	δʼ	15	15	δʼ	hemi2
tlg001:1.979	ἀπὸ	15	16	short-ἀ-short-πὸ	hemi2
tlg001:1.979	δείματα	17	20	long-δεί-short-μα-short-τα	hemi2	bucdiaer
tlg001:1.979	θῡμοῦ.	21	24	long-θῡ-long-μοῦ.	hemi2	diaer6
tlg001:1.980	ἀλλήλους	1	6	long-ἀλ-long-λή-long-λους	hemi1
tlg001:1.980	δʼ	7	7	δʼ	hemi1
tlg001:1.980	ἐρέεινον	7	11	short-ἐ-short-ρέ-long-ει-short-νον	hemi1
tlg001:1.980	ἀμοιβαδίς·	12	16	short-ἀ-long-μοι-short-βα-short-δίς·	hemi2	caesfem3
tlg001:1.980	ἤτοι	17	19	long-ἤ-short-τοι	hemi2	bucdiaer	correption
tlg001:1.980	ὁ	20	20	short-ὁ	hemi2
tlg001:1.980	μέν	21	22	long-μέν	hemi2
tlg001:1.980	σφεων	23	24	long-σφεων	hemi2	synizesis
tlg001:1.981	πεύθετο	1	4	long-πεύ-short-θε-short-το	hemi1
tlg001:1.981	ναυτιλίης	5	10	long-ναυ-short-τι-short-λί-long-ης	hemi1	diaer2
tlg001:1.981	ἄνυσιν,	11	14	short-ἄ-short-νυ-long-σιν,	hemi2	caesmasc3
tlg001:1.981	Πελίᾱό	15	19	short-Πε-short-λί-long-ᾱ-short-ό	hemi2
tlg001:1.981	τʼ	20	20	τʼ	hemi2
tlg001:1.981	ἐφετμᾱ́ς·	20	24	short-ἐ-long-φετ-long-μᾱ́ς·	hemi2
tlg001:1.982	οἱ	1	2	long-οἱ	hemi1
tlg001:1.982	δὲ	3	3	short-δὲ	hemi1
tlg001:1.982	περικτιόνων	4	10	short-πε-long-ρι-short-κτι-short-ό-long-νων	hemi1
tlg001:1.982	πόλιας	11	14	short-πό-short-λι-long-ας	hemi2	caesmasc3
tlg001:1.982	καὶ	15	16	long-καὶ	hemi2
tlg001:1.982	κόλπον	17	19	long-κόλ-short-πον	hemi2
tlg001:1.982	ἅπαντα	20	24	short-ἅ-long-παν-long-τα	hemi2
tlg001:1.983	εὐρείης	1	6	long-εὐ-long-ρεί-long-ης	hemi1
tlg001:1.983	πεύθοντο	7	11	long-πεύ-long-θον-short-το	hemi1
tlg001:1.983	Προποντίδος·	12	16	short-Προ-long-πον-short-τί-short-δος·	hemi2	caesfem3
tlg001:1.983	οὐ	17	18	long-οὐ	hemi2	bucdiaer
tlg001:1.983	μὲν	19	19	short-μὲν	hemi2
tlg001:1.983	ἐπιπρὸ	20	24	short-ἐ-long-πι-long-πρὸ	hemi2
tlg001:1.984	ἠείδει	1	6	long-ἠ-long-εί-long-δει	hemi1
tlg001:1.984	καταλέξαι	7	11	short-κα-short-τα-long-λέ-short-ξαι	hemi1	correption
tlg001:1.984	ἐελδομένοισι	12	19	short-ἐ-long-ελ-short-δο-short-μέ-long-νοι-short-σι	hemi2	caesfem3
tlg001:1.984	δαῆναι.	20	24	short-δα-long-ῆ-long-ναι.	hemi2
tlg001:1.985	ἠοῖ	1	4	long-ἠ-long-οῖ	hemi1
tlg001:1.985	δʼ	5	5	δʼ	hemi1
tlg001:1.985	εἰσανέβαν	5	10	long-εἰσ-short-αν-short-έ-long-βαν	hemi1	diaer2
tlg001:1.985	μέγα	11	12	short-μέ-short-γα	hemi2	caesmasc3
tlg001:1.985	Δίνδυμον,	13	16	long-Δίν-short-δυ-short-μον,	hemi2	diaer4
tlg001:1.985	ὄφρα	17	19	long-ὄφ-short-ρα	hemi2	bucdiaer
tlg001:1.985	καὶ	20	20	short-καὶ	hemi2	correption
tlg001:1.985	αὐτοὶ	21	24	long-αὐ-long-τοὶ	hemi2
tlg001:1.986	θηήσαιντο	1	7	long-θη-long-ή-long-σαιν-short-το	hemi1
tlg001:1.986	πόρους	8	10	short-πό-long-ρους	hemi1
tlg001:1.986	κείνης	11	14	long-κεί-long-νης	hemi2	caesmasc3
tlg001:1.986	ἁλός·	15	16	short-ἁ-short-λός·	hemi2
tlg001:1.986	ἐκ	17	18	long-ἐκ	hemi2	bucdiaer
tlg001:1.986	δʼ	19	19	δʼ	hemi2
tlg001:1.986	ἄρα	19	20	short-ἄ-short-ρα	hemi2
tlg001:1.986	τοί	21	22	long-τοί	hemi2
tlg001:1.986	γε	23	24	long-γε	hemi2
tlg001:1.987	νῆα	1	3	long-νῆ-short-α	hemi1
tlg001:1.987	Χυτοῦ	4	6	short-Χυ-long-τοῦ	hemi1
tlg001:1.987	λιμένος	7	10	short-λι-short-μέ-long-νος	hemi1
tlg001:1.987	προτέρω	11	14	short-προ-short-τέ-long-ρω	hemi2	caesmasc3	hiatus
tlg001:1.987	ἐξήλασαν	15	20	long-ἐξ-long-ή-short-λα-short-σαν	hemi2
tlg001:1.987	ὅρμον·	21	24	long-ὅρ-long-μον·	hemi2	diaer6
tlg001:1.988	ἥδε	1	3	long-ἥ-short-δε	hemi1
tlg001:1.988	δʼ	4	4	δʼ	hemi1
tlg001:1.988	Ἰησονίη	4	10	short-Ἰ-long-η-short-σο-short-νί-long-η	hemi1
tlg001:1.988	πέφαται	11	14	short-πέ-short-φα-long-ται	hemi2	caesmasc3	hiatus
tlg001:1.988	ὁδός,	15	16	short-ὁ-short-δός,	hemi2
tlg001:1.988	ἥνπερ	17	19	long-ἥν-short-περ	hemi2	bucdiaer
tlg001:1.988	ἔβησαν.	20	24	short-ἔ-long-βη-long-σαν.	hemi2
tlg001:1.989	Γηγενέες	1	6	long-Γη-short-γε-short-νέ-long-ες	hemi1
tlg001:1.989	δʼ	7	7	δʼ	hemi1
tlg001:1.989	ἑτέρωθεν	7	11	short-ἑ-short-τέ-long-ρω-short-θεν	hemi1
tlg001:1.989	ἀπʼ	12	12	short-ἀπʼ	hemi2	caesfem3
tlg001:1.989	οὔρεος	13	16	long-οὔ-short-ρε-short-ος	hemi2	diaer4
tlg001:1.989	ἀ̄ίξαντες	17	24	long-ἀ̄-long-ί-long-ξαν-long-τες	hemi2	bucdiaer
tlg001:1.990	φράξαν	1	3	long-φρά-short-ξαν	hemi1
tlg001:1.990	ἀπειρεσίοιο	4	11	short-ἀ-long-πει-short-ρε-short-σί-long-οι-short-ο	hemi1
tlg001:1.990	Χυτοῦ	12	14	short-Χυ-long-τοῦ	hemi2	caesfem3
tlg001:1.990	στόμα	15	16	short-στό-short-μα	hemi2
tlg001:1.990	νειόθι	17	20	long-νει-short-ό-short-θι	hemi2	bucdiaer
tlg001:1.990	πέτρῃς	21	24	long-πέτ-long-ρῃς	hemi2	diaer6
tlg001:1.991	πόντιον,	1	4	long-πόν-short-τι-short-ον,	hemi1
tlg001:1.991	οἷά	5	7	long-οἷ-short-ά	hemi1	diaer2
tlg001:1.991	τε	8	8	short-τε	hemi1
tlg001:1.991	θῆρα	9	11	long-θῆ-short-ρα	hemi1	diaer3
tlg001:1.991	λοχώμενοι	12	16	short-λο-long-χώ-short-με-short-νοι	hemi2	caesfem3	correption
tlg001:1.991	ἔνδον	17	19	long-ἔν-short-δον	hemi2	bucdiaer
tlg001:1.991	ἐόντα.	20	24	short-ἐ-long-όν-long-τα.	hemi2
tlg001:1.992	ἀλλὰ	1	3	long-ἀλ-short-λὰ	hemi1
tlg001:1.992	γὰρ	4	4	short-γὰρ	hemi1
tlg001:1.992	αὖθι	5	7	long-αὖ-short-θι	hemi1	diaer2
tlg001:1.992	λέλειπτο	8	11	short-λέ-long-λειπ-short-το	hemi1
tlg001:1.992	σὺν	12	12	short-σὺν	hemi2	caesfem3
tlg001:1.992	ἀνδράσιν	13	16	long-ἀν-short-δρά-short-σιν	hemi2	diaer4
tlg001:1.992	ὁπλοτέροισιν	17	24	long-ὁπ-short-λο-short-τέ-long-ροι-long-σιν	hemi2	bucdiaer
tlg001:1.993	Ἡρακλέης,	1	6	long-Ἡ-short-ρα-short-κλέ-long-ης,	hemi1
tlg001:1.993	ὃς	7	8	long-ὃς	hemi1
tlg001:1.993	δή	9	10	long-δή	hemi1	diaer3
tlg001:1.993	σφι	11	11	short-σφι	hemi1
tlg001:1.993	παλίντονον	12	16	short-πα-long-λίν-short-το-short-νον	hemi2	caesfem3
tlg001:1.993	αἶψα	17	19	long-αἶ-short-ψα	hemi2	bucdiaer
tlg001:1.993	τανύσσᾱς	20	24	short-τα-long-νύσ-long-σᾱς	hemi2
tlg001:1.994	τόξον	1	3	long-τό-short-ξον	hemi1
tlg001:1.994	ἐπασσυτέρους	4	10	short-ἐπ-long-ασ-short-συ-short-τέ-long-ρους	hemi1
tlg001:1.994	πέλασε	11	14	short-πέ-short-λα-long-σε	hemi2	caesmasc3
tlg001:1.994	χθονί·	15	16	short-χθο-short-νί·	hemi2
tlg001:1.994	τοὶ	17	18	long-τοὶ	hemi2	bucdiaer
tlg001:1.994	δὲ	19	19	short-δὲ	hemi2
tlg001:1.994	καὶ	20	20	short-καὶ	hemi2	correption
tlg001:1.994	αὐτοὶ	21	24	long-αὐ-long-τοὶ	hemi2
tlg001:1.995	πέτρᾱς	1	4	long-πέτ-long-ρᾱς	hemi1
tlg001:1.995	ἀμφιρρῶγας	5	11	long-ἀμ-long-φιρ-long-ρῶ-short-γας	hemi1	diaer2
tlg001:1.995	ἀερτάζοντες	12	19	short-ἀ-long-ερ-long-τά-long-ζον-short-τες	hemi2	caesfem3
tlg001:1.995	ἔβαλλον.	20	24	short-ἔ-long-βαλ-long-λον.	hemi2
tlg001:1.996	δὴ	1	2	long-δὴ	hemi1
tlg001:1.996	γάρ	3	4	long-γάρ	hemi1
tlg001:1.996	που	5	6	long-που	hemi1
tlg001:1.996	κἀ̄κεῖνα	7	11	long-κἀ̄-long-κεῖ-short-να	hemi1
tlg001:1.996	θεᾱ̀	12	14	short-θε-long-ᾱ̀	hemi2	caesfem3
tlg001:1.996	τρέφεν	15	16	short-τρέ-short-φεν	hemi2
tlg001:1.996	αἰνὰ	17	19	long-αἰ-short-νὰ	hemi2	bucdiaer
tlg001:1.996	πέλωρα	20	24	short-πέ-long-λω-long-ρα	hemi2
tlg001:1.997	Ἥρη,	1	4	long-Ἥ-long-ρη,	hemi1
tlg001:1.997	Ζηνὸς	5	7	long-Ζη-short-νὸς	hemi1	diaer2
tlg001:1.997	ἄκοιτις,	8	11	short-ἄ-long-κοι-short-τις,	hemi1
tlg001:1.997	ἀέθλιον	12	16	short-ἀ-long-έθ-short-λι-short-ον	hemi2	caesfem3
tlg001:1.997	Ἡρακλῆι.	17	24	long-Ἡ-long-ρα-long-κλῆ-long-ι.	hemi2	bucdiaer
tlg001:1.998	σὺν	1	2	long-σὺν	hemi1
tlg001:1.998	δὲ	3	3	short-δὲ	hemi1
tlg001:1.998	καὶ	4	4	short-καὶ	hemi1	correption
tlg001:1.998	ὧλλοι	5	8	long-ὧλ-long-λοι	hemi1
tlg001:1.998	δῆθεν	9	11	long-δῆ-short-θεν	hemi1	diaer3
tlg001:1.998	ὑπότροποι	12	16	short-ὑ-long-πό-short-τρο-short-ποι	hemi2	caesfem3	correption
tlg001:1.998	ἀντιόωντες,	17	24	long-ἀν-short-τι-short-ό-long-ων-long-τες,	hemi2	bucdiaer
tlg001:1.999	πρίν	1	2	long-πρίν	hemi1
tlg001:1.999	περ	3	3	short-περ	hemi1
tlg001:1.999	ἀνελθέμεναι	4	10	short-ἀν-long-ελ-short-θέ-short-με-long-ναι	hemi1
tlg001:1.999	σκοπιήν,	11	14	short-σκο-short-πι-long-ήν,	hemi2	caesmasc3
tlg001:1.999	ἥπτοντο	15	19	long-ἥπ-long-τον-short-το	hemi2
tlg001:1.999	φόνοιο	20	24	short-φό-long-νοι-long-ο	hemi2
tlg001:1.1000	γηγενέων	1	6	long-γη-short-γε-short-νέ-long-ων	hemi1
tlg001:1.1000	ἥρωες	7	11	long-ἥ-long-ρω-short-ες	hemi1
tlg001:1.1000	ἀρήιοι,	12	16	short-ἀ-long-ρή-short-ι-short-οι,	hemi2	caesfem3	correption
tlg001:1.1000	ἠμὲν	17	19	long-ἠ-short-μὲν	hemi2	bucdiaer
tlg001:1.1000	ὀιστοῖς	20	24	short-ὀ-long-ισ-long-τοῖς	hemi2
tlg001:1.1001	ἠδὲ	1	3	long-ἠ-short-δὲ	hemi1
tlg001:1.1001	καὶ	4	4	short-καὶ	hemi1	correption
tlg001:1.1001	ἐγχείῃσι	5	11	long-ἐγ-long-χεί-long-ῃ-short-σι	hemi1
tlg001:1.1001	δεδεγμένοι,	12	16	short-δε-long-δεγ-short-μέ-short-νοι,	hemi2	caesfem3	correption
tlg001:1.1001	εἰσόκε	17	20	long-εἰσ-short-ό-short-κε	hemi2	bucdiaer
tlg001:1.1001	πάντας	21	24	long-πάν-long-τας	hemi2	diaer6
tlg001:1.1002	ἀντιβίην	1	6	long-ἀν-short-τι-short-βί-long-ην	hemi1
tlg001:1.1002	ἀσπερχὲς	7	11	long-ἀ-long-σπερ-short-χὲς	hemi1
tlg001:1.1002	ὀρῑνομένους	12	18	short-ὀ-long-ρῑ-short-νο-short-μέ-long-νους	hemi2	caesfem3
tlg001:1.1002	ἐδάιξαν.	19	24	short-ἐ-short-δά-long-ι-long-ξαν.	hemi2
tlg001:1.1003	ὡς	1	2	long-ὡς	hemi1
tlg001:1.1003	δʼ	3	3	δʼ	hemi1
tlg001:1.1003	ὅτε	3	4	short-ὅ-short-τε	hemi1
tlg001:1.1003	δούρατα	5	8	long-δού-short-ρα-short-τα	hemi1	diaer2
tlg001:1.1003	μακρὰ	9	11	long-μακ-short-ρὰ	hemi1	diaer3
tlg001:1.1003	νέον	12	14	short-νέ-long-ον	hemi2	caesfem3
tlg001:1.1003	πελέκεσσι	15	19	short-πε-short-λέ-long-κεσ-short-σι	hemi2
tlg001:1.1003	τυπέντα	20	24	short-τυ-long-πέν-long-τα	hemi2
tlg001:1.1004	ὑ̄λοτόμοι	1	6	long-ὑ̄-short-λο-short-τό-long-μοι	hemi1
tlg001:1.1004	στοιχηδὸν	7	11	long-στοι-long-χη-short-δὸν	hemi1
tlg001:1.1004	ἐπὶ	12	14	short-ἐ-long-πὶ	hemi2	caesfem3	preliquid
tlg001:1.1004	ῥηγμῖνι	15	19	long-ῥηγ-long-μῖ-short-νι	hemi2
tlg001:1.1004	βάλωσιν,	20	24	short-βά-long-λω-long-σιν,	hemi2
tlg001:1.1005	ὄφρα	1	3	long-ὄφ-short-ρα	hemi1
tlg001:1.1005	νοτισθέντα	4	10	short-νο-long-τισ-long-θέν-long-τα	hemi1
tlg001:1.1005	κρατεροὺς	11	14	short-κρα-short-τε-long-ροὺς	hemi2	caesmasc3
tlg001:1.1005	ἀνεχοίατο	15	20	short-ἀν-short-ε-long-χοί-short-α-short-το	hemi2
tlg001:1.1005	γόμφους·	21	24	long-γόμ-long-φους·	hemi2	diaer6
tlg001:1.1006	ὧς	1	2	long-ὧς	hemi1
tlg001:1.1006	οἱ	3	3	short-οἱ	hemi1	correption
tlg001:1.1006	ἐνὶ	4	6	short-ἐ-long-νὶ	hemi1
tlg001:1.1006	ξυνοχῇ	7	10	short-ξυ-short-νο-long-χῇ	hemi1
tlg001:1.1006	λιμένος	11	14	short-λι-short-μέ-long-νος	hemi2	caesmasc3
tlg001:1.1006	πολιοῖο	15	19	short-πο-short-λι-long-οῖ-short-ο	hemi2
tlg001:1.1006	τέταντο	20	24	short-τέ-long-ταν-long-το	hemi2
tlg001:1.1007	ἑξείης,	1	6	long-ἑ-long-ξεί-long-ης,	hemi1
tlg001:1.1007	ἄλλοι	7	10	long-ἄλ-long-λοι	hemi1
tlg001:1.1007	μὲν	11	11	short-μὲν	hemi1
tlg001:1.1007	ἐς	12	12	short-ἐς	hemi2	caesfem3
tlg001:1.1007	ἁλμυρὸν	13	16	long-ἁλ-short-μυ-short-ρὸν	hemi2	diaer4
tlg001:1.1007	ἀθρόοι	17	20	long-ἀθ-short-ρό-short-οι	hemi2	bucdiaer	correption
tlg001:1.1007	ὕ̄δωρ	21	24	long-ὕ̄-long-δωρ	hemi2	diaer6
tlg001:1.1008	δύπτοντες	1	6	long-δύπ-long-τον-long-τες	hemi1
tlg001:1.1008	κεφαλᾱ̀ς	7	10	short-κε-short-φα-long-λᾱ̀ς	hemi1
tlg001:1.1008	καὶ	11	12	long-καὶ	hemi2	caesmasc3
tlg001:1.1008	στήθεα,	13	16	long-στή-short-θε-short-α,	hemi2
tlg001:1.1008	γυῖα	17	19	long-γυῖ-short-α	hemi2	bucdiaer
tlg001:1.1008	δʼ	20	20	δʼ	hemi2
tlg001:1.1008	ὕπερθεν	20	24	short-ὕ-long-περ-long-θεν	hemi2
tlg001:1.1009	χέρσῳ	1	4	long-χέρ-long-σῳ	hemi1
tlg001:1.1009	τεινάμενοι·	5	10	long-τει-short-νά-short-με-long-νοι·	hemi1	diaer2
tlg001:1.1009	τοὶ	11	12	long-τοὶ	hemi2	caesmasc3
tlg001:1.1009	δʼ	13	13	δʼ	hemi2
tlg001:1.1009	ἔμπαλιν,	13	16	long-ἔμ-short-πα-short-λιν,	hemi2	diaer4
tlg001:1.1009	αἰγιαλοῖο	17	24	long-αἰ-short-γι-short-α-long-λοῖ-long-ο	hemi2	bucdiaer
tlg001:1.1010	κρᾱ́ατα	1	4	long-κρᾱ́-short-α-short-τα	hemi1
tlg001:1.1010	μὲν	5	6	long-μὲν	hemi1
tlg001:1.1010	ψαμάθοισι,	7	11	short-ψα-short-μά-long-θοι-short-σι,	hemi1
tlg001:1.1010	πόδας	12	14	short-πό-long-δας	hemi2	caesfem3
tlg001:1.1010	δʼ	15	15	δʼ	hemi2
tlg001:1.1010	εἰς	15	16	long-εἰς	hemi2
tlg001:1.1010	βένθος	17	19	long-βέν-short-θος	hemi2	bucdiaer
tlg001:1.1010	ἔρειδον,	20	24	short-ἔ-long-ρει-long-δον,	hemi2
tlg001:1.1011	ἄμφω	1	3	long-ἄμ-short-φω	hemi1	correption
tlg001:1.1011	ἅμʼ	4	4	short-ἅμʼ	hemi1
tlg001:1.1011	οἰωνοῖσι	5	11	long-οἰ-long-ω-long-νοῖ-short-σι	hemi1	diaer2
tlg001:1.1011	καὶ	12	12	short-καὶ	hemi2	caesfem3	correption
tlg001:1.1011	ἰχθύσι	13	16	long-ἰχ-short-θύ-short-σι	hemi2
tlg001:1.1011	κύρμα	17	19	long-κύρ-short-μα	hemi2	bucdiaer
tlg001:1.1011	γενέσθαι.	20	24	short-γε-long-νέσ-long-θαι.	hemi2
tlg001:1.1012	ἥρωες	1	6	long-ἥ-long-ρω-long-ες	hemi1
tlg001:1.1012	δʼ	7	7	δʼ	hemi1
tlg001:1.1012	,ὅτε	7	8	short-,ὅ-short-τε	hemi1
tlg001:1.1012	δή	9	10	long-δή	hemi1	diaer3
tlg001:1.1012	σφιν	11	11	short-σφιν	hemi1
tlg001:1.1012	ἀταρβὴς	12	16	short-ἀ-long-ταρ-long-βὴς	hemi2	caesfem3
tlg001:1.1012	ἔπλετʼ	17	19	long-ἔ-short-πλετʼ	hemi2	bucdiaer
tlg001:1.1012	ἄεθλος,	20	24	short-ἄ-long-εθ-long-λος,	hemi2
tlg001:1.1013	δὴ	1	2	long-δὴ	hemi1
tlg001:1.1013	τότε	3	4	short-τό-short-τε	hemi1
tlg001:1.1013	πείσματα	5	8	long-πείσ-short-μα-short-τα	hemi1	diaer2
tlg001:1.1013	νηὸς	9	11	long-νη-short-ὸς	hemi1	diaer3
tlg001:1.1013	ἐπὶ	12	14	short-ἐ-long-πὶ	hemi2	caesfem3
tlg001:1.1013	πνοιῇς	15	18	long-πνοι-long-ῇς	hemi2
tlg001:1.1013	ἀνέμοιο	19	24	short-ἀ-short-νέ-long-μοι-long-ο	hemi2
tlg001:1.1014	λῡσάμενοι	1	6	long-λῡ-short-σά-short-με-long-νοι	hemi1
tlg001:1.1014	προτέρωσε	7	11	short-προ-short-τέ-long-ρω-short-σε	hemi1
tlg001:1.1014	διὲξ	12	14	short-δι-long-ὲξ	hemi2	caesfem3
tlg001:1.1014	ἁλὸς	15	16	short-ἁ-short-λὸς	hemi2
tlg001:1.1014	οἶδμα	17	19	long-οἶδ-short-μα	hemi2	bucdiaer
tlg001:1.1014	νέοντο.	20	24	short-νέ-long-ον-long-το.	hemi2
tlg001:1.1015	ἡ	1	2	long-ἡ	hemi1
tlg001:1.1015	δʼ	3	3	δʼ	hemi1
tlg001:1.1015	ἔθεεν	3	6	short-ἔ-short-θε-long-εν	hemi1
tlg001:1.1015	λαίφεσσι	7	11	long-λαί-long-φεσ-short-σι	hemi1
tlg001:1.1015	πανήμερος·	12	16	short-παν-long-ή-short-με-short-ρος·	hemi2	caesfem3
tlg001:1.1015	οὐ	17	18	long-οὐ	hemi2	bucdiaer
tlg001:1.1015	μὲν	19	19	short-μὲν	hemi2
tlg001:1.1015	ἰούσης	20	24	short-ἰ-long-ού-long-σης	hemi2
tlg001:1.1016	νυκτὸς	1	3	long-νυκ-short-τὸς	hemi1
tlg001:1.1016	ἔτι	4	6	short-ἔ-long-τι	hemi1	preliquid
tlg001:1.1016	ῥῑπὴ	7	10	long-ῥῑ-long-πὴ	hemi1
tlg001:1.1016	μένεν	11	12	short-μέ-short-νεν	hemi2	caesmasc3
tlg001:1.1016	ἔμπεδον,	13	16	long-ἔμ-short-πε-short-δον,	hemi2	diaer4
tlg001:1.1016	ἀλλὰ	17	19	long-ἀλ-short-λὰ	hemi2	bucdiaer
tlg001:1.1016	θύελλαι	20	24	short-θύ-long-ελ-long-λαι	hemi2
tlg001:1.1017	ἀντίαι	1	4	long-ἀν-short-τί-short-αι	hemi1	correption
tlg001:1.1017	ἁρπάγδην	5	10	long-ἁρ-long-πάγ-long-δην	hemi1	diaer2
tlg001:1.1017	ὀπίσω	11	14	short-ὀ-short-πί-long-σω	hemi2	caesmasc3
tlg001:1.1017	φέρον,	15	16	short-φέ-short-ρον,	hemi2
tlg001:1.1017	ὄφρʼ	17	18	long-ὄφρʼ	hemi2	bucdiaer
tlg001:1.1017	ἐπέλασσαν	19	24	short-ἐπ-short-έ-long-λασ-long-σαν	hemi2
tlg001:1.1018	αὖτις	1	3	long-αὖ-short-τις	hemi1
tlg001:1.1018	ἐυξείνοισι	4	11	short-ἐ-long-υ-long-ξεί-long-νοι-short-σι	hemi1
tlg001:1.1018	Δολῑ́οσιν	12	16	short-Δο-long-λῑ́-short-ο-short-σιν	hemi2	caesfem3
tlg001:1.1018	ἐκ	17	18	long-ἐκ	hemi2	bucdiaer
tlg001:1.1018	δʼ	19	19	δʼ	hemi2
tlg001:1.1018	ἄρʼ	19	19	short-ἄρʼ	hemi2
tlg001:1.1018	ἔβησαν	20	24	short-ἔ-long-βη-long-σαν	hemi2
tlg001:1.1019	αὐτονυχῑ́·	1	6	long-αὐ-short-το-short-νυ-long-χῑ́·	hemi1
tlg001:1.1019	ἱερὴ	7	10	short-ἱ-short-ε-long-ρὴ	hemi1
tlg001:1.1019	δὲ	11	11	short-δὲ	hemi1
tlg001:1.1019	φατίζεται	12	16	short-φα-long-τί-short-ζε-short-ται	hemi2	caesfem3	correption
tlg001:1.1019	ἥδʼ	17	18	long-ἥδʼ	hemi2	bucdiaer
tlg001:1.1019	ἔτι	19	20	short-ἔ-short-τι	hemi2
tlg001:1.1019	πέτρη,	21	24	long-πέτ-long-ρη,	hemi2	diaer6
tlg001:1.1020	ᾗ	1	2	long-ᾗ	hemi1
tlg001:1.1020	πέρι	3	4	short-πέ-short-ρι	hemi1
tlg001:1.1020	πείσματα	5	8	long-πείσ-short-μα-short-τα	hemi1	diaer2
tlg001:1.1020	νηὸς	9	11	long-νη-short-ὸς	hemi1	diaer3
tlg001:1.1020	ἐπεσσύμενοι	12	18	short-ἐπ-long-εσ-short-σύ-short-με-long-νοι	hemi2	caesfem3	hiatus
tlg001:1.1020	ἐβάλοντο.	19	24	short-ἐ-short-βά-long-λον-long-το.	hemi2
tlg001:1.1021	οὐδέ	1	3	long-οὐ-short-δέ	hemi1
tlg001:1.1021	τις	4	4	short-τις	hemi1
tlg001:1.1021	αὐτὴν	5	8	long-αὐ-long-τὴν	hemi1	diaer2
tlg001:1.1021	νῆσον	9	11	long-νῆ-short-σον	hemi1	diaer3
tlg001:1.1021	ἐπιφραδέως	12	18	short-ἐ-long-πι-short-φρα-short-δέ-long-ως	hemi2	caesfem3
tlg001:1.1021	ἐνόησεν	19	24	short-ἐ-short-νό-long-η-long-σεν	hemi2
tlg001:1.1022	ἔμμεναι·	1	4	long-ἔμ-short-με-short-ναι·	hemi1
tlg001:1.1022	οὐδʼ	5	6	long-οὐδʼ	hemi1	diaer2
tlg001:1.1022	ὑπὸ	7	8	short-ὑ-short-πὸ	hemi1
tlg001:1.1022	νυκτὶ	9	11	long-νυκ-short-τὶ	hemi1	diaer3
tlg001:1.1022	Δολῑ́ονες	12	16	short-Δο-long-λῑ́-short-ο-short-νες	hemi2	caesfem3
tlg001:1.1022	ἂψ	17	18	long-ἂψ	hemi2	bucdiaer
tlg001:1.1022	ἀνιόντας	19	24	short-ἀν-short-ι-long-όν-long-τας	hemi2
tlg001:1.1023	ἥρωας	1	6	long-ἥ-long-ρω-long-ας	hemi1
tlg001:1.1023	νημερτὲς	7	11	long-νη-long-μερ-short-τὲς	hemi1
tlg001:1.1023	ἐπήισαν·	12	16	short-ἐπ-long-ή-short-ι-short-σαν·	hemi2	caesfem3
tlg001:1.1023	ἀλλά	17	19	long-ἀλ-short-λά	hemi2	bucdiaer
tlg001:1.1023	που	20	20	short-που	hemi2	correption
tlg001:1.1023	ἀνδρῶν	21	24	long-ἀν-long-δρῶν	hemi2	diaer6
tlg001:1.1024	Μακριέων	1	6	long-Μακ-short-ρι-short-έ-long-ων	hemi1
tlg001:1.1024	εἴσαντο	7	11	long-εἴ-long-σαν-short-το	hemi1
tlg001:1.1024	Πελασγικὸν	12	16	short-Πε-long-λασ-short-γι-short-κὸν	hemi2	caesfem3
tlg001:1.1024	ἄ̄ρεα	17	20	long-ἄ̄-short-ρε-short-α	hemi2	bucdiaer
tlg001:1.1024	κέλσαι.	21	24	long-κέλ-long-σαι.	hemi2	diaer6
tlg001:1.1025	τῶ	1	2	long-τῶ	hemi1
tlg001:1.1025	καὶ	3	4	long-καὶ	hemi1
tlg001:1.1025	τεύχεα	5	8	long-τεύ-short-χε-short-α	hemi1
tlg001:1.1025	δύντες	9	11	long-δύν-short-τες	hemi1	diaer3
tlg001:1.1025	ἐπὶ	12	14	short-ἐ-long-πὶ	hemi2	caesfem3
tlg001:1.1025	σφίσι	15	16	short-σφί-short-σι	hemi2
tlg001:1.1025	χεῖρας	17	19	long-χεῖ-short-ρας	hemi2	bucdiaer
tlg001:1.1025	ἄειραν.	20	24	short-ἄ-long-ει-long-ραν.	hemi2
tlg001:1.1026	σὺν	1	2	long-σὺν	hemi1
tlg001:1.1026	δʼ	3	3	δʼ	hemi1
tlg001:1.1026	ἔλασαν	3	6	short-ἔ-short-λα-long-σαν	hemi1
tlg001:1.1026	μελίᾱς	7	10	short-με-short-λί-long-ᾱς	hemi1
tlg001:1.1026	τε	11	11	short-τε	hemi1
tlg001:1.1026	καὶ	12	12	short-καὶ	hemi2	caesfem3	correption
tlg001:1.1026	ἀσπίδας	13	16	long-ἀσ-short-πί-short-δας	hemi2
tlg001:1.1026	ἀλλήλοισιν	17	24	long-ἀλ-long-λή-long-λοι-long-σιν	hemi2	bucdiaer
tlg001:1.1027	ὀξείῃ	1	6	long-ὀ-long-ξεί-long-ῃ	hemi1	hiatus
tlg001:1.1027	ἴκελοι	7	10	short-ἴ-short-κε-long-λοι	hemi1
tlg001:1.1027	ῥῑπῇ	11	14	long-ῥῑ-long-πῇ	hemi2	caesmasc3
tlg001:1.1027	πυρός,	15	16	short-πυ-short-ρός,	hemi2
tlg001:1.1027	ἥ	17	18	long-ἥ	hemi2	bucdiaer
tlg001:1.1027	τʼ	19	19	τʼ	hemi2
tlg001:1.1027	ἐνὶ	19	20	short-ἐ-short-νὶ	hemi2
tlg001:1.1027	θάμνοις	21	24	long-θάμ-long-νοις	hemi2	diaer6
tlg001:1.1028	αὐαλέοισι	1	7	long-αὐ-short-α-short-λέ-long-οι-short-σι	hemi1
tlg001:1.1028	πεσοῦσα	8	11	short-πε-long-σοῦ-short-σα	hemi1
tlg001:1.1028	κορύσσεται·	12	16	short-κο-long-ρύσ-short-σε-short-ται·	hemi2	caesfem3
tlg001:1.1028	ἐν	17	18	long-ἐν	hemi2	bucdiaer
tlg001:1.1028	δὲ	19	19	short-δὲ	hemi2
tlg001:1.1028	κυδοιμὸς	20	24	short-κυ-long-δοι-long-μὸς	hemi2
tlg001:1.1029	δεινός	1	4	long-δει-long-νός	hemi1
tlg001:1.1029	τε	5	6	long-τε	hemi1
tlg001:1.1029	ζαμενής	7	10	short-ζα-short-με-long-νής	hemi1
tlg001:1.1029	τε	11	11	short-τε	hemi1
tlg001:1.1029	Δολῑονίῳ	12	18	short-Δο-long-λῑ-short-ο-short-νί-long-ῳ	hemi2	caesfem3
tlg001:1.1029	πέσε	19	20	short-πέ-short-σε	hemi2
tlg001:1.1029	δήμῳ.	21	24	long-δή-long-μῳ.	hemi2	diaer6
tlg001:1.1030	οὐδʼ	1	2	long-οὐδʼ	hemi1
tlg001:1.1030	ὅγε	3	4	short-ὅ-short-γε	hemi1
tlg001:1.1030	δηιοτῆτος	5	11	long-δη-short-ι-short-ο-long-τῆ-short-τος	hemi1	diaer2
tlg001:1.1030	ὑπὲρ	12	14	short-ὑ-long-πὲρ	hemi2	caesfem3
tlg001:1.1030	μόρον	15	16	short-μό-short-ρον	hemi2
tlg001:1.1030	αὖτις	17	19	long-αὖ-short-τις	hemi2	bucdiaer
tlg001:1.1030	ἔμελλεν	20	24	short-ἔ-long-μελ-long-λεν	hemi2
tlg001:1.1031	οἴκαδε	1	4	long-οἴ-short-κα-short-δε	hemi1
tlg001:1.1031	νυμφιδίους	5	10	long-νυμ-short-φι-short-δί-long-ους	hemi1	diaer2
tlg001:1.1031	θαλάμους	11	14	short-θα-short-λά-long-μους	hemi2	caesmasc3
tlg001:1.1031	καὶ	15	16	long-καὶ	hemi2
tlg001:1.1031	λέκτρον	17	19	long-λέκ-short-τρον	hemi2
tlg001:1.1031	ἱκέσθαι.	20	24	short-ἱ-long-κέσ-long-θαι.	hemi2
tlg001:1.1032	ἀλλά	1	3	long-ἀλ-short-λά	hemi1
tlg001:1.1032	μιν	4	4	short-μιν	hemi1
tlg001:1.1032	Αἰσονίδης	5	10	long-Αἰ-short-σο-short-νί-long-δης	hemi1	diaer2
tlg001:1.1032	τετραμμένον	11	16	long-τε-long-τραμ-short-μέ-short-νον	hemi2	caesmasc3
tlg001:1.1032	ἰ̄θὺς	17	19	long-ἰ̄-short-θὺς	hemi2	bucdiaer
tlg001:1.1032	ἑοῖο	20	24	short-ἑ-long-οῖ-long-ο	hemi2
tlg001:1.1033	πλῆξεν	1	3	long-πλῆ-short-ξεν	hemi1
tlg001:1.1033	ἐπᾱΐξᾱς	4	10	short-ἐπ-long-ᾱ-long-ΐ-long-ξᾱς	hemi1
tlg001:1.1033	στῆθος	11	14	long-στῆ-long-θος	hemi2	caesmasc3
tlg001:1.1033	μέσον,	15	16	short-μέ-short-σον,	hemi2
tlg001:1.1033	ἀμφὶ	17	19	long-ἀμ-short-φὶ	hemi2	bucdiaer
tlg001:1.1033	δὲ	20	20	short-δὲ	hemi2
tlg001:1.1033	δουρὶ	21	24	long-δου-long-ρὶ	hemi2	diaer6
tlg001:1.1034	ὀστέον	1	4	long-ὀσ-short-τέ-short-ον	hemi1
tlg001:1.1034	ἐρραίσθη·	5	10	long-ἐρ-long-ραίσ-long-θη·	hemi1	diaer2
tlg001:1.1034	ὁ	11	11	short-ὁ	hemi2	caesmasc3
tlg001:1.1034	δʼ	12	12	δʼ	hemi2
tlg001:1.1034	ἐνὶ	12	14	short-ἐ-long-νὶ	hemi2
tlg001:1.1034	ψαμάθοισιν	15	19	short-ψα-short-μά-long-θοι-short-σιν	hemi2
tlg001:1.1034	ἐλυσθεὶς	20	24	short-ἐ-long-λυσ-long-θεὶς	hemi2
tlg001:1.1035	μοῖραν	1	3	long-μοῖ-short-ραν	hemi1
tlg001:1.1035	ἀνέπλησεν.	4	10	short-ἀν-long-έ-long-πλη-long-σεν.	hemi1
tlg001:1.1035	τὴν	11	12	long-τὴν	hemi2	caesmasc3
tlg001:1.1035	γὰρ	13	14	long-γὰρ	hemi2
tlg001:1.1035	θέμις	15	16	short-θέ-short-μις	hemi2
tlg001:1.1035	οὔποτʼ	17	19	long-οὔ-short-ποτʼ	hemi2	bucdiaer
tlg001:1.1035	ἀλύξαι	20	24	short-ἀ-long-λύ-long-ξαι	hemi2
tlg001:1.1036	θνητοῖσιν·	1	6	long-θνη-long-τοῖ-long-σιν·	hemi1
tlg001:1.1036	πάντῃ	7	10	long-πάν-long-τῃ	hemi1
tlg001:1.1036	δὲ	11	11	short-δὲ	hemi1
tlg001:1.1036	περὶ	12	14	short-πε-long-ρὶ	hemi2	caesfem3	preliquid
tlg001:1.1036	μέγα	15	16	short-μέ-short-γα	hemi2
tlg001:1.1036	πέπταται	17	20	long-πέπ-short-τα-short-ται	hemi2	bucdiaer	correption
tlg001:1.1036	ἕρκος.	21	24	long-ἕρ-long-κος.	hemi2	diaer6
tlg001:1.1037	ὧς	1	2	long-ὧς	hemi1
tlg001:1.1037	τὸν	3	3	short-τὸν	hemi1
tlg001:1.1037	ὀῑόμενόν	4	10	short-ὀ-long-ῑ-short-ό-short-με-long-νόν	hemi1
tlg001:1.1037	που	11	11	short-που	hemi1	correption
tlg001:1.1037	ἀδευκέος	12	16	short-ἀ-long-δευ-short-κέ-short-ος	hemi2	caesfem3
tlg001:1.1037	ἔκτοθεν	17	20	long-ἔκ-short-το-short-θεν	hemi2	bucdiaer
tlg001:1.1037	ἄ̄της	21	24	long-ἄ̄-long-της	hemi2	diaer6
tlg001:1.1038	εἶναι	1	3	long-εἶ-short-ναι	hemi1	correption
tlg001:1.1038	ἀριστήων	4	10	short-ἀ-long-ρισ-long-τή-long-ων	hemi1
tlg001:1.1038	αὐτῇ	11	14	long-αὐ-long-τῇ	hemi2	caesmasc3	hiatus
tlg001:1.1038	ὑπὸ	15	16	short-ὑ-short-πὸ	hemi2
tlg001:1.1038	νυκτὶ	17	19	long-νυκ-short-τὶ	hemi2	bucdiaer
tlg001:1.1038	πέδησεν	20	24	short-πέ-long-δη-long-σεν	hemi2
tlg001:1.1039	μαρνάμενον	1	6	long-μαρ-short-νά-short-με-long-νον	hemi1
tlg001:1.1039	κείνοισι·	7	11	long-κεί-long-νοι-short-σι·	hemi1
tlg001:1.1039	πολεῖς	12	14	short-πο-long-λεῖς	hemi2	caesfem3
tlg001:1.1039	δʼ	15	15	δʼ	hemi2
tlg001:1.1039	ἐπαρηγόνες	15	20	short-ἐπ-short-αρ-long-η-short-γό-short-νες	hemi2
tlg001:1.1039	ἄλλοι	21	24	long-ἄλ-long-λοι	hemi2	diaer6
tlg001:1.1040	ἔκταθεν·	1	4	long-ἔ-short-κτα-short-θεν·	hemi1
tlg001:1.1040	Ἡρακλέης	5	10	long-Ἡ-short-ρα-short-κλέ-long-ης	hemi1	diaer2
tlg001:1.1040	μὲν	11	11	short-μὲν	hemi1
tlg001:1.1040	ἐνήρατο	12	16	short-ἐν-long-ή-short-ρα-short-το	hemi2	caesfem3
tlg001:1.1040	Τηλεκλῆα	17	24	long-Τη-long-λε-long-κλῆ-long-α	hemi2	bucdiaer
tlg001:1.1041	ἠδὲ	1	3	long-ἠ-short-δὲ	hemi1
tlg001:1.1041	Μεγαβρόντην·	4	10	short-Με-long-γα-long-βρόν-long-την·	hemi1
tlg001:1.1041	Σφόδριν	11	14	long-Σφόδ-long-ριν	hemi2	caesmasc3
tlg001:1.1041	δʼ	15	15	δʼ	hemi2
tlg001:1.1041	ἐνάριξεν	15	19	short-ἐ-short-νά-long-ρι-short-ξεν	hemi2
tlg001:1.1041	Ἄκαστος·	20	24	short-Ἄ-long-κασ-long-τος·	hemi2
tlg001:1.1042	Πηλεὺς	1	4	long-Πη-long-λεὺς	hemi1
tlg001:1.1042	δὲ	5	6	long-δὲ	hemi1
tlg001:1.1042	Ζέλυν	7	8	short-Ζέ-short-λυν	hemi1
tlg001:1.1042	εἷλεν	9	11	long-εἷ-short-λεν	hemi1	diaer3
tlg001:1.1042	ἀρηίθοόν	12	18	short-ἀ-long-ρη-short-ί-short-θο-long-όν	hemi2	caesfem3
tlg001:1.1042	τε	19	19	short-τε	hemi2
tlg001:1.1042	Γέφῡρον.	20	24	short-Γέ-long-φῡ-long-ρον.	hemi2
tlg001:1.1043	αὐτὰρ	1	3	long-αὐ-short-τὰρ	hemi1
tlg001:1.1043	ἐυμμελίης	4	10	short-ἐ-long-υμ-short-με-short-λί-long-ης	hemi1
tlg001:1.1043	Τελαμὼν	11	14	short-Τε-short-λα-long-μὼν	hemi2	caesmasc3
tlg001:1.1043	Βασιλῆα	15	19	short-Βα-short-σι-long-λῆ-short-α	hemi2
tlg001:1.1043	κατέκτᾱ.	20	24	short-κατ-long-έ-long-κτᾱ.	hemi2
tlg001:1.1044	Ἴ̄δᾱς	1	4	long-Ἴ̄-long-δᾱς	hemi1
tlg001:1.1044	δʼ	5	5	δʼ	hemi1
tlg001:1.1044	αὖ	5	6	long-αὖ	hemi1	diaer2
tlg001:1.1044	Προμέα,	7	10	short-Προ-short-μέ-long-α,	hemi1
tlg001:1.1044	Κλυτίος	11	14	short-Κλυ-short-τί-long-ος	hemi2	caesmasc3
tlg001:1.1044	δʼ	15	15	δʼ	hemi2
tlg001:1.1044	Ὑάκινθον	15	19	short-Ὑ-short-ά-long-κιν-short-θον	hemi2
tlg001:1.1044	ἔπεφνεν,	20	24	short-ἔ-long-πεφ-long-νεν,	hemi2
tlg001:1.1045	Τυνδαρίδαι	1	6	long-Τυν-short-δα-short-ρί-long-δαι	hemi1
tlg001:1.1045	δʼ	7	7	δʼ	hemi1
tlg001:1.1045	ἄμφω	7	10	long-ἄμ-long-φω	hemi1
tlg001:1.1045	Μεγαλοσσάκεα	11	18	short-Με-short-γα-long-λοσ-short-σά-short-κε-long-α	hemi2	caesmasc3
tlg001:1.1045	Φλογίον	19	22	short-Φλο-short-γί-long-ον	hemi2
tlg001:1.1045	τε.	23	24	long-τε.	hemi2
tlg001:1.1046	Οἰνεΐδης	1	6	long-Οἰ-short-νε-short-ΐ-long-δης	hemi1
tlg001:1.1046	δʼ	7	7	δʼ	hemi1
tlg001:1.1046	ἐπὶ	7	8	short-ἐ-short-πὶ	hemi1
tlg001:1.1046	τοῖσιν	9	11	long-τοῖ-short-σιν	hemi1	diaer3
tlg001:1.1046	ἕλεν	12	14	short-ἕ-long-λεν	hemi2	caesfem3
tlg001:1.1046	θρασὺν	15	16	short-θρα-short-σὺν	hemi2
tlg001:1.1046	Ἰ̄τυμονῆα	17	24	long-Ἰ̄-short-τυ-short-μο-long-νῆ-long-α	hemi2	bucdiaer
tlg001:1.1047	ἠδὲ	1	3	long-ἠ-short-δὲ	hemi1
tlg001:1.1047	καὶ	4	4	short-καὶ	hemi1	correption
tlg001:1.1047	Ἀρτακέα,	5	10	long-Ἀρ-short-τα-short-κέ-long-α,	hemi1
tlg001:1.1047	πρόμον	11	12	short-πρό-short-μον	hemi2	caesmasc3
tlg001:1.1047	ἀνδρῶν·	13	16	long-ἀν-long-δρῶν·	hemi2	diaer4
tlg001:1.1047	οὓς	17	18	long-οὓς	hemi2	bucdiaer
tlg001:1.1047	ἔτι	19	20	short-ἔ-short-τι	hemi2
tlg001:1.1047	πάντας	21	24	long-πάν-long-τας	hemi2	diaer6
tlg001:1.1048	ἐνναέται	1	6	long-ἐν-short-να-short-έ-long-ται	hemi1
tlg001:1.1048	τῑμαῖς	7	10	long-τῑ-long-μαῖς	hemi1
tlg001:1.1048	ἡρωίσι	11	16	long-ἡ-long-ρω-short-ί-short-σι	hemi2	caesmasc3
tlg001:1.1048	κῡδαίνουσιν.	17	24	long-κῡ-long-δαί-long-νου-long-σιν.	hemi2	bucdiaer
tlg001:1.1049	οἱ	1	2	long-οἱ	hemi1
tlg001:1.1049	δʼ	3	3	δʼ	hemi1
tlg001:1.1049	ἄλλοι	3	6	long-ἄλ-long-λοι	hemi1	hiatus
tlg001:1.1049	εἴξαντες	7	11	long-εἴ-long-ξαν-short-τες	hemi1
tlg001:1.1049	ὑπέτρεσαν,	12	16	short-ὑπ-long-έ-short-τρε-short-σαν,	hemi2	caesfem3
tlg001:1.1049	ἠύτε	17	20	long-ἠ-short-ύ-short-τε	hemi2	bucdiaer
tlg001:1.1049	κίρκους	21	24	long-κίρ-long-κους	hemi2	diaer6
tlg001:1.1050	ὠκυπέτας	1	6	long-ὠ-short-κυ-short-πέ-long-τας	hemi1
tlg001:1.1050	ἀγεληδὸν	7	11	short-ἀ-short-γε-long-λη-short-δὸν	hemi1
tlg001:1.1050	ὑποτρέσσωσι	12	19	short-ὑ-long-πο-long-τρέσ-long-σω-short-σι	hemi2	caesfem3
tlg001:1.1050	πέλειαι.	20	24	short-πέ-long-λει-long-αι.	hemi2
tlg001:1.1051	ἐς	1	2	long-ἐς	hemi1
tlg001:1.1051	δὲ	3	3	short-δὲ	hemi1
tlg001:1.1051	πύλᾱς	4	6	short-πύ-long-λᾱς	hemi1
tlg001:1.1051	ὁμάδῳ	7	10	short-ὁ-short-μά-long-δῳ	hemi1
tlg001:1.1051	πέσον	11	12	short-πέ-short-σον	hemi2	caesmasc3
tlg001:1.1051	ἀθρόοι·	13	16	long-ἀθ-short-ρό-short-οι·	hemi2	diaer4
tlg001:1.1051	αἶψα	17	19	long-αἶ-short-ψα	hemi2	bucdiaer
tlg001:1.1051	δʼ	20	20	δʼ	hemi2
tlg001:1.1051	ἀῡτῆς	20	24	short-ἀ-long-ῡ-long-τῆς	hemi2
tlg001:1.1052	πλῆτο	1	3	long-πλῆ-short-το	hemi1
tlg001:1.1052	πόλις	4	6	short-πό-long-λις	hemi1
tlg001:1.1052	στονόεντος	7	11	short-στο-short-νό-long-εν-short-τος	hemi1
tlg001:1.1052	ὑποτροπίῃ	12	18	short-ὑ-long-πο-short-τρο-short-πί-long-ῃ	hemi2	caesfem3
tlg001:1.1052	πολέμοιο.	19	24	short-πο-short-λέ-long-μοι-long-ο.	hemi2
tlg001:1.1053	ἠῶθεν	1	6	long-ἠ-long-ῶ-long-θεν	hemi1
tlg001:1.1053	δʼ	7	7	δʼ	hemi1
tlg001:1.1053	ὀλοὴν	7	10	short-ὀ-short-λο-long-ὴν	hemi1
tlg001:1.1053	καὶ	11	11	short-καὶ	hemi2	caesmasc3	correption
tlg001:1.1053	ἀμήχανον	12	16	short-ἀ-long-μή-short-χα-short-νον	hemi2
tlg001:1.1053	εἰσενόησαν	17	24	long-εἰσ-short-ε-short-νό-long-η-long-σαν	hemi2	bucdiaer
tlg001:1.1054	ἀμπλακίην	1	6	long-ἀμ-short-πλα-short-κί-long-ην	hemi1
tlg001:1.1054	ἄμφω·	7	10	long-ἄμ-long-φω·	hemi1
tlg001:1.1054	στυγερὸν	11	14	short-στυ-short-γε-long-ρὸν	hemi2	caesmasc3
tlg001:1.1054	δʼ	15	15	δʼ	hemi2
tlg001:1.1054	ἄχος	15	16	short-ἄ-short-χος	hemi2
tlg001:1.1054	εἷλεν	17	19	long-εἷ-short-λεν	hemi2	bucdiaer
tlg001:1.1054	ἰδόντας	20	24	short-ἰ-long-δόν-long-τας	hemi2
tlg001:1.1055	ἥρωας	1	6	long-ἥ-long-ρω-long-ας	hemi1
tlg001:1.1055	Μινύᾱς	7	10	short-Μι-short-νύ-long-ᾱς	hemi1
tlg001:1.1055	Αἰνήιον	11	16	long-Αἰ-long-νή-short-ι-short-ον	hemi2	caesmasc3
tlg001:1.1055	υἷα	17	19	long-υἷ-short-α	hemi2	bucdiaer
tlg001:1.1055	πάροιθεν	20	24	short-πά-long-ροι-long-θεν	hemi2
tlg001:1.1056	Κύζικον	1	4	long-Κύ-short-ζι-short-κον	hemi1
tlg001:1.1056	ἐν	5	6	long-ἐν	hemi1	diaer2
tlg001:1.1056	κονίῃσι	7	11	short-κο-short-νί-long-ῃ-short-σι	hemi1
tlg001:1.1056	καὶ	12	12	short-καὶ	hemi2	caesfem3	correption
tlg001:1.1056	αἵματι	13	16	long-αἵ-short-μα-short-τι	hemi2
tlg001:1.1056	πεπτηῶτα.	17	24	long-πεπ-long-τη-long-ῶ-long-τα.	hemi2	bucdiaer
tlg001:1.1057	ἤματα	1	4	long-ἤ-short-μα-short-τα	hemi1
tlg001:1.1057	δὲ	5	6	long-δὲ	hemi1
tlg001:1.1057	τρία	7	8	short-τρί-short-α	hemi1
tlg001:1.1057	πάντα	9	11	long-πάν-short-τα	hemi1	diaer3
tlg001:1.1057	γόων,	12	14	short-γό-long-ων,	hemi2	caesfem3
tlg001:1.1057	τίλλοντό	15	19	long-τίλ-long-λον-short-τό	hemi2
tlg001:1.1057	τε	20	20	short-τε	hemi2
tlg001:1.1057	χαίτᾱς	21	24	long-χαί-long-τᾱς	hemi2	diaer6
tlg001:1.1058	αὐτοὶ	1	3	long-αὐ-short-τοὶ	hemi1	correption
tlg001:1.1058	ὁμῶς	4	6	short-ὁ-long-μῶς	hemi1
tlg001:1.1058	λᾱοί	7	10	long-λᾱ-long-οί	hemi1
tlg001:1.1058	τε	11	11	short-τε	hemi1
tlg001:1.1058	Δολῑ́ονες.	12	16	short-Δο-long-λῑ́-short-ο-short-νες.	hemi2	caesfem3
tlg001:1.1058	αὐτὰρ	17	19	long-αὐ-short-τὰρ	hemi2	bucdiaer
tlg001:1.1058	ἔπειτα	20	24	short-ἔ-long-πει-long-τα	hemi2
tlg001:1.1059	τρὶς	1	2	long-τρὶς	hemi1
tlg001:1.1059	περὶ	3	4	short-πε-short-ρὶ	hemi1
tlg001:1.1059	χαλκείοις	5	10	long-χαλ-long-κεί-long-οις	hemi1	diaer2
tlg001:1.1059	σὺν	11	12	long-σὺν	hemi2	caesmasc3
tlg001:1.1059	τεύχεσι	13	16	long-τεύ-short-χε-short-σι	hemi2	diaer4
tlg001:1.1059	δῑνηθέντες	17	24	long-δῑ-long-νη-long-θέν-long-τες	hemi2	bucdiaer
tlg001:1.1060	τύμβῳ	1	3	long-τύμ-short-βῳ	hemi1	correption
tlg001:1.1060	ἐνεκτερέιξαν,	4	11	short-ἐν-long-ε-short-κτε-short-ρέ-long-ι-short-ξαν,	hemi1
tlg001:1.1060	ἐπειρήσαντό	12	19	short-ἐ-long-πει-long-ρή-long-σαν-short-τό	hemi2	caesfem3
tlg001:1.1060	τʼ	20	20	τʼ	hemi2
tlg001:1.1060	ἀέθλων,	20	24	short-ἀ-long-έθ-long-λων,	hemi2
tlg001:1.1061	ἣ	1	2	long-ἣ	hemi1
tlg001:1.1061	θέμις,	3	4	short-θέ-short-μις,	hemi1
tlg001:1.1061	ἂμ	5	6	long-ἂμ	hemi1	diaer2
tlg001:1.1061	πεδίον	7	10	short-πε-short-δί-long-ον	hemi1
tlg001:1.1061	λειμώνιον,	11	16	long-λει-long-μώ-short-νι-short-ον,	hemi2	caesmasc3
tlg001:1.1061	ἔνθʼ	17	18	long-ἔνθʼ	hemi2	bucdiaer
tlg001:1.1061	ἔτι	19	20	short-ἔ-short-τι	hemi2
tlg001:1.1061	νῦν	21	22	long-νῦν	hemi2	diaer6
tlg001:1.1061	περ	23	24	long-περ	hemi2
tlg001:1.1062	ἀγκέχυται	1	6	long-ἀγ-short-κέ-short-χυ-long-ται	hemi1
tlg001:1.1062	τόδε	7	8	short-τό-short-δε	hemi1
tlg001:1.1062	σῆμα	9	11	long-σῆ-short-μα	hemi1	diaer3
tlg001:1.1062	καὶ	12	12	short-καὶ	hemi2	caesfem3	correption
tlg001:1.1062	ὀψιγόνοισιν	13	19	long-ὀ-short-ψι-short-γό-long-νοι-short-σιν	hemi2
tlg001:1.1062	ἰδέσθαι.	20	24	short-ἰ-long-δέσ-long-θαι.	hemi2
tlg001:1.1063	οὐδὲ	1	3	long-οὐ-short-δὲ	hemi1
tlg001:1.1063	μὲν	4	4	short-μὲν	hemi1
tlg001:1.1063	οὐδʼ	5	6	long-οὐδʼ	hemi1	diaer2
tlg001:1.1063	ἄλοχος	7	10	short-ἄ-short-λο-long-χος	hemi1
tlg001:1.1063	Κλείτη	11	14	long-Κλεί-long-τη	hemi2	caesmasc3
tlg001:1.1063	φθιμένοιο	15	19	short-φθι-short-μέ-long-νοι-short-ο	hemi2
tlg001:1.1063	λέλειπτο	20	24	short-λέ-long-λειπ-long-το	hemi2
tlg001:1.1064	οὗ	1	2	long-οὗ	hemi1
tlg001:1.1064	πόσιος	3	6	short-πό-short-σι-long-ος	hemi1
tlg001:1.1064	μετόπισθε·	7	11	short-μετ-short-ό-long-πισ-short-θε·	hemi1
tlg001:1.1064	κακῷ	12	14	short-κα-long-κῷ	hemi2	caesfem3
tlg001:1.1064	δʼ	15	15	δʼ	hemi2
tlg001:1.1064	ἐπὶ	15	16	short-ἐ-short-πὶ	hemi2
tlg001:1.1064	κύντερον	17	20	long-κύν-short-τε-short-ρον	hemi2	bucdiaer
tlg001:1.1064	ἄλλο	21	24	long-ἄλ-long-λο	hemi2	diaer6
tlg001:1.1065	ἤνυσεν,	1	4	long-ἤ-short-νυ-short-σεν,	hemi1
tlg001:1.1065	ἁψαμένη	5	10	long-ἁ-short-ψα-short-μέ-long-νη	hemi1	diaer2
tlg001:1.1065	βρόχον	11	12	short-βρό-short-χον	hemi2	caesmasc3
tlg001:1.1065	αὐχένι.	13	16	long-αὐ-short-χέ-short-νι.	hemi2	diaer4
tlg001:1.1065	τὴν	17	18	long-τὴν	hemi2	bucdiaer
tlg001:1.1065	δὲ	19	19	short-δὲ	hemi2
tlg001:1.1065	καὶ	20	20	short-καὶ	hemi2	correption
tlg001:1.1065	αὐταὶ	21	24	long-αὐ-long-ταὶ	hemi2
tlg001:1.1066	νύμφαι	1	3	long-νύμ-short-φαι	hemi1	correption
tlg001:1.1066	ἀποφθιμένην	4	10	short-ἀ-long-πο-short-φθι-short-μέ-long-νην	hemi1
tlg001:1.1066	ἀλσηίδες	11	16	long-ἀλ-long-ση-short-ί-short-δες	hemi2	caesmasc3
tlg001:1.1066	ὠδῡ́ραντο·	17	24	long-ὠ-long-δῡ́-long-ραν-long-το·	hemi2	bucdiaer
tlg001:1.1067	καί	1	2	long-καί	hemi1	hiatus
tlg001:1.1067	οἱ	3	3	short-οἱ	hemi1	correption
tlg001:1.1067	ἀπὸ	4	6	short-ἀ-long-πὸ	hemi1
tlg001:1.1067	βλεφάρων	7	10	short-βλε-short-φά-long-ρων	hemi1
tlg001:1.1067	ὅσα	11	12	short-ὅ-short-σα	hemi2	caesmasc3
tlg001:1.1067	δάκρυα	13	16	long-δάκ-short-ρυ-short-α	hemi2	diaer4
tlg001:1.1067	χεῦαν	17	19	long-χεῦ-short-αν	hemi2	bucdiaer
tlg001:1.1067	ἔραζε,	20	24	short-ἔ-long-ρα-long-ζε,	hemi2
tlg001:1.1068	πάντα	1	3	long-πάν-short-τα	hemi1
tlg001:1.1068	τά	4	4	short-τά	hemi1
tlg001:1.1068	γε	5	6	long-γε	hemi1
tlg001:1.1068	κρήνην	7	10	long-κρή-long-νην	hemi1
tlg001:1.1068	τεῦξαν	11	14	long-τεῦ-long-ξαν	hemi2	caesmasc3
tlg001:1.1068	θεαί,	15	16	short-θε-short-αί,	hemi2	correption
tlg001:1.1068	ἣν	17	18	long-ἣν	hemi2	bucdiaer
tlg001:1.1068	καλέουσιν	19	24	short-κα-short-λέ-long-ου-long-σιν	hemi2
tlg001:1.1069	Κλείτην,	1	4	long-Κλεί-long-την,	hemi1
tlg001:1.1069	δυστήνοιο	5	11	long-δυσ-long-τή-long-νοι-short-ο	hemi1	diaer2
tlg001:1.1069	περικλεὲς	12	16	short-πε-long-ρι-short-κλε-short-ὲς	hemi2	caesfem3
tlg001:1.1069	οὔνομα	17	20	long-οὔ-short-νο-short-μα	hemi2	bucdiaer
tlg001:1.1069	νύμφης.	21	24	long-νύμ-long-φης.	hemi2	diaer6
tlg001:1.1070	αἰνότατον	1	6	long-αἰ-short-νό-short-τα-long-τον	hemi1
tlg001:1.1070	δὴ	7	8	long-δὴ	hemi1
tlg001:1.1070	κεῖνο	9	11	long-κεῖ-short-νο	hemi1	diaer3
tlg001:1.1070	Δολῑονίῃσι	12	19	short-Δο-long-λῑ-short-ο-short-νί-long-ῃ-short-σι	hemi2	caesfem3
tlg001:1.1070	γυναιξὶν	20	24	short-γυ-long-ναι-long-ξὶν	hemi2
tlg001:1.1071	ἀνδράσι	1	4	long-ἀν-short-δρά-short-σι	hemi1
tlg001:1.1071	τʼ	5	5	τʼ	hemi1
tlg001:1.1071	ἐκ	5	6	long-ἐκ	hemi1	diaer2
tlg001:1.1071	Διὸς	7	8	short-Δι-short-ὸς	hemi1
tlg001:1.1071	ἦμαρ	9	11	long-ἦ-short-μαρ	hemi1	diaer3
tlg001:1.1071	ἐπήλυθεν·	12	16	short-ἐπ-long-ή-short-λυ-short-θεν·	hemi2	caesfem3
tlg001:1.1071	οὐδὲ	17	19	long-οὐ-short-δὲ	hemi2	bucdiaer
tlg001:1.1071	γὰρ	20	20	short-γὰρ	hemi2
tlg001:1.1071	αὐτῶν	21	24	long-αὐ-long-τῶν	hemi2	diaer6
tlg001:1.1072	ἔτλη	1	4	long-ἔτ-long-λη	hemi1
tlg001:1.1072	τις	5	6	long-τις	hemi1
tlg001:1.1072	πάσσασθαι	7	11	long-πάσ-long-σασ-short-θαι	hemi1	correption
tlg001:1.1072	ἐδητύος,	12	16	short-ἐ-long-δη-short-τύ-short-ος,	hemi2	caesfem3
tlg001:1.1072	οὐδʼ	17	18	long-οὐδʼ	hemi2	bucdiaer
tlg001:1.1072	ἐπὶ	19	20	short-ἐ-short-πὶ	hemi2
tlg001:1.1072	δηρὸν	21	24	long-δη-long-ρὸν	hemi2	diaer6
tlg001:1.1073	ἐξ	1	2	long-ἐξ	hemi1
tlg001:1.1073	ἀχέων	3	6	short-ἀ-short-χέ-long-ων	hemi1
tlg001:1.1073	ἔργοιο	7	11	long-ἔρ-long-γοι-short-ο	hemi1
tlg001:1.1073	μυληφάτου	12	16	short-μυ-long-λη-short-φά-short-του	hemi2	caesfem3	correption
tlg001:1.1073	ἐμνώοντο·	17	24	long-ἐμ-long-νώ-long-ον-long-το·	hemi2	bucdiaer
tlg001:1.1074	ἀλλʼ	1	2	long-ἀλλʼ	hemi1
tlg001:1.1074	αὔτως	3	6	long-αὔ-long-τως	hemi1
tlg001:1.1074	ἄφλεκτα	7	11	long-ἄ-long-φλεκ-short-τα	hemi1
tlg001:1.1074	διαζώεσκον	12	19	short-δι-long-α-long-ζώ-long-εσ-short-κον	hemi2	caesfem3
tlg001:1.1074	ἔδοντες.	20	24	short-ἔ-long-δον-long-τες.	hemi2
tlg001:1.1075	ἔνθʼ	1	2	long-ἔνθʼ	hemi1
tlg001:1.1075	ἔτι	3	4	short-ἔ-short-τι	hemi1
tlg001:1.1075	νῦν,	5	6	long-νῦν,	hemi1	diaer2
tlg001:1.1075	εὖτʼ	7	8	long-εὖτʼ	hemi1
tlg001:1.1075	ἄν	9	10	long-ἄν	hemi1
tlg001:1.1075	σφιν	11	11	short-σφιν	hemi1
tlg001:1.1075	ἐτήσια	12	16	short-ἐ-long-τή-short-σι-short-α	hemi2	caesfem3
tlg001:1.1075	χύτλα	17	19	long-χύτ-short-λα	hemi2	bucdiaer
tlg001:1.1075	χέωνται	20	24	short-χέ-long-ων-long-ται	hemi2
tlg001:1.1076	Κύζικον	1	4	long-Κύ-short-ζι-short-κον	hemi1
tlg001:1.1076	ἐνναίοντες	5	11	long-ἐν-long-ναί-long-ον-short-τες	hemi1	diaer2
tlg001:1.1076	Ἰᾱ́ονες,	12	16	short-Ἰ-long-ᾱ́-short-ο-short-νες,	hemi2	caesfem3
tlg001:1.1076	ἔμπεδον	17	20	long-ἔμ-short-πε-short-δον	hemi2	bucdiaer
tlg001:1.1076	αἰεὶ	21	24	long-αἰ-long-εὶ	hemi2	diaer6
tlg001:1.1077	πανδήμοιο	1	7	long-παν-long-δή-long-μοι-short-ο	hemi1
tlg001:1.1077	μύλης	8	10	short-μύ-long-λης	hemi1
tlg001:1.1077	πελάνους	11	14	short-πε-short-λά-long-νους	hemi2	caesmasc3
tlg001:1.1077	ἐπαλετρεύουσιν.	15	24	short-ἐπ-short-α-long-λετ-long-ρεύ-long-ου-long-σιν.	hemi2
tlg001:1.1078	ἐκ	1	2	long-ἐκ	hemi1
tlg001:1.1078	δὲ	3	3	short-δὲ	hemi1
tlg001:1.1078	τόθεν	4	6	short-τό-long-θεν	hemi1
tlg001:1.1078	τρηχεῖαι	7	11	long-τρη-long-χεῖ-short-αι	hemi1	correption
tlg001:1.1078	ἀνηέρθησαν	12	19	short-ἀν-long-η-long-έρ-long-θη-short-σαν	hemi2	caesfem3
tlg001:1.1078	ἄελλαι	20	24	short-ἄ-long-ελ-long-λαι	hemi2
tlg001:1.1079	ἤμαθʼ	1	3	long-ἤ-short-μαθʼ	hemi1
tlg001:1.1079	ὁμοῦ	4	6	short-ὁ-long-μοῦ	hemi1
tlg001:1.1079	νύκτας	7	10	long-νύκ-long-τας	hemi1
tlg001:1.1079	τε	11	11	short-τε	hemi1
tlg001:1.1079	δυώδεκα,	12	16	short-δυ-long-ώ-short-δε-short-κα,	hemi2	caesfem3
tlg001:1.1079	τοὺς	17	18	long-τοὺς	hemi2	bucdiaer
tlg001:1.1079	δὲ	19	19	short-δὲ	hemi2
tlg001:1.1079	καταῦθι	20	24	short-κατ-long-αῦ-long-θι	hemi2
tlg001:1.1080	ναυτίλλεσθαι	1	7	long-ναυ-long-τίλ-long-λεσ-short-θαι	hemi1	correption
tlg001:1.1080	ἔρῡκον.	8	11	short-ἔ-long-ρῡ-short-κον.	hemi1
tlg001:1.1080	ἐπιπλομένῃ	12	18	short-ἐ-long-πι-short-πλο-short-μέ-long-νῃ	hemi2	caesfem3
tlg001:1.1080	δʼ	19	19	δʼ	hemi2
tlg001:1.1080	ἐνὶ	19	20	short-ἐ-short-νὶ	hemi2
tlg001:1.1080	νυκτὶ	21	24	long-νυκ-long-τὶ	hemi2	diaer6
tlg001:1.1081	ὧλλοι	1	4	long-ὧλ-long-λοι	hemi1
tlg001:1.1081	μέν	5	6	long-μέν	hemi1
tlg001:1.1081	ῥα	7	7	short-ῥα	hemi1
tlg001:1.1081	πάρος	8	10	short-πά-long-ρος	hemi1
tlg001:1.1081	δεδμημένοι	11	16	long-δε-long-δμη-short-μέ-short-νοι	hemi2	caesmasc3	correption
tlg001:1.1081	εὐνάζοντο	17	24	long-εὐ-long-νά-long-ζον-long-το	hemi2	bucdiaer
tlg001:1.1082	ὕπνῳ	1	3	long-ὕπ-short-νῳ	hemi1	correption
tlg001:1.1082	ἀριστῆες	4	10	short-ἀ-long-ρισ-long-τῆ-long-ες	hemi1
tlg001:1.1082	πύματον	11	14	short-πύ-short-μα-long-τον	hemi2	caesmasc3
tlg001:1.1082	λάχος·	15	16	short-λά-short-χος·	hemi2
tlg001:1.1082	αὐτὰρ	17	19	long-αὐ-short-τὰρ	hemi2	bucdiaer
tlg001:1.1082	Ἄκαστος	20	24	short-Ἄ-long-κασ-long-τος	hemi2
tlg001:1.1083	Μόψος	1	4	long-Μό-long-ψος	hemi1
tlg001:1.1083	τʼ	5	5	τʼ	hemi1
tlg001:1.1083	Ἀμπυκίδης	5	10	long-Ἀμ-short-πυ-short-κί-long-δης	hemi1	diaer2
tlg001:1.1083	ἀδινὰ	11	14	short-ἀ-short-δι-long-νὰ	hemi2	caesmasc3
tlg001:1.1083	κνώσσοντας	15	19	long-κνώσ-long-σον-short-τας	hemi2
tlg001:1.1083	ἔρυντο.	20	24	short-ἔ-long-ρυν-long-το.	hemi2
tlg001:1.1084	ἡ	1	2	long-ἡ	hemi1
tlg001:1.1084	δʼ	3	3	δʼ	hemi1
tlg001:1.1084	ἄρʼ	3	3	short-ἄρʼ	hemi1
tlg001:1.1084	ὑπὲρ	4	6	short-ὑ-long-πὲρ	hemi1
tlg001:1.1084	ξανθοῖο	7	11	long-ξαν-long-θοῖ-short-ο	hemi1
tlg001:1.1084	καρήατος	12	16	short-κα-long-ρή-short-α-short-τος	hemi2	caesfem3
tlg001:1.1084	Αἰσονίδᾱο	17	24	long-Αἰ-short-σο-short-νί-long-δᾱ-long-ο	hemi2	bucdiaer
tlg001:1.1085	πωτᾶτʼ	1	4	long-πω-long-τᾶτʼ	hemi1
tlg001:1.1085	ἀλκυονὶς	5	10	long-ἀλ-short-κυ-short-ο-long-νὶς	hemi1	diaer2
tlg001:1.1085	λιγυρῇ	11	14	short-λι-short-γυ-long-ρῇ	hemi2	caesmasc3	hiatus
tlg001:1.1085	ὀπὶ	15	16	short-ὀ-short-πὶ	hemi2
tlg001:1.1085	θεσπίζουσα	17	24	long-θεσ-long-πί-long-ζου-long-σα	hemi2	bucdiaer
tlg001:1.1086	λῆξιν	1	3	long-λῆ-short-ξιν	hemi1
tlg001:1.1086	ὀρῑνομένων	4	10	short-ὀ-long-ρῑ-short-νο-short-μέ-long-νων	hemi1
tlg001:1.1086	ἀνέμων·	11	14	short-ἀ-short-νέ-long-μων·	hemi2	caesmasc3
tlg001:1.1086	συνέηκε	15	19	short-συν-short-έ-long-η-short-κε	hemi2
tlg001:1.1086	δὲ	20	20	short-δὲ	hemi2
tlg001:1.1086	Μόψος	21	24	long-Μό-long-ψος	hemi2	diaer6
tlg001:1.1087	ἀκταίης	1	6	long-ἀκ-long-ταί-long-ης	hemi1
tlg001:1.1087	ὄρνῑθος	7	11	long-ὄρ-long-νῑ-short-θος	hemi1
tlg001:1.1087	ἐναίσιμον	12	16	short-ἐν-long-αί-short-σι-short-μον	hemi2	caesfem3
tlg001:1.1087	ὄσσαν	17	19	long-ὄσ-short-σαν	hemi2	bucdiaer
tlg001:1.1087	ἀκούσᾱς.	20	24	short-ἀ-long-κού-long-σᾱς.	hemi2
tlg001:1.1088	καὶ	1	2	long-καὶ	hemi1
tlg001:1.1088	τὴν	3	4	long-τὴν	hemi1
tlg001:1.1088	μὲν	5	6	long-μὲν	hemi1
tlg001:1.1088	θεὸς	7	8	short-θε-short-ὸς	hemi1
tlg001:1.1088	αὖτις	9	11	long-αὖ-short-τις	hemi1	diaer3
tlg001:1.1088	ἀπέτραπεν,	12	16	short-ἀπ-long-έ-short-τρα-short-πεν,	hemi2	caesfem3
tlg001:1.1088	ἷζε	17	19	long-ἷ-short-ζε	hemi2	bucdiaer
tlg001:1.1088	δʼ	20	20	δʼ	hemi2
tlg001:1.1088	ὕπερθεν	20	24	short-ὕ-long-περ-long-θεν	hemi2
tlg001:1.1089	νηίου	1	4	long-νη-short-ί-short-ου	hemi1	correption
tlg001:1.1089	ἀφλάστοιο	5	11	long-ἀ-long-φλάσ-long-τοι-short-ο	hemi1	diaer2
tlg001:1.1089	μετήορος	12	16	short-μετ-long-ή-short-ο-short-ρος	hemi2	caesfem3
tlg001:1.1089	ἀ̄ίξᾱσα.	17	24	long-ἀ̄-long-ί-long-ξᾱ-long-σα.	hemi2	bucdiaer
tlg001:1.1090	τὸν	1	2	long-τὸν	hemi1
tlg001:1.1090	δʼ	3	3	δʼ	hemi1
tlg001:1.1090	ὅγε	3	4	short-ὅ-short-γε	hemi1
tlg001:1.1090	κεκλιμένον	5	10	long-κε-short-κλι-short-μέ-long-νον	hemi1	diaer2
tlg001:1.1090	μαλακοῖς	11	14	short-μα-short-λα-long-κοῖς	hemi2	caesmasc3
tlg001:1.1090	ἐνὶ	15	16	short-ἐ-short-νὶ	hemi2
tlg001:1.1090	κώεσιν	17	20	long-κώ-short-ε-short-σιν	hemi2	bucdiaer
tlg001:1.1090	οἰῶν.	21	24	long-οἰ-long-ῶν.	hemi2	diaer6
tlg001:1.1091	κῑνήσᾱς	1	6	long-κῑ-long-νή-long-σᾱς	hemi1
tlg001:1.1091	ἀνέγειρε	7	11	short-ἀν-short-έ-long-γει-short-ρε	hemi1
tlg001:1.1091	παρασχεδόν,	12	16	short-πα-long-ρα-short-σχε-short-δόν,	hemi2	caesfem3
tlg001:1.1091	ὧδέ	17	19	long-ὧ-short-δέ	hemi2	bucdiaer
tlg001:1.1091	τʼ	20	20	τʼ	hemi2
tlg001:1.1091	ἔειπεν·	20	24	short-ἔ-long-ει-long-πεν·	hemi2
tlg001:1.1092	‘Αἰσονίδη,	1	6	long-‘Αἰ-short-σο-short-νί-long-δη,	hemi1
tlg001:1.1092	χρειώ	7	10	long-χρει-long-ώ	hemi1
tlg001:1.1092	σε	11	11	short-σε	hemi1
tlg001:1.1092	τόδʼ	12	12	short-τόδʼ	hemi2	caesfem3
tlg001:1.1092	ἱ̄ερὸν	13	16	long-ἱ̄-short-ε-short-ρὸν	hemi2	diaer4
tlg001:1.1092	εἰσανιόντα	17	24	long-εἰσ-short-αν-short-ι-long-όν-long-τα	hemi2	bucdiaer
tlg001:1.1093	Δινδύμου	1	4	long-Διν-short-δύ-short-μου	hemi1	correption
tlg001:1.1093	ὀκριόεντος	5	11	long-ὀκ-short-ρι-short-ό-long-εν-short-τος	hemi1	diaer2
tlg001:1.1093	ἐύθρονον	12	16	short-ἐ-long-ύθ-short-ρο-short-νον	hemi2	caesfem3
tlg001:1.1093	ἱ̄λάξασθαι	17	24	long-ἱ̄-long-λά-long-ξασ-long-θαι	hemi2	bucdiaer
tlg001:1.1094	μητέρα	1	4	long-μη-short-τέ-short-ρα	hemi1
tlg001:1.1094	συμπάντων	5	10	long-συμ-long-πάν-long-των	hemi1	diaer2
tlg001:1.1094	μακάρων·	11	14	short-μα-short-κά-long-ρων·	hemi2	caesmasc3
tlg001:1.1094	λήξουσι	15	19	long-λή-long-ξου-short-σι	hemi2
tlg001:1.1094	δʼ	20	20	δʼ	hemi2
tlg001:1.1094	ἄελλαι	20	24	short-ἄ-long-ελ-long-λαι	hemi2
tlg001:1.1095	ζᾱχρηεῖς·	1	6	long-ζᾱ-long-χρη-long-εῖς·	hemi1
tlg001:1.1095	τοίην	7	10	long-τοί-long-ην	hemi1
tlg001:1.1095	γὰρ	11	11	short-γὰρ	hemi1
tlg001:1.1095	ἐγὼ	12	14	short-ἐ-long-γὼ	hemi2	caesfem3
tlg001:1.1095	νέον	15	16	short-νέ-short-ον	hemi2
tlg001:1.1095	ὄσσαν	17	19	long-ὄσ-short-σαν	hemi2	bucdiaer
tlg001:1.1095	ἄκουσα	20	24	short-ἄ-long-κου-long-σα	hemi2
tlg001:1.1096	ἀλκυόνος	1	6	long-ἀλ-short-κυ-short-ό-long-νος	hemi1
tlg001:1.1096	ἁλίης,	7	10	short-ἁ-short-λί-long-ης,	hemi1
tlg001:1.1096	ἥ	11	12	long-ἥ	hemi2	caesmasc3
tlg001:1.1096	τε	13	14	long-τε	hemi2
tlg001:1.1096	κνώσσοντος	15	19	long-κνώσ-long-σον-short-τος	hemi2
tlg001:1.1096	ὕπερθεν	20	24	short-ὕ-long-περ-long-θεν	hemi2
tlg001:1.1097	σεῖο	1	3	long-σεῖ-short-ο	hemi1
tlg001:1.1097	πέριξ	4	6	short-πέ-long-ριξ	hemi1
tlg001:1.1097	τὰ	7	7	short-τὰ	hemi1	hiatus
tlg001:1.1097	ἕκαστα	8	11	short-ἕ-long-κασ-short-τα	hemi1
tlg001:1.1097	πιφαυσκομένη	12	18	short-πι-long-φαυσ-short-κο-short-μέ-long-νη	hemi2	caesfem3
tlg001:1.1097	πεπότηται.	19	24	short-πε-short-πό-long-τη-long-ται.	hemi2
tlg001:1.1098	ἐκ	1	2	long-ἐκ	hemi1
tlg001:1.1098	γὰρ	3	4	long-γὰρ	hemi1
tlg001:1.1098	τῆς	5	6	long-τῆς	hemi1	diaer2
tlg001:1.1098	ἄνεμοί	7	10	short-ἄ-short-νε-long-μοί	hemi1
tlg001:1.1098	τε	11	11	short-τε	hemi1
tlg001:1.1098	θάλασσά	12	15	short-θά-long-λασ-short-σά	hemi2	caesfem3
tlg001:1.1098	τε	16	16	short-τε	hemi2
tlg001:1.1098	νειόθι	17	20	long-νει-short-ό-short-θι	hemi2	bucdiaer
tlg001:1.1098	τε	21	22	long-τε	hemi2
tlg001:1.1098	χθὼν	23	24	long-χθὼν	hemi2
tlg001:1.1099	πᾶσα	1	3	long-πᾶ-short-σα	hemi1
tlg001:1.1099	πεπείρανται	4	10	short-πε-long-πεί-long-ραν-long-ται	hemi1
tlg001:1.1099	νιφόεν	11	14	short-νι-short-φό-long-εν	hemi2	caesmasc3
tlg001:1.1099	θ᾽ἕδος	15	16	short-θ᾽ἕ-short-δος	hemi2
tlg001:1.1099	Οὐλύμποιο·	17	24	long-Οὐ-long-λύμ-long-ποι-long-ο·	hemi2	bucdiaer
tlg001:1.1100	καί	1	2	long-καί	hemi1	hiatus
tlg001:1.1100	οἱ,	3	3	short-οἱ,	hemi1	correption
tlg001:1.1100	ὅτʼ	4	4	short-ὅτʼ	hemi1
tlg001:1.1100	ἐξ	5	6	long-ἐξ	hemi1	diaer2
tlg001:1.1100	ὀρέων	7	10	short-ὀ-short-ρέ-long-ων	hemi1
tlg001:1.1100	μέγαν	11	12	short-μέ-short-γαν	hemi2	caesmasc3
tlg001:1.1100	οὐρανὸν	13	16	long-οὐ-short-ρα-short-νὸν	hemi2	diaer4
tlg001:1.1100	εἰσαναβαίνῃ,	17	24	long-εἰσ-short-α-short-να-long-βαί-long-νῃ,	hemi2	bucdiaer
tlg001:1.1101	Ζεὺς	1	2	long-Ζεὺς	hemi1
tlg001:1.1101	αὐτὸς	3	6	long-αὐ-long-τὸς	hemi1
tlg001:1.1101	Κρονίδης	7	10	short-Κρο-short-νί-long-δης	hemi1
tlg001:1.1101	ὑποχάζεται.	11	16	short-ὑ-short-πο-long-χά-short-ζε-short-ται.	hemi2	caesmasc3	correption
tlg001:1.1101	ὧς	17	18	long-ὧς	hemi2	bucdiaer
tlg001:1.1101	δὲ	19	19	short-δὲ	hemi2
tlg001:1.1101	καὶ	20	20	short-καὶ	hemi2	correption
tlg001:1.1101	ὧλλοι	21	24	long-ὧλ-long-λοι	hemi2
tlg001:1.1102	ἀ̄θάνατοι	1	6	long-ἀ̄-short-θά-short-να-long-τοι	hemi1
tlg001:1.1102	μάκαρες	7	10	short-μά-short-κα-long-ρες	hemi1
tlg001:1.1102	δεινὴν	11	14	long-δει-long-νὴν	hemi2	caesmasc3
tlg001:1.1102	θεὸν	15	16	short-θε-short-ὸν	hemi2
tlg001:1.1102	ἀμφιέπουσιν.’	17	24	long-ἀμ-short-φι-short-έ-long-που-long-σιν.’	hemi2	bucdiaer
tlg001:1.1103	ὧς	1	2	long-ὧς	hemi1
tlg001:1.1103	φάτο·	3	4	short-φά-short-το·	hemi1
tlg001:1.1103	τῷ	5	6	long-τῷ	hemi1	diaer2
tlg001:1.1103	δʼ	7	7	δʼ	hemi1
tlg001:1.1103	ἀσπαστὸν	7	11	long-ἀσ-long-πασ-short-τὸν	hemi1
tlg001:1.1103	ἔπος	12	14	short-ἔ-long-πος	hemi2	caesfem3
tlg001:1.1103	γένετʼ	15	16	short-γέ-short-νετʼ	hemi2
tlg001:1.1103	εἰσαΐοντι.	17	24	long-εἰσ-short-α-short-ΐ-long-ον-long-τι.	hemi2	bucdiaer
tlg001:1.1104	ὤρνυτο	1	4	long-ὤρ-short-νυ-short-το	hemi1
tlg001:1.1104	δʼ	5	5	δʼ	hemi1
tlg001:1.1104	ἐξ	5	6	long-ἐξ	hemi1	diaer2
tlg001:1.1104	εὐνῆς	7	10	long-εὐ-long-νῆς	hemi1
tlg001:1.1104	κεχαρημένος·	11	16	short-κε-short-χα-long-ρη-short-μέ-short-νος·	hemi2	caesmasc3
tlg001:1.1104	ὦρσε	17	19	long-ὦρ-short-σε	hemi2	bucdiaer
tlg001:1.1104	δʼ	20	20	δʼ	hemi2
tlg001:1.1104	ἑταίρους	20	24	short-ἑ-long-ταί-long-ρους	hemi2
tlg001:1.1105	πάντας	1	3	long-πάν-short-τας	hemi1
tlg001:1.1105	ἐπισπέρχων,	4	10	short-ἐ-long-πι-long-σπέρ-long-χων,	hemi1
tlg001:1.1105	καί	11	12	long-καί	hemi2	caesmasc3
tlg001:1.1105	τέ	13	14	long-τέ	hemi2
tlg001:1.1105	σφισιν	15	16	short-σφι-short-σιν	hemi2
tlg001:1.1105	ἐγρομένοισιν	17	24	long-ἐ-short-γρο-short-μέ-long-νοι-long-σιν	hemi2	bucdiaer
tlg001:1.1106	Ἀμπυκίδεω	1	6	long-Ἀμ-short-πυ-short-κί-long-δεω	hemi1	synizesis
tlg001:1.1106	Μόψοιο	7	11	long-Μό-long-ψοι-short-ο	hemi1
tlg001:1.1106	θεοπροπίᾱς	12	18	short-θε-long-ο-short-προ-short-πί-long-ᾱς	hemi2	caesfem3
tlg001:1.1106	ἀγόρευεν.	19	24	short-ἀ-short-γό-long-ρευ-long-εν.	hemi2
tlg001:1.1107	αἶψα	1	3	long-αἶ-short-ψα	hemi1
tlg001:1.1107	δὲ	4	4	short-δὲ	hemi1
tlg001:1.1107	κουρότεροι	5	10	long-κου-short-ρό-short-τε-long-ροι	hemi1	diaer2
tlg001:1.1107	μὲν	11	11	short-μὲν	hemi1
tlg001:1.1107	ἀπὸ	12	14	short-ἀ-long-πὸ	hemi2	caesfem3
tlg001:1.1107	σταθμῶν	15	18	long-σταθ-long-μῶν	hemi2
tlg001:1.1107	ἐλάσαντες	19	24	short-ἐ-short-λά-long-σαν-long-τες	hemi2
tlg001:1.1108	ἔνθεν	1	3	long-ἔν-short-θεν	hemi1
tlg001:1.1108	ἐς	4	4	short-ἐς	hemi1
tlg001:1.1108	αἰπεινὴν	5	10	long-αἰ-long-πει-long-νὴν	hemi1	diaer2
tlg001:1.1108	ἄναγον	11	14	short-ἄ-short-να-long-γον	hemi2	caesmasc3
tlg001:1.1108	βόας	15	16	short-βό-short-ας	hemi2
tlg001:1.1108	οὔρεος	17	20	long-οὔ-short-ρε-short-ος	hemi2	bucdiaer
tlg001:1.1108	ἄκρην.	21	24	long-ἄκ-long-ρην.	hemi2	diaer6
tlg001:1.1109	οἱ	1	2	long-οἱ	hemi1
tlg001:1.1109	δʼ	3	3	δʼ	hemi1
tlg001:1.1109	ἄρα	3	4	short-ἄ-short-ρα	hemi1
tlg001:1.1109	λῡσάμενοι	5	10	long-λῡ-short-σά-short-με-long-νοι	hemi1	diaer2	hiatus
tlg001:1.1109	Ἱερῆς	11	14	short-Ἱ-short-ε-long-ρῆς	hemi2	caesmasc3
tlg001:1.1109	ἐκ	15	16	long-ἐκ	hemi2
tlg001:1.1109	πείσματα	17	20	long-πείσ-short-μα-short-τα	hemi2	bucdiaer
tlg001:1.1109	πέτρης	21	24	long-πέτ-long-ρης	hemi2	diaer6
tlg001:1.1110	ἤρεσαν	1	4	long-ἤ-short-ρε-short-σαν	hemi1
tlg001:1.1110	ἐς	5	6	long-ἐς	hemi1	diaer2
tlg001:1.1110	λιμένα	7	10	short-λι-short-μέ-long-να	hemi1
tlg001:1.1110	Θρηῑ́κιον·	11	16	long-Θρη-long-ῑ́-short-κι-short-ον·	hemi2	caesmasc3
tlg001:1.1110	ἂν	17	18	long-ἂν	hemi2
tlg001:1.1110	δὲ	19	19	short-δὲ	hemi2
tlg001:1.1110	καὶ	20	20	short-καὶ	hemi2	correption
tlg001:1.1110	αὐτοὶ	21	24	long-αὐ-long-τοὶ	hemi2
tlg001:1.1111	βαῖνον,	1	4	long-βαῖ-long-νον,	hemi1
tlg001:1.1111	παυροτέρους	5	10	long-παυ-short-ρο-short-τέ-long-ρους	hemi1	diaer2
tlg001:1.1111	ἑτάρων	11	14	short-ἑ-short-τά-long-ρων	hemi2	caesmasc3
tlg001:1.1111	ἐν	15	16	long-ἐν	hemi2
tlg001:1.1111	νηὶ	17	19	long-νη-short-ὶ	hemi2	bucdiaer
tlg001:1.1111	λιπόντες.	20	24	short-λι-long-πόν-long-τες.	hemi2
tlg001:1.1112	τοῖσι	1	3	long-τοῖ-short-σι	hemi1
tlg001:1.1112	δὲ	4	4	short-δὲ	hemi1
tlg001:1.1112	Μακριάδες	5	10	long-Μακ-short-ρι-short-ά-long-δες	hemi1	diaer2
tlg001:1.1112	σκοπιαὶ	11	14	short-σκο-short-πι-long-αὶ	hemi2	caesmasc3
tlg001:1.1112	καὶ	15	16	long-καὶ	hemi2
tlg001:1.1112	πᾶσα	17	19	long-πᾶ-short-σα	hemi2
tlg001:1.1112	περαίη	20	24	short-πε-long-ραί-long-η	hemi2
tlg001:1.1113	Θρηικίης	1	6	long-Θρη-short-ι-short-κί-long-ης	hemi1
tlg001:1.1113	ἐνὶ	7	8	short-ἐ-short-νὶ	hemi1
tlg001:1.1113	χερσὶν	9	11	long-χερ-short-σὶν	hemi1	diaer3
tlg001:1.1113	ἑαῖς	12	14	short-ἑ-long-αῖς	hemi2	caesfem3
tlg001:1.1113	προὐφαίνετʼ	15	19	long-προὐ-long-φαί-short-νετʼ	hemi2
tlg001:1.1113	ἰδέσθαι·	20	24	short-ἰ-long-δέσ-long-θαι·	hemi2
tlg001:1.1114	φαίνετο	1	4	long-φαί-short-νε-short-το	hemi1
tlg001:1.1114	δʼ	5	5	δʼ	hemi1
tlg001:1.1114	ἠερόεν	5	10	long-ἠ-short-ε-short-ρό-long-εν	hemi1	diaer2
tlg001:1.1114	στόμα	11	12	short-στό-short-μα	hemi2	caesmasc3
tlg001:1.1114	Βοσπόρου	13	16	long-Βοσ-short-πό-short-ρου	hemi2	diaer4	correption
tlg001:1.1114	ἠδὲ	17	19	long-ἠ-short-δὲ	hemi2	bucdiaer
tlg001:1.1114	κολῶναι	20	24	short-κο-long-λῶ-long-ναι	hemi2
tlg001:1.1115	Μῡσίαι·	1	4	long-Μῡ-short-σί-short-αι·	hemi1
tlg001:1.1115	ἐκ	5	6	long-ἐκ	hemi1	diaer2
tlg001:1.1115	δʼ	7	7	δʼ	hemi1
tlg001:1.1115	ἑτέρης	7	10	short-ἑ-short-τέ-long-ρης	hemi1
tlg001:1.1115	ποταμοῦ	11	14	short-πο-short-τα-long-μοῦ	hemi2	caesmasc3
tlg001:1.1115	ῥόος	15	16	short-ῥό-short-ος	hemi2
tlg001:1.1115	Αἰσήποιο	17	24	long-Αἰ-long-σή-long-ποι-long-ο	hemi2	bucdiaer
tlg001:1.1116	ἄστυ	1	3	long-ἄσ-short-τυ	hemi1
tlg001:1.1116	τε	4	4	short-τε	hemi1
tlg001:1.1116	καὶ	5	6	long-καὶ	hemi1	diaer2
tlg001:1.1116	πεδίον	7	10	short-πε-short-δί-long-ον	hemi1
tlg001:1.1116	Νηπήιον	11	16	long-Νη-long-πή-short-ι-short-ον	hemi2	caesmasc3
tlg001:1.1116	Ἀδρηστείης.	17	24	long-Ἀ-long-δρησ-long-τεί-long-ης.	hemi2	bucdiaer
tlg001:1.1117	ἔσκε	1	3	long-ἔσ-short-κε	hemi1
tlg001:1.1117	δέ	4	4	short-δέ	hemi1
tlg001:1.1117	τι	5	6	long-τι	hemi1
tlg001:1.1117	στιβαρὸν	7	10	short-στι-short-βα-long-ρὸν	hemi1
tlg001:1.1117	στύπος	11	12	short-στύ-short-πος	hemi2	caesmasc3
tlg001:1.1117	ἀμπέλου	13	16	long-ἀμ-short-πέ-short-λου	hemi2	diaer4	correption
tlg001:1.1117	ἔντροφον	17	20	long-ἔν-short-τρο-short-φον	hemi2	bucdiaer
tlg001:1.1117	ὕ̄λῃ,	21	24	long-ὕ̄-long-λῃ,	hemi2	diaer6
tlg001:1.1118	πρόχνυ	1	3	long-πρό-short-χνυ	hemi1
tlg001:1.1118	γεράνδρῡον·	4	10	short-γε-long-ράν-long-δρῡ-long-ον·	hemi1
tlg001:1.1118	τὸ	11	11	short-τὸ	hemi2	caesmasc3
tlg001:1.1118	μὲν	12	12	short-μὲν	hemi2
tlg001:1.1118	ἔκταμον,	13	16	long-ἔκ-short-τα-short-μον,	hemi2	diaer4
tlg001:1.1118	ὄφρα	17	19	long-ὄφ-short-ρα	hemi2	bucdiaer
tlg001:1.1118	πέλοιτο	20	24	short-πέ-long-λοι-long-το	hemi2
tlg001:1.1119	δαίμονος	1	4	long-δαί-short-μο-short-νος	hemi1
tlg001:1.1119	οὐρείης	5	10	long-οὐ-long-ρεί-long-ης	hemi1	diaer2
tlg001:1.1119	ἱερὸν	11	14	short-ἱ-short-ε-long-ρὸν	hemi2	caesmasc3
tlg001:1.1119	βρέτας·	15	16	short-βρέ-short-τας·	hemi2
tlg001:1.1119	ἔξεσε	17	20	long-ἔ-short-ξε-short-σε	hemi2	bucdiaer
tlg001:1.1119	δʼ	21	21	δʼ	hemi2
tlg001:1.1119	Ἄργος	21	24	long-Ἄρ-long-γος	hemi2	diaer6
tlg001:1.1120	εὐκόσμως,	1	6	long-εὐ-long-κόσ-long-μως,	hemi1
tlg001:1.1120	καὶ	7	8	long-καὶ	hemi1
tlg001:1.1120	δή	9	10	long-δή	hemi1
tlg001:1.1120	μιν	11	11	short-μιν	hemi1
tlg001:1.1120	ἐπʼ	12	12	short-ἐπʼ	hemi2	caesfem3
tlg001:1.1120	ὀκριόεντι	13	19	long-ὀκ-short-ρι-short-ό-long-εν-short-τι	hemi2	diaer4
tlg001:1.1120	κολωνῷ	20	24	short-κο-long-λω-long-νῷ	hemi2
tlg001:1.1121	ἵδρῡσαν	1	6	long-ἵδ-long-ρῡ-long-σαν	hemi1
tlg001:1.1121	φηγοῖσιν	7	11	long-φη-long-γοῖ-short-σιν	hemi1
tlg001:1.1121	ἐπηρεφὲς	12	16	short-ἐπ-long-η-short-ρε-short-φὲς	hemi2	caesfem3
tlg001:1.1121	ἀκροτάτῃσιν,	17	24	long-ἀκ-short-ρο-short-τά-long-τῃ-long-σιν,	hemi2	bucdiaer
tlg001:1.1122	αἵ	1	2	long-αἵ	hemi1
tlg001:1.1122	ῥά	3	3	short-ῥά	hemi1
tlg001:1.1122	τε	4	4	short-τε	hemi1
tlg001:1.1122	πᾱσᾱ́ων	5	10	long-πᾱ-long-σᾱ́-long-ων	hemi1	diaer2
tlg001:1.1122	πανυπέρταται	11	16	short-παν-short-υ-long-πέρ-short-τα-short-ται	hemi2	caesmasc3	correption
tlg001:1.1122	ἐρρίζωνται.	17	24	long-ἐρ-long-ρί-long-ζων-long-ται.	hemi2	bucdiaer
tlg001:1.1123	βωμὸν	1	4	long-βω-long-μὸν	hemi1
tlg001:1.1123	δʼ	5	5	δʼ	hemi1
tlg001:1.1123	αὖ	5	6	long-αὖ	hemi1	diaer2
tlg001:1.1123	χέραδος	7	10	short-χέ-short-ρα-long-δος	hemi1
tlg001:1.1123	παρενήνεον·	11	16	short-παρ-short-ε-long-νή-short-νε-short-ον·	hemi2	caesmasc3
tlg001:1.1123	ἀμφὶ	17	19	long-ἀμ-short-φὶ	hemi2	bucdiaer
tlg001:1.1123	δὲ	20	20	short-δὲ	hemi2
tlg001:1.1123	φύλλοις	21	24	long-φύλ-long-λοις	hemi2	diaer6
tlg001:1.1124	στεψάμενοι	1	6	long-στε-short-ψά-short-με-long-νοι	hemi1
tlg001:1.1124	δρυΐνοισι	7	11	short-δρυ-short-ΐ-long-νοι-short-σι	hemi1
tlg001:1.1124	θυηπολίης	12	18	short-θυ-long-η-short-πο-short-λί-long-ης	hemi2	caesfem3
tlg001:1.1124	ἐμέλοντο	19	24	short-ἐ-short-μέ-long-λον-long-το	hemi2
tlg001:1.1125	Μητέρα	1	4	long-Μη-short-τέ-short-ρα	hemi1
tlg001:1.1125	Δινδυμίην	5	10	long-Διν-short-δυ-short-μί-long-ην	hemi1	diaer2
tlg001:1.1125	πολυπότνιαν	11	16	short-πο-short-λυ-long-πότ-short-νι-short-αν	hemi2	caesmasc3
tlg001:1.1125	ἀγκαλέοντες,	17	24	long-ἀγ-short-κα-short-λέ-long-ον-long-τες,	hemi2	bucdiaer
tlg001:1.1126	ἐνναέτιν	1	6	long-ἐν-short-να-short-έ-long-τιν	hemi1
tlg001:1.1126	Φρυγίης,	7	10	short-Φρυ-short-γί-long-ης,	hemi1
tlg001:1.1126	Τιτίην	11	14	short-Τι-short-τί-long-ην	hemi2	caesmasc3
tlg001:1.1126	θ᾽ἅμα	15	16	short-θ᾽ἅ-short-μα	hemi2
tlg001:1.1126	Κύλληνόν	17	22	long-Κύλ-long-λη-long-νόν	hemi2	bucdiaer
tlg001:1.1126	τε,	23	24	long-τε,	hemi2
tlg001:1.1127	οἳ	1	2	long-οἳ	hemi1
tlg001:1.1127	μοῦνοι	3	6	long-μοῦ-long-νοι	hemi1
tlg001:1.1127	πολέων	7	10	short-πο-short-λέ-long-ων	hemi1
tlg001:1.1127	μοιρηγέται	11	16	long-μοι-long-ρη-short-γέ-short-ται	hemi2	caesmasc3	correption
tlg001:1.1127	ἠδὲ	17	19	long-ἠ-short-δὲ	hemi2	bucdiaer
tlg001:1.1127	πάρεδροι	20	24	short-πάρ-long-εδ-long-ροι	hemi2
tlg001:1.1128	Μητέρος	1	4	long-Μη-short-τέ-short-ρος	hemi1
tlg001:1.1128	Ἰ̄δαίης	5	10	long-Ἰ̄-long-δαί-long-ης	hemi1	diaer2
tlg001:1.1128	κεκλήαται,	11	16	long-κε-long-κλή-short-α-short-ται,	hemi2	caesmasc3	correption
tlg001:1.1128	ὅσσοι	17	19	long-ὅσ-short-σοι	hemi2	bucdiaer	correption
tlg001:1.1128	ἔᾱσιν	20	24	short-ἔ-long-ᾱ-long-σιν	hemi2
tlg001:1.1129	δάκτυλοι	1	4	long-δάκ-short-τυ-short-λοι	hemi1	correption
tlg001:1.1129	Ἰ̄δαῖοι	5	10	long-Ἰ̄-long-δαῖ-long-οι	hemi1	diaer2
tlg001:1.1129	Κρηταιέες,	11	16	long-Κρη-long-ται-short-έ-short-ες,	hemi2	caesmasc3
tlg001:1.1129	οὕς	17	18	long-οὕς	hemi2	bucdiaer
tlg001:1.1129	ποτε	19	20	short-πο-short-τε	hemi2
tlg001:1.1129	νύμφη	21	24	long-νύμ-long-φη	hemi2	diaer6
tlg001:1.1130	Ἀγχιάλη	1	6	long-Ἀγ-short-χι-short-ά-long-λη	hemi1
tlg001:1.1130	Δικταῖον	7	11	long-Δικ-long-ταῖ-short-ον	hemi1
tlg001:1.1130	ἀνὰ	12	14	short-ἀ-long-νὰ	hemi2	caesfem3
tlg001:1.1130	σπέος	15	16	short-σπέ-short-ος	hemi2
tlg001:1.1130	ἀμφοτέρῃσιν	17	24	long-ἀμ-short-φο-short-τέ-long-ρῃ-long-σιν	hemi2	bucdiaer
tlg001:1.1131	δραξαμένη	1	6	long-δρα-short-ξα-short-μέ-long-νη	hemi1
tlg001:1.1131	γαίης	7	10	long-γαί-long-ης	hemi1
tlg001:1.1131	Οἰαξίδος	11	16	long-Οἰ-long-α-short-ξί-short-δος	hemi2	caesmasc3
tlg001:1.1131	ἐβλάστησεν.	17	24	long-ἐ-long-βλάσ-long-τη-long-σεν.	hemi2	bucdiaer
tlg001:1.1132	πολλὰ	1	3	long-πολ-short-λὰ	hemi1
tlg001:1.1132	δὲ	4	4	short-δὲ	hemi1
tlg001:1.1132	τήνγε	5	7	long-τήν-short-γε	hemi1	diaer2
tlg001:1.1132	λιτῇσιν	8	11	short-λι-long-τῇ-short-σιν	hemi1
tlg001:1.1132	ἀποστρέψαι	12	18	short-ἀ-long-πο-long-στρέ-long-ψαι	hemi2	caesfem3	hiatus
tlg001:1.1132	ἐριώλᾱς	19	24	short-ἐ-short-ρι-long-ώ-long-λᾱς	hemi2
tlg001:1.1133	Αἰσονίδης	1	6	long-Αἰ-short-σο-short-νί-long-δης	hemi1
tlg001:1.1133	γουνάζετʼ	7	11	long-γου-long-νά-short-ζετʼ	hemi1
tlg001:1.1133	ἐπιλλείβων	12	18	short-ἐ-long-πιλ-long-λεί-long-βων	hemi2	caesfem3
tlg001:1.1133	ἱεροῖσιν	19	24	short-ἱ-short-ε-long-ροῖ-long-σιν	hemi2
tlg001:1.1134	αἰθομένοις·	1	6	long-αἰ-short-θο-short-μέ-long-νοις·	hemi1
tlg001:1.1134	ἄμυδις	7	10	short-ἄ-short-μυ-long-δις	hemi1
tlg001:1.1134	δὲ	11	11	short-δὲ	hemi1
tlg001:1.1134	νέοι	12	14	short-νέ-long-οι	hemi2	caesfem3	hiatus
tlg001:1.1134	Ὀρφῆος	15	19	long-Ὀρ-long-φῆ-short-ος	hemi2
tlg001:1.1134	ἀνωγῇ	20	24	short-ἀ-long-νω-long-γῇ	hemi2
tlg001:1.1135	σκαίροντες	1	6	long-σκαί-long-ρον-long-τες	hemi1
tlg001:1.1135	βηταρμὸν	7	11	long-βη-long-ταρ-short-μὸν	hemi1
tlg001:1.1135	ἐνόπλιον	12	16	short-ἐν-long-όπ-short-λι-short-ον	hemi2	caesfem3
tlg001:1.1135	ὠρχήσαντο,	17	24	long-ὠρ-long-χή-long-σαν-long-το,	hemi2	bucdiaer
tlg001:1.1136	καὶ	1	2	long-καὶ	hemi1
tlg001:1.1136	σάκεα	3	6	short-σά-short-κε-long-α	hemi1
tlg001:1.1136	ξιφέεσσιν	7	11	short-ξι-short-φέ-long-εσ-short-σιν	hemi1
tlg001:1.1136	ἐπέκτυπον,	12	16	short-ἐπ-long-έ-short-κτυ-short-πον,	hemi2	caesfem3
tlg001:1.1136	ὥς	17	18	long-ὥς	hemi2	bucdiaer
tlg001:1.1136	κεν	19	19	short-κεν	hemi2
tlg001:1.1136	ἰωὴ	20	24	short-ἰ-long-ω-long-ὴ	hemi2
tlg001:1.1137	δύσφημος	1	6	long-δύσ-long-φη-long-μος	hemi1
tlg001:1.1137	πλάζοιτο	7	11	long-πλά-long-ζοι-short-το	hemi1
tlg001:1.1137	διʼ	12	12	short-διʼ	hemi2	caesfem3
tlg001:1.1137	ἠέρος,	13	16	long-ἠ-short-έ-short-ρος,	hemi2	diaer4
tlg001:1.1137	ἣν	17	18	long-ἣν	hemi2	bucdiaer
tlg001:1.1137	ἔτι	19	20	short-ἔ-short-τι	hemi2
tlg001:1.1137	λᾱοὶ	21	24	long-λᾱ-long-οὶ	hemi2	diaer6
tlg001:1.1138	κηδείῃ	1	6	long-κη-long-δεί-long-ῃ	hemi1
tlg001:1.1138	βασιλῆος	7	11	short-βα-short-σι-long-λῆ-short-ος	hemi1
tlg001:1.1138	ἀνέστενον.	12	16	short-ἀν-long-έ-short-στε-short-νον.	hemi2	caesfem3
tlg001:1.1138	ἔνθεν	17	19	long-ἔν-short-θεν	hemi2	bucdiaer
tlg001:1.1138	ἐσαιεὶ	20	24	short-ἐσ-long-αι-long-εὶ	hemi2
tlg001:1.1139	ῥόμβῳ	1	4	long-ῥόμ-long-βῳ	hemi1
tlg001:1.1139	καὶ	5	6	long-καὶ	hemi1	diaer2
tlg001:1.1139	τυπάνῳ	7	10	short-τυ-short-πά-long-νῳ	hemi1
tlg001:1.1139	Ῥείην	11	14	long-Ῥεί-long-ην	hemi2	caesmasc3
tlg001:1.1139	Φρύγες	15	16	short-Φρύ-short-γες	hemi2
tlg001:1.1139	ἱ̄λάσκονται.	17	24	long-ἱ̄-long-λάσ-long-κον-long-ται.	hemi2	bucdiaer
tlg001:1.1140	ἡ	1	2	long-ἡ	hemi1
tlg001:1.1140	δέ	3	3	short-δέ	hemi1
tlg001:1.1140	που	4	4	short-που	hemi1	correption
tlg001:1.1140	εὐαγέεσσιν	5	11	long-εὐ-short-α-short-γέ-long-εσ-short-σιν	hemi1	diaer2
tlg001:1.1140	ἐπὶ	12	14	short-ἐ-long-πὶ	hemi2	caesfem3
tlg001:1.1140	φρένα	15	16	short-φρέ-short-να	hemi2
tlg001:1.1140	θῆκε	17	19	long-θῆ-short-κε	hemi2	bucdiaer
tlg001:1.1140	θυηλαῖς	20	24	short-θυ-long-η-long-λαῖς	hemi2
tlg001:1.1141	ἀνταίη	1	6	long-ἀν-long-ταί-long-η	hemi1
tlg001:1.1141	δαίμων·	7	10	long-δαί-long-μων·	hemi1
tlg001:1.1141	τὰ	11	11	short-τὰ	hemi2	caesmasc3
tlg001:1.1141	δʼ	12	12	δʼ	hemi2
tlg001:1.1141	ἐοικότα	12	16	short-ἐ-long-οι-short-κό-short-τα	hemi2
tlg001:1.1141	σήματʼ	17	19	long-σή-short-ματʼ	hemi2	bucdiaer
tlg001:1.1141	ἔγεντο.	20	24	short-ἔ-long-γεν-long-το.	hemi2
tlg001:1.1142	δένδρεα	1	4	long-δέν-short-δρε-short-α	hemi1
tlg001:1.1142	μὲν	5	6	long-μὲν	hemi1
tlg001:1.1142	καρπὸν	7	10	long-καρ-long-πὸν	hemi1
tlg001:1.1142	χέον	11	12	short-χέ-short-ον	hemi2	caesmasc3
tlg001:1.1142	ἄσπετον,	13	16	long-ἄσ-short-πε-short-τον,	hemi2	diaer4
tlg001:1.1142	ἀμφὶ	17	19	long-ἀμ-short-φὶ	hemi2	bucdiaer
tlg001:1.1142	δὲ	20	20	short-δὲ	hemi2
tlg001:1.1142	ποσσὶν	21	24	long-ποσ-long-σὶν	hemi2	diaer6
tlg001:1.1143	αὐτομάτη	1	6	long-αὐ-short-το-short-μά-long-τη	hemi1
tlg001:1.1143	φύε	7	8	short-φύ-short-ε	hemi1
tlg001:1.1143	γαῖα	9	11	long-γαῖ-short-α	hemi1	diaer3
tlg001:1.1143	τερείνης	12	16	short-τε-long-ρεί-long-νης	hemi2	caesfem3
tlg001:1.1143	ἄνθεα	17	20	long-ἄν-short-θε-short-α	hemi2	bucdiaer
tlg001:1.1143	ποίης.	21	24	long-ποί-long-ης.	hemi2	diaer6
tlg001:1.1144	θῆρες	1	4	long-θῆ-long-ρες	hemi1
tlg001:1.1144	δʼ	5	5	δʼ	hemi1
tlg001:1.1144	εἰλῡούς	5	10	long-εἰ-long-λῡ-long-ούς	hemi1	diaer2
tlg001:1.1144	τε	11	11	short-τε	hemi1
tlg001:1.1144	κατὰ	12	14	short-κα-long-τὰ	hemi2	caesfem3
tlg001:1.1144	ξυλόχους	15	18	short-ξυ-short-λό-long-χους	hemi2
tlg001:1.1144	τε	19	19	short-τε	hemi2
tlg001:1.1144	λιπόντες	20	24	short-λι-long-πόν-long-τες	hemi2
tlg001:1.1145	οὐρῇσιν	1	6	long-οὐ-long-ρῇ-long-σιν	hemi1
tlg001:1.1145	σαίνοντες	7	11	long-σαί-long-νον-short-τες	hemi1
tlg001:1.1145	ἐπήλυθον.	12	16	short-ἐπ-long-ή-short-λυ-short-θον.	hemi2	caesfem3
tlg001:1.1145	ἡ	17	18	long-ἡ	hemi2	bucdiaer
tlg001:1.1145	δὲ	19	19	short-δὲ	hemi2
tlg001:1.1145	καὶ	20	20	short-καὶ	hemi2	correption
tlg001:1.1145	ἄλλο	21	24	long-ἄλ-long-λο	hemi2
tlg001:1.1146	θῆκε	1	3	long-θῆ-short-κε	hemi1
tlg001:1.1146	τέρας·	4	6	short-τέ-long-ρας·	hemi1
tlg001:1.1146	ἐπεὶ	7	8	short-ἐ-short-πεὶ	hemi1	correption
tlg001:1.1146	οὔτι	9	11	long-οὔ-short-τι	hemi1	diaer3
tlg001:1.1146	παροίτερον	12	16	short-πα-long-ροί-short-τε-short-ρον	hemi2	caesfem3
tlg001:1.1146	ὕ̄δατι	17	20	long-ὕ̄-short-δα-short-τι	hemi2	bucdiaer
tlg001:1.1146	νᾶεν	21	24	long-νᾶ-long-εν	hemi2	diaer6
tlg001:1.1147	Δίνδυμον·	1	4	long-Δίν-short-δυ-short-μον·	hemi1
tlg001:1.1147	ἀλλά	5	8	long-ἀλ-long-λά	hemi1	diaer2
tlg001:1.1147	σφιν	9	10	long-σφιν	hemi1
tlg001:1.1147	τότʼ	11	11	short-τότʼ	hemi2	caesmasc3
tlg001:1.1147	ἀνέβραχε	12	16	short-ἀν-long-έ-short-βρα-short-χε	hemi2
tlg001:1.1147	διψάδος	17	20	long-δι-short-ψά-short-δος	hemi2	bucdiaer
tlg001:1.1147	αὔτως	21	24	long-αὔ-long-τως	hemi2	diaer6
tlg001:1.1148	ἐκ	1	2	long-ἐκ	hemi1
tlg001:1.1148	κορυφῆς	3	6	short-κο-short-ρυ-long-φῆς	hemi1
tlg001:1.1148	ἄλληκτον·	7	11	long-ἄλ-long-ληκ-short-τον·	hemi1
tlg001:1.1148	Ἰησονίην	12	18	short-Ἰ-long-η-short-σο-short-νί-long-ην	hemi2	caesfem3
tlg001:1.1148	δʼ	19	19	δʼ	hemi2
tlg001:1.1148	ἐνέπουσιν	19	24	short-ἐν-short-έ-long-που-long-σιν	hemi2
tlg001:1.1149	κεῖνο	1	3	long-κεῖ-short-νο	hemi1
tlg001:1.1149	ποτὸν	4	6	short-πο-long-τὸν	hemi1
tlg001:1.1149	κρήνην	7	10	long-κρή-long-νην	hemi1
tlg001:1.1149	περιναιέται	11	16	short-πε-short-ρι-long-ναι-short-έ-short-ται	hemi2	caesmasc3	correption
tlg001:1.1149	ἄνδρες	17	19	long-ἄν-short-δρες	hemi2	bucdiaer
tlg001:1.1149	ὀπίσσω.	20	24	short-ὀ-long-πίσ-long-σω.	hemi2
tlg001:1.1150	καὶ	1	2	long-καὶ	hemi1
tlg001:1.1150	τότε	3	4	short-τό-short-τε	hemi1
tlg001:1.1150	μὲν	5	6	long-μὲν	hemi1
tlg001:1.1150	δαῖτʼ	7	8	long-δαῖτʼ	hemi1
tlg001:1.1150	ἀμφὶ	9	11	long-ἀμ-short-φὶ	hemi1	diaer3
tlg001:1.1150	θεᾶς	12	14	short-θε-long-ᾶς	hemi2	caesfem3
tlg001:1.1150	θέσαν	15	16	short-θέ-short-σαν	hemi2
tlg001:1.1150	οὔρεσιν	17	20	long-οὔ-short-ρε-short-σιν	hemi2	bucdiaer
tlg001:1.1150	Ἄρκτων,	21	24	long-Ἄρ-long-κτων,	hemi2	diaer6
tlg001:1.1151	μέλποντες	1	6	long-μέλ-long-πον-long-τες	hemi1
tlg001:1.1151	Ῥείην	7	10	long-Ῥεί-long-ην	hemi1
tlg001:1.1151	πολυπότνιαν·	11	16	short-πο-short-λυ-long-πότ-short-νι-short-αν·	hemi2	caesmasc3
tlg001:1.1151	αὐτὰρ	17	19	long-αὐ-short-τὰρ	hemi2	bucdiaer
tlg001:1.1151	ἐς	20	20	short-ἐς	hemi2
tlg001:1.1151	ἠὼ	21	24	long-ἠ-long-ὼ	hemi2	diaer6
tlg001:1.1152	ληξάντων	1	6	long-λη-long-ξάν-long-των	hemi1
tlg001:1.1152	ἀνέμων	7	10	short-ἀ-short-νέ-long-μων	hemi1
tlg001:1.1152	νῆσον	11	14	long-νῆ-long-σον	hemi2	caesmasc3
tlg001:1.1152	λίπον	15	16	short-λί-short-πον	hemi2
tlg001:1.1152	εἰρεσίῃσιν.	17	24	long-εἰ-short-ρε-short-σί-long-ῃ-long-σιν.	hemi2	bucdiaer
tlg001:1.1153	ἔνθʼ	1	2	long-ἔνθʼ	hemi1
tlg001:1.1153	ἔρις	3	4	short-ἔ-short-ρις	hemi1
tlg001:1.1153	ἄνδρα	5	7	long-ἄν-short-δρα	hemi1	diaer2	hiatus
tlg001:1.1153	ἕκαστον	8	11	short-ἕ-long-κασ-short-τον	hemi1
tlg001:1.1153	ἀριστήων	12	18	short-ἀ-long-ρισ-long-τή-long-ων	hemi2	caesfem3
tlg001:1.1153	ὀρόθῡνεν,	19	24	short-ὀ-short-ρό-long-θῡ-long-νεν,	hemi2
tlg001:1.1154	ὅστις	1	3	long-ὅσ-short-τις	hemi1
tlg001:1.1154	ἀπολλήξειε	4	11	short-ἀ-long-πολ-long-λή-long-ξει-short-ε	hemi1
tlg001:1.1154	πανύστατος.	12	16	short-παν-long-ύσ-short-τα-short-τος.	hemi2	caesfem3
tlg001:1.1154	ἀμφὶ	17	19	long-ἀμ-short-φὶ	hemi2	bucdiaer
tlg001:1.1154	γὰρ	20	20	short-γὰρ	hemi2
tlg001:1.1154	αἰθὴρ	21	24	long-αἰ-long-θὴρ	hemi2	diaer6
tlg001:1.1155	νήνεμος	1	4	long-νή-short-νε-short-μος	hemi1
tlg001:1.1155	ἐστόρεσεν	5	10	long-ἐ-short-στό-short-ρε-long-σεν	hemi1	diaer2
tlg001:1.1155	δῑ́νᾱς,	11	14	long-δῑ́-long-νᾱς,	hemi2	caesmasc3
tlg001:1.1155	κατὰ	15	16	short-κα-short-τὰ	hemi2
tlg001:1.1155	δʼ	17	17	δʼ	hemi2
tlg001:1.1155	εὔνασε	17	20	long-εὔ-short-να-short-σε	hemi2	bucdiaer
tlg001:1.1155	πόντον.	21	24	long-πόν-long-τον.	hemi2	diaer6
tlg001:1.1156	οἱ	1	2	long-οἱ	hemi1
tlg001:1.1156	δὲ	3	3	short-δὲ	hemi1
tlg001:1.1156	γαληναίῃ	4	10	short-γα-long-λη-long-ναί-long-ῃ	hemi1
tlg001:1.1156	πίσυνοι	11	14	short-πί-short-συ-long-νοι	hemi2	caesmasc3	hiatus
tlg001:1.1156	ἐλάασκον	15	19	short-ἐ-short-λά-long-ασ-short-κον	hemi2
tlg001:1.1156	ἐπιπρὸ	20	24	short-ἐ-long-πι-long-πρὸ	hemi2
tlg001:1.1157	νῆα	1	3	long-νῆ-short-α	hemi1
tlg001:1.1157	βίῃ·	4	6	short-βί-long-ῃ·	hemi1
tlg001:1.1157	τὴν	7	8	long-τὴν	hemi1
tlg001:1.1157	δʼ	9	9	δʼ	hemi1
tlg001:1.1157	οὔ	9	10	long-οὔ	hemi1	diaer3
tlg001:1.1157	κε	11	11	short-κε	hemi1
tlg001:1.1157	διὲξ	12	14	short-δι-long-ὲξ	hemi2	caesfem3
tlg001:1.1157	ἁλὸς	15	16	short-ἁ-short-λὸς	hemi2
tlg001:1.1157	ἀ̄ίσσουσαν	17	24	long-ἀ̄-long-ίσ-long-σου-long-σαν	hemi2	bucdiaer
tlg001:1.1158	οὐδὲ	1	3	long-οὐ-short-δὲ	hemi1
tlg001:1.1158	Ποσειδᾱ́ωνος	4	11	short-Πο-long-σει-long-δᾱ́-long-ω-short-νος	hemi1
tlg001:1.1158	ἀελλόποδες	12	18	short-ἀ-long-ελ-short-λό-short-πο-long-δες	hemi2	caesfem3
tlg001:1.1158	κίχον	19	20	short-κί-short-χον	hemi2
tlg001:1.1158	ἵπποι.	21	24	long-ἵπ-long-ποι.	hemi2	diaer6
tlg001:1.1159	ἔμπης	1	4	long-ἔμ-long-πης	hemi1
tlg001:1.1159	δʼ	5	5	δʼ	hemi1
tlg001:1.1159	ἐγρομένοιο	5	11	long-ἐ-short-γρο-short-μέ-long-νοι-short-ο	hemi1	diaer2
tlg001:1.1159	σάλου	12	14	short-σά-long-λου	hemi2	caesfem3
tlg001:1.1159	ζαχρηέσιν	15	20	long-ζα-long-χρη-short-έ-short-σιν	hemi2
tlg001:1.1159	αὔραις,	21	24	long-αὔ-long-ραις,	hemi2	diaer6
tlg001:1.1160	αἳ	1	2	long-αἳ	hemi1
tlg001:1.1160	νέον	3	4	short-νέ-short-ον	hemi1
tlg001:1.1160	ἐκ	5	6	long-ἐκ	hemi1	diaer2
tlg001:1.1160	ποταμῶν	7	10	short-πο-short-τα-long-μῶν	hemi1
tlg001:1.1160	ὑπὸ	11	12	short-ὑ-short-πὸ	hemi2	caesmasc3
tlg001:1.1160	δείελον	13	16	long-δεί-short-ε-short-λον	hemi2	diaer4
tlg001:1.1160	ἠερέθονται,	17	24	long-ἠ-short-ε-short-ρέ-long-θον-long-ται,	hemi2	bucdiaer
tlg001:1.1161	τειρόμενοι	1	6	long-τει-short-ρό-short-με-long-νοι	hemi1
tlg001:1.1161	καὶ	7	8	long-καὶ	hemi1
tlg001:1.1161	δὴ	9	10	long-δὴ	hemi1
tlg001:1.1161	μετελώφεον·	11	16	short-μετ-short-ε-long-λώ-short-φε-short-ον·	hemi2	caesmasc3
tlg001:1.1161	αὐτὰρ	17	19	long-αὐ-short-τὰρ	hemi2	bucdiaer
tlg001:1.1161	ὁ	20	20	short-ὁ	hemi2
tlg001:1.1161	τούς	21	22	long-τούς	hemi2	diaer6
tlg001:1.1161	γε	23	24	long-γε	hemi2
tlg001:1.1162	πασσυδίῃ	1	6	long-πασ-short-συ-short-δί-long-ῃ	hemi1
tlg001:1.1162	μογέοντας	7	11	short-μο-short-γέ-long-ον-short-τας	hemi1
tlg001:1.1162	ἐφέλκετο	12	16	short-ἐφ-long-έλ-short-κε-short-το	hemi2	caesfem3
tlg001:1.1162	κάρτεϊ	17	20	long-κάρ-short-τε-short-ϊ	hemi2	bucdiaer
tlg001:1.1162	χειρῶν	21	24	long-χει-long-ρῶν	hemi2	diaer6
tlg001:1.1163	Ἡρακλέης,	1	6	long-Ἡ-short-ρα-short-κλέ-long-ης,	hemi1
tlg001:1.1163	ἐτίνασσε	7	11	short-ἐ-short-τί-long-νασ-short-σε	hemi1
tlg001:1.1163	δʼ	12	12	δʼ	hemi1
tlg001:1.1163	ἀρηρότα	12	16	short-ἀ-long-ρη-short-ρό-short-τα	hemi2	caesfem3
tlg001:1.1163	δούρατα	17	20	long-δού-short-ρα-short-τα	hemi2	bucdiaer
tlg001:1.1163	νηός.	21	24	long-νη-long-ός.	hemi2	diaer6
tlg001:1.1164	ἀλλʼ	1	2	long-ἀλλʼ	hemi1
tlg001:1.1164	ὅτε	3	4	short-ὅ-short-τε	hemi1
tlg001:1.1164	δὴ	5	6	long-δὴ	hemi1	diaer2
tlg001:1.1164	Μῡσῶν	7	10	long-Μῡ-long-σῶν	hemi1
tlg001:1.1164	λελιημένοι	11	16	short-λε-short-λι-long-η-short-μέ-short-νοι	hemi2	caesmasc3	correption
tlg001:1.1164	ἠπείροιο	17	24	long-ἠ-long-πεί-long-ροι-long-ο	hemi2	bucdiaer
tlg001:1.1165	Ῥυνδακίδας	1	6	long-Ῥυν-short-δα-short-κί-long-δας	hemi1
tlg001:1.1165	προχοᾱ̀ς	7	10	short-προ-short-χο-long-ᾱ̀ς	hemi1
tlg001:1.1165	μέγα	11	12	short-μέ-short-γα	hemi2	caesmasc3
tlg001:1.1165	τʼ	13	13	τʼ	hemi2
tlg001:1.1165	ἠρίον	13	16	long-ἠ-short-ρί-short-ον	hemi2	diaer4
tlg001:1.1165	Αἰγαίωνος	17	24	long-Αἰ-long-γαί-long-ω-long-νος	hemi2	bucdiaer
tlg001:1.1166	τυτθὸν	1	3	long-τυτ-short-θὸν	hemi1
tlg001:1.1166	ὑπὲκ	4	6	short-ὑπ-long-ὲκ	hemi1
tlg001:1.1166	Φρυγίης	7	10	short-Φρυ-short-γί-long-ης	hemi1
tlg001:1.1166	παρεμέτρεον	11	16	short-παρ-short-ε-long-μέτ-short-ρε-short-ον	hemi2	caesmasc3
tlg001:1.1166	εἰσορόωντες,	17	24	long-εἰσ-short-ο-short-ρό-long-ων-long-τες,	hemi2	bucdiaer
tlg001:1.1167	δὴ	1	2	long-δὴ	hemi1
tlg001:1.1167	τότʼ	3	3	short-τότʼ	hemi1
tlg001:1.1167	ἀνοχλίζων	4	10	short-ἀν-long-οχ-long-λί-long-ζων	hemi1
tlg001:1.1167	τετρηχότος	11	16	long-τε-long-τρη-short-χό-short-τος	hemi2	caesmasc3
tlg001:1.1167	οἴδματος	17	20	long-οἴδ-short-μα-short-τος	hemi2	bucdiaer
tlg001:1.1167	ὁλκοὺς	21	24	long-ὁλ-long-κοὺς	hemi2	diaer6
tlg001:1.1168	μεσσόθεν	1	4	long-μεσ-short-σό-short-θεν	hemi1
tlg001:1.1168	ἆξεν	5	7	long-ἆ-short-ξεν	hemi1	diaer2
tlg001:1.1168	ἐρετμόν.	8	11	short-ἐ-long-ρετ-short-μόν.	hemi1
tlg001:1.1168	ἀτὰρ	12	14	short-ἀ-long-τὰρ	hemi2	caesfem3
tlg001:1.1168	τρύφος	15	16	short-τρύ-short-φος	hemi2
tlg001:1.1168	ἄλλο	17	19	long-ἄλ-short-λο	hemi2	bucdiaer
tlg001:1.1168	μὲν	20	20	short-μὲν	hemi2
tlg001:1.1168	αὐτὸς	21	24	long-αὐ-long-τὸς	hemi2	diaer6
tlg001:1.1169	ἄμφω	1	4	long-ἄμ-long-φω	hemi1
tlg001:1.1169	χερσὶν	5	7	long-χερ-short-σὶν	hemi1	diaer2
tlg001:1.1169	ἔχων	8	10	short-ἔ-long-χων	hemi1
tlg001:1.1169	πέσε	11	12	short-πέ-short-σε	hemi2	caesmasc3
tlg001:1.1169	δόχμιος,	13	16	long-δόχ-short-μι-short-ος,	hemi2	diaer4
tlg001:1.1169	ἄλλο	17	19	long-ἄλ-short-λο	hemi2	bucdiaer
tlg001:1.1169	δὲ	20	20	short-δὲ	hemi2
tlg001:1.1169	πόντος	21	24	long-πόν-long-τος	hemi2	diaer6
tlg001:1.1170	κλύζε	1	3	long-κλύ-short-ζε	hemi1
tlg001:1.1170	παλιρροθίοισι	4	11	short-πα-long-λιρ-short-ρο-short-θί-long-οι-short-σι	hemi1
tlg001:1.1170	φέρων.	12	14	short-φέ-long-ρων.	hemi2	caesfem3
tlg001:1.1170	ἀνὰ	15	16	short-ἀ-short-νὰ	hemi2
tlg001:1.1170	δʼ	17	17	δʼ	hemi2
tlg001:1.1170	ἕζετο	17	20	long-ἕ-short-ζε-short-το	hemi2	bucdiaer
tlg001:1.1170	σῑγῇ	21	24	long-σῑ-long-γῇ	hemi2	diaer6
tlg001:1.1171	παπταίνων·	1	6	long-παπ-long-ταί-long-νων·	hemi1
tlg001:1.1171	χεῖρες	7	10	long-χεῖ-long-ρες	hemi1
tlg001:1.1171	γὰρ	11	11	short-γὰρ	hemi1
tlg001:1.1171	ἀήθεον	12	16	short-ἀ-long-ή-short-θε-short-ον	hemi2	caesfem3
tlg001:1.1171	ἠρεμέουσαι.	17	24	long-ἠ-short-ρε-short-μέ-long-ου-long-σαι.	hemi2	bucdiaer
tlg001:1.1172	ἦμος	1	4	long-ἦ-long-μος	hemi1
tlg001:1.1172	δʼ	5	5	δʼ	hemi1
tlg001:1.1172	ἀγρόθεν	5	8	long-ἀγ-short-ρό-short-θεν	hemi1	diaer2
tlg001:1.1172	εἶσι	9	11	long-εἶ-short-σι	hemi1	diaer3
tlg001:1.1172	φυτοσκάφος	12	16	short-φυ-long-τοσ-short-κά-short-φος	hemi2	caesfem3
tlg001:1.1172	ἤ	17	18	long-ἤ	hemi2	bucdiaer
tlg001:1.1172	τις	19	19	short-τις	hemi2
tlg001:1.1172	ἀροτρεὺς	20	24	short-ἀ-long-ροτ-long-ρεὺς	hemi2
tlg001:1.1173	ἀσπασίως	1	6	long-ἀσ-short-πα-short-σί-long-ως	hemi1
tlg001:1.1173	εἰς	7	8	long-εἰς	hemi1
tlg001:1.1173	αὖλιν	9	11	long-αὖ-short-λιν	hemi1	diaer3
tlg001:1.1173	ἑήν,	12	14	short-ἑ-long-ήν,	hemi2	caesfem3
tlg001:1.1173	δόρποιο	15	19	long-δόρ-long-ποι-short-ο	hemi2
tlg001:1.1173	χατίζων,	20	24	short-χα-long-τί-long-ζων,	hemi2
tlg001:1.1174	αὐτοῦ	1	4	long-αὐ-long-τοῦ	hemi1
tlg001:1.1174	δʼ	5	5	δʼ	hemi1
tlg001:1.1174	ἐν	5	6	long-ἐν	hemi1	diaer2
tlg001:1.1174	προμολῇ	7	10	short-προ-short-μο-long-λῇ	hemi1
tlg001:1.1174	τετρῡμένα	11	16	long-τε-long-τρῡ-short-μέ-short-να	hemi2	caesmasc3
tlg001:1.1174	γούνατʼ	17	19	long-γού-short-νατʼ	hemi2	bucdiaer
tlg001:1.1174	ἔκαμψεν	20	24	short-ἔ-long-καμ-long-ψεν	hemi2
tlg001:1.1175	αὐσταλέος	1	6	long-αὐσ-short-τα-short-λέ-long-ος	hemi1
tlg001:1.1175	κονίῃσι,	7	11	short-κο-short-νί-long-ῃ-short-σι,	hemi1
tlg001:1.1175	περιτριβέας	12	18	short-πε-long-ρι-short-τρι-short-βέ-long-ας	hemi2	caesfem3
tlg001:1.1175	δέ	19	19	short-δέ	hemi2
tlg001:1.1175	τε	20	20	short-τε	hemi2
tlg001:1.1175	χεῖρας	21	24	long-χεῖ-long-ρας	hemi2	diaer6
tlg001:1.1176	εἰσορόων	1	6	long-εἰσ-short-ο-short-ρό-long-ων	hemi1
tlg001:1.1176	κακὰ	7	8	short-κα-short-κὰ	hemi1
tlg001:1.1176	πολλὰ	9	11	long-πολ-short-λὰ	hemi1	diaer3	hiatus
tlg001:1.1176	ἑῇ	12	14	short-ἑ-long-ῇ	hemi2	caesfem3	hiatus
tlg001:1.1176	ἠρήσατο	15	20	long-ἠ-long-ρή-short-σα-short-το	hemi2
tlg001:1.1176	γαστρί·	21	24	long-γασ-long-τρί·	hemi2	diaer6
tlg001:1.1177	τῆμος	1	3	long-τῆ-short-μος	hemi1
tlg001:1.1177	ἄρʼ	4	4	short-ἄρʼ	hemi1
tlg001:1.1177	οἵ	5	6	long-οἵ	hemi1	diaer2
tlg001:1.1177	γʼ	7	7	γʼ	hemi1
tlg001:1.1177	ἀφίκοντο	7	11	short-ἀφ-short-ί-long-κον-short-το	hemi1
tlg001:1.1177	Κιᾱνίδος	12	16	short-Κι-long-ᾱ-short-νί-short-δος	hemi2	caesfem3
tlg001:1.1177	ἤθεα	17	20	long-ἤ-short-θε-short-α	hemi2	bucdiaer
tlg001:1.1177	γαίης	21	24	long-γαί-long-ης	hemi2	diaer6
tlg001:1.1178	ἀμφʼ	1	2	long-ἀμφʼ	hemi1
tlg001:1.1178	Ἀργανθώνειον	3	11	long-Ἀρ-long-γαν-long-θώ-long-νει-short-ον	hemi1
tlg001:1.1178	ὄρος	12	14	short-ὄ-long-ρος	hemi2	caesfem3
tlg001:1.1178	προχοᾱ́ς	15	18	short-προ-short-χο-long-ᾱ́ς	hemi2
tlg001:1.1178	τε	19	19	short-τε	hemi2
tlg001:1.1178	Κίοιο.	20	24	short-Κί-long-οι-long-ο.	hemi2
tlg001:1.1179	τοὺς	1	2	long-τοὺς	hemi1
tlg001:1.1179	μὲν	3	3	short-μὲν	hemi1
tlg001:1.1179	ἐυξείνως	4	10	short-ἐ-long-υ-long-ξεί-long-νως	hemi1
tlg001:1.1179	Μῡσοὶ	11	14	long-Μῡ-long-σοὶ	hemi2	caesmasc3
tlg001:1.1179	φιλότητι	15	19	short-φι-short-λό-long-τη-short-τι	hemi2
tlg001:1.1179	κιόντας	20	24	short-κι-long-όν-long-τας	hemi2
tlg001:1.1180	δειδέχατʼ,	1	4	long-δει-short-δέ-short-χατʼ,	hemi1
tlg001:1.1180	ἐνναέται	5	10	long-ἐν-short-να-short-έ-long-ται	hemi1	diaer2
tlg001:1.1180	κείνης	11	14	long-κεί-long-νης	hemi2	caesmasc3
tlg001:1.1180	χθονός,	15	16	short-χθο-short-νός,	hemi2
tlg001:1.1180	ἤιά	17	20	long-ἤ-short-ι-short-ά	hemi2	bucdiaer
tlg001:1.1180	τέ	21	22	long-τέ	hemi2
tlg001:1.1180	σφιν	23	24	long-σφιν	hemi2
tlg001:1.1181	μῆλά	1	3	long-μῆ-short-λά	hemi1
tlg001:1.1181	τε	4	4	short-τε	hemi1
tlg001:1.1181	δευομένοις	5	10	long-δευ-short-ο-short-μέ-long-νοις	hemi1	diaer2
tlg001:1.1181	μέθυ	11	12	short-μέ-short-θυ	hemi2	caesmasc3
tlg001:1.1181	τʼ	13	13	τʼ	hemi2
tlg001:1.1181	ἄσπετον	13	16	long-ἄσ-short-πε-short-τον	hemi2	diaer4
tlg001:1.1181	ἐγγυάλιξαν.	17	24	long-ἐγ-short-γυ-short-ά-long-λι-long-ξαν.	hemi2	bucdiaer
tlg001:1.1182	ἔνθα	1	3	long-ἔν-short-θα	hemi1
tlg001:1.1182	δʼ	4	4	δʼ	hemi1
tlg001:1.1182	ἔπειθʼ	4	6	short-ἔ-long-πειθʼ	hemi1
tlg001:1.1182	οἱ	7	8	long-οἱ	hemi1
tlg001:1.1182	μὲν	9	10	long-μὲν	hemi1
tlg001:1.1182	ξύλα	11	12	short-ξύ-short-λα	hemi2	caesmasc3
tlg001:1.1182	κάγκανα,	13	16	long-κάγ-short-κα-short-να,	hemi2	diaer4
tlg001:1.1182	τοὶ	17	18	long-τοὶ	hemi2	bucdiaer
tlg001:1.1182	δὲ	19	19	short-δὲ	hemi2
tlg001:1.1182	λεχαίην	20	24	short-λε-long-χαί-long-ην	hemi2
tlg001:1.1183	φυλλάδα	1	4	long-φυλ-short-λά-short-δα	hemi1
tlg001:1.1183	λειμώνων	5	10	long-λει-long-μώ-long-νων	hemi1	diaer2
tlg001:1.1183	φέρον	11	12	short-φέ-short-ρον	hemi2	caesmasc3
tlg001:1.1183	ἄσπετον	13	16	long-ἄσ-short-πε-short-τον	hemi2	diaer4
tlg001:1.1183	ἀ̄μήσαντες,	17	24	long-ἀ̄-long-μή-long-σαν-long-τες,	hemi2	bucdiaer
tlg001:1.1184	στόρνυσθαι·	1	6	long-στόρ-long-νυσ-long-θαι·	hemi1
tlg001:1.1184	τοὶ	7	8	long-τοὶ	hemi1
tlg001:1.1184	δʼ	9	9	δʼ	hemi1
tlg001:1.1184	ἀμφὶ	9	11	long-ἀμ-short-φὶ	hemi1	diaer3
tlg001:1.1184	πυρήια	12	16	short-πυ-long-ρή-short-ι-short-α	hemi2	caesfem3
tlg001:1.1184	δῑνεύεσκον·	17	24	long-δῑ-long-νεύ-long-εσ-long-κον·	hemi2	bucdiaer
tlg001:1.1185	οἱ	1	2	long-οἱ	hemi1
tlg001:1.1185	δʼ	3	3	δʼ	hemi1
tlg001:1.1185	οἶνον	3	6	long-οἶ-long-νον	hemi1
tlg001:1.1185	κρητῆρσι	7	11	long-κρη-long-τῆρ-short-σι	hemi1
tlg001:1.1185	κέρων,	12	14	short-κέ-long-ρων,	hemi2	caesfem3
tlg001:1.1185	πονέοντό	15	19	short-πο-short-νέ-long-ον-short-τό	hemi2
tlg001:1.1185	τε	20	20	short-τε	hemi2
tlg001:1.1185	δαῖτα,	21	24	long-δαῖ-long-τα,	hemi2	diaer6
tlg001:1.1186	Ἐκβασίῳ	1	6	long-Ἐκ-short-βα-short-σί-long-ῳ	hemi1
tlg001:1.1186	ῥέξαντες	7	11	long-ῥέ-long-ξαν-short-τες	hemi1
tlg001:1.1186	ὑπὸ	12	14	short-ὑ-long-πὸ	hemi2	caesfem3
tlg001:1.1186	κνέφας	15	16	short-κνέ-short-φας	hemi2
tlg001:1.1186	Ἀ̄πόλλωνι.	17	24	long-Ἀ̄-long-πόλ-long-λω-long-νι.	hemi2	bucdiaer
tlg001:1.1187	αὐτὰρ	1	3	long-αὐ-short-τὰρ	hemi1
tlg001:1.1187	ὁ	4	4	short-ὁ	hemi1
tlg001:1.1187	δαίνυσθαι	5	10	long-δαί-long-νυσ-long-θαι	hemi1	diaer2	hiatus
tlg001:1.1187	ἑτάροις	11	14	short-ἑ-short-τά-long-ροις	hemi2	caesmasc3
tlg001:1.1187	οἷς	15	16	long-οἷς	hemi2
tlg001:1.1187	εὖ	17	18	long-εὖ	hemi2	bucdiaer	hiatus
tlg001:1.1187	ἐπιτείλᾱς	19	24	short-ἐ-short-πι-long-τεί-long-λᾱς	hemi2
tlg001:1.1188	βῆ	1	2	long-βῆ	hemi1
tlg001:1.1188	ῥ᾽	3	3	ῥ᾽	hemi1
tlg001:1.1188	ἴμεν	3	4	short-ἴ-short-μεν	hemi1
tlg001:1.1188	εἰς	5	6	long-εἰς	hemi1	diaer2
tlg001:1.1188	ὕ̄λην	7	10	long-ὕ̄-long-λην	hemi1
tlg001:1.1188	υἱὸς	11	14	long-υἱ-long-ὸς	hemi2	caesmasc3
tlg001:1.1188	Διός,	15	16	short-Δι-short-ός,	hemi2
tlg001:1.1188	ὥς	17	18	long-ὥς	hemi2	bucdiaer
tlg001:1.1188	κεν	19	19	short-κεν	hemi2
tlg001:1.1188	ἐρετμὸν	20	24	short-ἐ-long-ρετ-long-μὸν	hemi2
tlg001:1.1189	οἷ	1	2	long-οἷ	hemi1	hiatus
tlg001:1.1189	αὐτῷ	3	6	long-αὐ-long-τῷ	hemi1
tlg001:1.1189	φθαίη	7	10	long-φθαί-long-η	hemi1
tlg001:1.1189	καταχείριον	11	16	short-κα-short-τα-long-χεί-short-ρι-short-ον	hemi2	caesmasc3
tlg001:1.1189	ἐντῡ́νασθαι.	17	24	long-ἐν-long-τῡ́-long-νασ-long-θαι.	hemi2	bucdiaer
tlg001:1.1190	εὗρεν	1	3	long-εὗ-short-ρεν	hemi1
tlg001:1.1190	ἔπειτʼ	4	6	short-ἔ-long-πειτʼ	hemi1
tlg001:1.1190	ἐλάτην	7	10	short-ἐ-short-λά-long-την	hemi1
tlg001:1.1190	ἀλαλήμενος,	11	16	short-ἀ-short-λα-long-λή-short-με-short-νος,	hemi2	caesmasc3
tlg001:1.1190	οὔτε	17	19	long-οὔ-short-τε	hemi2	bucdiaer
tlg001:1.1190	τι	20	20	short-τι	hemi2
tlg001:1.1190	πολλοῖς	21	24	long-πολ-long-λοῖς	hemi2	diaer6
tlg001:1.1191	ἀχθομένην	1	6	long-ἀχ-short-θο-short-μέ-long-νην	hemi1
tlg001:1.1191	ὄζοις,	7	10	long-ὄ-long-ζοις,	hemi1
tlg001:1.1191	οὐδὲ	11	14	long-οὐ-long-δὲ	hemi2	caesmasc3	preliquid
tlg001:1.1191	μέγα	15	16	short-μέ-short-γα	hemi2
tlg001:1.1191	τηλεθόωσαν,	17	24	long-τη-short-λε-short-θό-long-ω-long-σαν,	hemi2	bucdiaer
tlg001:1.1192	ἀλλʼ	1	2	long-ἀλλʼ	hemi1
tlg001:1.1192	οἷον	3	6	long-οἷ-long-ον	hemi1
tlg001:1.1192	ταναῆς	7	10	short-τα-short-να-long-ῆς	hemi1
tlg001:1.1192	ἔρνος	11	14	long-ἔρ-long-νος	hemi2	caesmasc3
tlg001:1.1192	πέλει	15	16	short-πέ-short-λει	hemi2	correption
tlg001:1.1192	αἰγείροιο·	17	24	long-αἰ-long-γεί-long-ροι-long-ο·	hemi2	bucdiaer
tlg001:1.1193	τόσση	1	3	long-τόσ-short-ση	hemi1	correption
tlg001:1.1193	ὁμῶς	4	6	short-ὁ-long-μῶς	hemi1
tlg001:1.1193	μῆκός	7	10	long-μῆ-long-κός	hemi1
tlg001:1.1193	τε	11	11	short-τε	hemi1
tlg001:1.1193	καὶ	12	12	short-καὶ	hemi2	caesfem3	correption
tlg001:1.1193	ἐς	13	14	long-ἐς	hemi2
tlg001:1.1193	πάχος	15	16	short-πά-short-χος	hemi2
tlg001:1.1193	ἦεν	17	19	long-ἦ-short-εν	hemi2	bucdiaer
tlg001:1.1193	ἰδέσθαι.	20	24	short-ἰ-long-δέσ-long-θαι.	hemi2
tlg001:1.1194	ῥίμφα	1	3	long-ῥίμ-short-φα	hemi1
tlg001:1.1194	δʼ	4	4	δʼ	hemi1
tlg001:1.1194	ὀιστοδόκην	4	10	short-ὀ-long-ισ-short-το-short-δό-long-κην	hemi1
tlg001:1.1194	μὲν	11	11	short-μὲν	hemi1
tlg001:1.1194	ἐπὶ	12	14	short-ἐ-long-πὶ	hemi2	caesfem3
tlg001:1.1194	χθονὶ	15	16	short-χθο-short-νὶ	hemi2
tlg001:1.1194	θῆκε	17	19	long-θῆ-short-κε	hemi2	bucdiaer
tlg001:1.1194	φαρέτρην	20	24	short-φα-long-ρέτ-long-ρην	hemi2
tlg001:1.1195	αὐτοῖσιν	1	6	long-αὐ-long-τοῖ-long-σιν	hemi1
tlg001:1.1195	τόξοισιν,	7	11	long-τό-long-ξοι-short-σιν,	hemi1
tlg001:1.1195	ἔδῡ	12	14	short-ἔ-long-δῡ	hemi2	caesfem3
tlg001:1.1195	δʼ	15	15	δʼ	hemi2
tlg001:1.1195	ἀπὸ	15	16	short-ἀ-short-πὸ	hemi2
tlg001:1.1195	δέρμα	17	19	long-δέρ-short-μα	hemi2	bucdiaer
tlg001:1.1195	λέοντος.	20	24	short-λέ-long-ον-long-τος.	hemi2
tlg001:1.1196	τὴν	1	2	long-τὴν	hemi1
tlg001:1.1196	δʼ	3	3	δʼ	hemi1
tlg001:1.1196	ὅγε	3	4	short-ὅ-short-γε	hemi1
tlg001:1.1196	χαλκοβαρεῖ	5	10	long-χαλ-short-κο-short-βα-long-ρεῖ	hemi1	diaer2
tlg001:1.1196	ῥοπάλῳ	11	14	short-ῥο-short-πά-long-λῳ	hemi2	caesmasc3
tlg001:1.1196	δαπέδοιο	15	19	short-δα-short-πέ-long-δοι-short-ο	hemi2
tlg001:1.1196	τινάξᾱς	20	24	short-τι-long-νά-long-ξᾱς	hemi2
tlg001:1.1197	νειόθεν	1	4	long-νει-short-ό-short-θεν	hemi1
tlg001:1.1197	ἀμφοτέρῃσι	5	11	long-ἀμ-short-φο-short-τέ-long-ρῃ-short-σι	hemi1	diaer2
tlg001:1.1197	περὶ	12	14	short-πε-long-ρὶ	hemi2	caesfem3
tlg001:1.1197	στύπος	15	16	short-στύ-short-πος	hemi2
tlg001:1.1197	ἔλλαβε	17	20	long-ἔλ-short-λα-short-βε	hemi2	bucdiaer
tlg001:1.1197	χερσίν,	21	24	long-χερ-long-σίν,	hemi2	diaer6
tlg001:1.1198	ἠνορέῃ	1	6	long-ἠ-short-νο-short-ρέ-long-ῃ	hemi1
tlg001:1.1198	πίσυνος·	7	10	short-πί-short-συ-long-νος·	hemi1
tlg001:1.1198	ἐν	11	12	long-ἐν	hemi2	caesmasc3
tlg001:1.1198	δὲ	13	14	long-δὲ	hemi2
tlg001:1.1198	πλατὺν	15	16	short-πλα-short-τὺν	hemi2
tlg001:1.1198	ὦμον	17	19	long-ὦ-short-μον	hemi2	bucdiaer
tlg001:1.1198	ἔρεισεν	20	24	short-ἔ-long-ρει-long-σεν	hemi2
tlg001:1.1199	εὖ	1	2	long-εὖ	hemi1
tlg001:1.1199	διαβᾱ́ς·	3	6	short-δι-short-α-long-βᾱ́ς·	hemi1
tlg001:1.1199	πεδόθεν	7	10	short-πε-short-δό-long-θεν	hemi1
tlg001:1.1199	δὲ	11	11	short-δὲ	hemi1
tlg001:1.1199	βαθύρριζόν	12	18	short-βα-long-θύρ-long-ρι-long-ζόν	hemi2	caesfem3
tlg001:1.1199	περ	19	19	short-περ	hemi2
tlg001:1.1199	ἐοῦσαν	20	24	short-ἐ-long-οῦ-long-σαν	hemi2
tlg001:1.1200	προσφῡ̀ς	1	4	long-προσ-long-φῡ̀ς	hemi1
tlg001:1.1200	ἐξήειρε	5	11	long-ἐξ-long-ή-long-ει-short-ρε	hemi1	diaer2
tlg001:1.1200	σὺν	12	12	short-σὺν	hemi2	caesfem3
tlg001:1.1200	αὐτοῖς	13	16	long-αὐ-long-τοῖς	hemi2	diaer4
tlg001:1.1200	ἔχμασι	17	20	long-ἔχ-short-μα-short-σι	hemi2	bucdiaer
tlg001:1.1200	γαίης.	21	24	long-γαί-long-ης.	hemi2	diaer6
tlg001:1.1201	ὡς	1	2	long-ὡς	hemi1
tlg001:1.1201	δʼ	3	3	δʼ	hemi1
tlg001:1.1201	ὅταν	3	4	short-ὅ-short-ταν	hemi1
tlg001:1.1201	ἀπροφάτως	5	10	long-ἀ-short-προ-short-φά-long-τως	hemi1	diaer2
tlg001:1.1201	ἱστὸν	11	14	long-ἱσ-long-τὸν	hemi2	caesmasc3
tlg001:1.1201	νεός,	15	16	short-νε-short-ός,	hemi2
tlg001:1.1201	εὖτε	17	19	long-εὖ-short-τε	hemi2	bucdiaer
tlg001:1.1201	μάλιστα	20	24	short-μά-long-λισ-long-τα	hemi2
tlg001:1.1202	χειμερίη	1	6	long-χει-short-με-short-ρί-long-η	hemi1	hiatus
tlg001:1.1202	ὀλοοῖο	7	11	short-ὀ-short-λο-long-οῖ-short-ο	hemi1
tlg001:1.1202	δύσις	12	14	short-δύ-long-σις	hemi2	caesfem3
tlg001:1.1202	πέλει	15	16	short-πέ-short-λει	hemi2	correption
tlg001:1.1202	Ὠρῑ́ωνος,	17	24	long-Ὠ-long-ρῑ́-long-ω-long-νος,	hemi2	bucdiaer
tlg001:1.1203	ὑψόθεν	1	4	long-ὑ-short-ψό-short-θεν	hemi1
tlg001:1.1203	ἐμπλήξᾱσα	5	11	long-ἐμ-long-πλή-long-ξᾱ-short-σα	hemi1	diaer2
tlg001:1.1203	θοὴ	12	14	short-θο-long-ὴ	hemi2	caesfem3	hiatus
tlg001:1.1203	ἀνέμοιο	15	19	short-ἀ-short-νέ-long-μοι-short-ο	hemi2
tlg001:1.1203	κατᾱ́ιξ	20	24	short-κα-long-τᾱ́-long-ιξ	hemi2
tlg001:1.1204	αὐτοῖσι	1	6	long-αὐ-long-τοῖ-long-σι	hemi1
tlg001:1.1204	σφήνεσσιν	7	11	long-σφή-long-νεσ-short-σιν	hemi1
tlg001:1.1204	ὑπὲκ	12	14	short-ὑπ-long-ὲκ	hemi2	caesfem3
tlg001:1.1204	προτόνων	15	18	short-προ-short-τό-long-νων	hemi2
tlg001:1.1204	ἐρύσηται·	19	24	short-ἐ-short-ρύ-long-ση-long-ται·	hemi2
tlg001:1.1205	ὧς	1	2	long-ὧς	hemi1
tlg001:1.1205	ὅγε	3	4	short-ὅ-short-γε	hemi1
tlg001:1.1205	τὴν	5	6	long-τὴν	hemi1	diaer2
tlg001:1.1205	ἤειρεν.	7	11	long-ἤ-long-ει-short-ρεν.	hemi1
tlg001:1.1205	ὁμοῦ	12	14	short-ὁ-long-μοῦ	hemi2	caesfem3
tlg001:1.1205	δʼ	15	15	δʼ	hemi2
tlg001:1.1205	ἀνὰ	15	16	short-ἀ-short-νὰ	hemi2
tlg001:1.1205	τόξα	17	19	long-τό-short-ξα	hemi2	bucdiaer
tlg001:1.1205	καὶ	20	20	short-καὶ	hemi2	correption
tlg001:1.1205	ἰ̄οὺς	21	24	long-ἰ̄-long-οὺς	hemi2
tlg001:1.1206	δέρμα	1	3	long-δέρ-short-μα	hemi1
tlg001:1.1206	θ᾽ἑλὼν	4	6	short-θ᾽ἑ-long-λὼν	hemi1
tlg001:1.1206	ῥόπαλόν	7	10	short-ῥό-short-πα-long-λόν	hemi1
tlg001:1.1206	τε	11	11	short-τε	hemi1
tlg001:1.1206	παλίσσυτος	12	16	short-πα-long-λίσ-short-συ-short-τος	hemi2	caesfem3
tlg001:1.1206	ὦρτο	17	19	long-ὦρ-short-το	hemi2	bucdiaer
tlg001:1.1206	νέεσθαι.	20	24	short-νέ-long-εσ-long-θαι.	hemi2
tlg001:1.1207	τόφρα	1	3	long-τόφ-short-ρα	hemi1
tlg001:1.1207	δʼ	4	4	δʼ	hemi1
tlg001:1.1207	Ὕλᾱς	4	6	short-Ὕ-long-λᾱς	hemi1
tlg001:1.1207	χαλκέῃ	7	10	long-χαλ-long-κέῃ	hemi1	synizesis
tlg001:1.1207	σὺν	11	12	long-σὺν	hemi2	caesmasc3
tlg001:1.1207	κάλπιδι	13	16	long-κάλ-short-πι-short-δι	hemi2	diaer4
tlg001:1.1207	νόσφιν	17	19	long-νόσ-short-φιν	hemi2	bucdiaer
tlg001:1.1207	ὁμῑ́λου	20	24	short-ὁ-long-μῑ́-long-λου	hemi2
tlg001:1.1208	δίζητο	1	6	long-δί-long-ζη-long-το	hemi1
tlg001:1.1208	κρήνης	7	10	long-κρή-long-νης	hemi1
tlg001:1.1208	ἱερὸν	11	14	short-ἱ-short-ε-long-ρὸν	hemi2	caesmasc3
tlg001:1.1208	ῥόον,	15	16	short-ῥό-short-ον,	hemi2
tlg001:1.1208	ὥς	17	18	long-ὥς	hemi2	bucdiaer
tlg001:1.1208	κέ	19	19	short-κέ	hemi2	hiatus
tlg001:1.1208	οἱ	20	20	short-οἱ	hemi2	correption
tlg001:1.1208	ὕ̄δωρ	21	24	long-ὕ̄-long-δωρ	hemi2	diaer6
tlg001:1.1209	φθαίη	1	3	long-φθαί-short-η	hemi1	correption
tlg001:1.1209	ἀφυσσάμενος	4	10	short-ἀ-long-φυσ-short-σά-short-με-long-νος	hemi1
tlg001:1.1209	ποτιδόρπιον,	11	16	short-πο-short-τι-long-δόρ-short-πι-short-ον,	hemi2	caesmasc3
tlg001:1.1209	ἄλλα	17	19	long-ἄλ-short-λα	hemi2	bucdiaer
tlg001:1.1209	τε	20	20	short-τε	hemi2
tlg001:1.1209	πάντα	21	24	long-πάν-long-τα	hemi2	diaer6
tlg001:1.1210	ὀτραλέως	1	6	long-ὀτ-short-ρα-short-λέ-long-ως	hemi1
tlg001:1.1210	κατὰ	7	8	short-κα-short-τὰ	hemi1
tlg001:1.1210	κόσμον	9	11	long-κόσ-short-μον	hemi1	diaer3
tlg001:1.1210	ἐπαρτίσσειεν	12	19	short-ἐπ-long-αρ-long-τίσ-long-σει-short-εν	hemi2	caesfem3
tlg001:1.1210	ἰόντι.	20	24	short-ἰ-long-όν-long-τι.	hemi2
tlg001:1.1211	δὴ	1	2	long-δὴ	hemi1
tlg001:1.1211	γάρ	3	4	long-γάρ	hemi1
tlg001:1.1211	μιν	5	6	long-μιν	hemi1
tlg001:1.1211	τοίοισιν	7	11	long-τοί-long-οι-short-σιν	hemi1
tlg001:1.1211	ἐν	12	12	short-ἐν	hemi2	caesfem3
tlg001:1.1211	ἤθεσιν	13	16	long-ἤ-short-θε-short-σιν	hemi2	diaer4
tlg001:1.1211	αὐτὸς	17	19	long-αὐ-short-τὸς	hemi2	bucdiaer
tlg001:1.1211	ἔφερβεν,	20	24	short-ἔ-long-φερ-long-βεν,	hemi2
tlg001:1.1212	νηπίαχον	1	6	long-νη-short-πί-short-α-long-χον	hemi1
tlg001:1.1212	τὰ	7	8	long-τὰ	hemi1
tlg001:1.1212	πρῶτα	9	11	long-πρῶ-short-τα	hemi1	diaer3
tlg001:1.1212	δόμων	12	14	short-δό-long-μων	hemi2	caesfem3
tlg001:1.1212	ἐκ	15	16	long-ἐκ	hemi2
tlg001:1.1212	πατρὸς	17	19	long-πατ-short-ρὸς	hemi2	bucdiaer
tlg001:1.1212	ἀπούρᾱς,	20	24	short-ἀπ-long-ού-long-ρᾱς,	hemi2
tlg001:1.1213	δῑ́ου	1	4	long-δῑ́-long-ου	hemi1
tlg001:1.1213	Θειοδάμαντος,	5	11	long-Θει-short-ο-short-δά-long-μαν-short-τος,	hemi1	diaer2
tlg001:1.1213	ὃν	12	12	short-ὃν	hemi2	caesfem3
tlg001:1.1213	ἐν	13	14	long-ἐν	hemi2	diaer4
tlg001:1.1213	Δρυόπεσσιν	15	19	short-Δρυ-short-ό-long-πεσ-short-σιν	hemi2
tlg001:1.1213	ἔπεφνεν	20	24	short-ἔ-long-πεφ-long-νεν	hemi2
tlg001:1.1214	νηλειῶς,	1	6	long-νη-long-λει-long-ῶς,	hemi1
tlg001:1.1214	βοὸς	7	8	short-βο-short-ὸς	hemi1
tlg001:1.1214	ἀμφὶ	9	11	long-ἀμ-short-φὶ	hemi1	diaer3
tlg001:1.1214	γεωμόρου	12	16	short-γε-long-ω-short-μό-short-ρου	hemi2	caesfem3	correption
tlg001:1.1214	ἀντιόωντα.	17	24	long-ἀν-short-τι-short-ό-long-ων-long-τα.	hemi2	bucdiaer
tlg001:1.1215	ἤτοι	1	3	long-ἤ-short-τοι	hemi1	correption
tlg001:1.1215	ὁ	4	4	short-ὁ	hemi1
tlg001:1.1215	μὲν	5	6	long-μὲν	hemi1
tlg001:1.1215	νειοῖο	7	11	long-νει-long-οῖ-short-ο	hemi1
tlg001:1.1215	γύᾱς	12	14	short-γύ-long-ᾱς	hemi2	caesfem3
tlg001:1.1215	τέμνεσκεν	15	19	long-τέμ-long-νεσ-short-κεν	hemi2
tlg001:1.1215	ἀρότρῳ	20	24	short-ἀ-long-ρότ-long-ρῳ	hemi2
tlg001:1.1216	Θειοδάμᾱς	1	6	long-Θει-short-ο-short-δά-long-μᾱς	hemi1
tlg001:1.1216	ἀνίῃ	7	10	short-ἀν-short-ί-long-ῃ	hemi1
tlg001:1.1216	βεβολημένος·	11	16	short-βε-short-βο-long-λη-short-μέ-short-νος·	hemi2	caesmasc3
tlg001:1.1216	αὐτὰρ	17	19	long-αὐ-short-τὰρ	hemi2	bucdiaer
tlg001:1.1216	ὁ	20	20	short-ὁ	hemi2
tlg001:1.1216	τόν	21	22	long-τόν	hemi2	diaer6
tlg001:1.1216	γε	23	24	long-γε	hemi2
tlg001:1.1217	βοῦν	1	2	long-βοῦν	hemi1
tlg001:1.1217	ἀρότην	3	6	short-ἀ-short-ρό-long-την	hemi1
tlg001:1.1217	ἤνωγε	7	11	long-ἤ-long-νω-short-γε	hemi1
tlg001:1.1217	παρασχέμεν	12	16	short-πα-long-ρα-short-σχέ-short-μεν	hemi2	caesfem3
tlg001:1.1217	οὐκ	17	18	long-οὐκ	hemi2	bucdiaer
tlg001:1.1217	ἐθέλοντα.	19	24	short-ἐ-short-θέ-long-λον-long-τα.	hemi2
tlg001:1.1218	ἵ̄ετο	1	4	long-ἵ̄-short-ε-short-το	hemi1
tlg001:1.1218	γὰρ	5	6	long-γὰρ	hemi1
tlg001:1.1218	πρόφασιν	7	10	short-πρό-short-φα-long-σιν	hemi1
tlg001:1.1218	πολέμου	11	14	short-πο-short-λέ-long-μου	hemi2	caesmasc3
tlg001:1.1218	Δρυόπεσσι	15	19	short-Δρυ-short-ό-long-πεσ-short-σι	hemi2
tlg001:1.1218	βαλέσθαι	20	24	short-βα-long-λέσ-long-θαι	hemi2
tlg001:1.1219	λευγαλέην,	1	6	long-λευ-short-γα-short-λέ-long-ην,	hemi1
tlg001:1.1219	ἐπεὶ	7	8	short-ἐ-short-πεὶ	hemi1	correption
tlg001:1.1219	οὔτι	9	11	long-οὔ-short-τι	hemi1	diaer3
tlg001:1.1219	δίκης	12	14	short-δί-long-κης	hemi2	caesfem3
tlg001:1.1219	ἀλέγοντες	15	19	short-ἀ-short-λέ-long-γον-short-τες	hemi2
tlg001:1.1219	ἔναιον.	20	24	short-ἔ-long-ναι-long-ον.	hemi2
tlg001:1.1220	ἀλλὰ	1	3	long-ἀλ-short-λὰ	hemi1
tlg001:1.1220	τὰ	4	4	short-τὰ	hemi1
tlg001:1.1220	μὲν	5	6	long-μὲν	hemi1
tlg001:1.1220	τηλοῦ	7	10	long-τη-long-λοῦ	hemi1
tlg001:1.1220	κεν	11	11	short-κεν	hemi1
tlg001:1.1220	ἀποπλάγξειεν	12	19	short-ἀ-long-πο-long-πλάγ-long-ξει-short-εν	hemi2	caesfem3
tlg001:1.1220	ἀοιδῆς.	20	24	short-ἀ-long-οι-long-δῆς.	hemi2
tlg001:1.1221	αἶψα	1	3	long-αἶ-short-ψα	hemi1
tlg001:1.1221	δʼ	4	4	δʼ	hemi1
tlg001:1.1221	ὅ	4	4	short-ὅ	hemi1
tlg001:1.1221	γε	5	6	long-γε	hemi1
tlg001:1.1221	κρήνην	7	10	long-κρή-long-νην	hemi1
tlg001:1.1221	μετεκῑ́αθεν,	11	16	short-μετ-short-ε-long-κῑ́-short-α-short-θεν,	hemi2	caesmasc3
tlg001:1.1221	ἣν	17	18	long-ἣν	hemi2	bucdiaer
tlg001:1.1221	καλέουσιν	19	24	short-κα-short-λέ-long-ου-long-σιν	hemi2
tlg001:1.1222	Πηγᾱ̀ς	1	4	long-Πη-long-γᾱ̀ς	hemi1
tlg001:1.1222	ἀγχίγυοι	5	10	long-ἀγ-short-χί-short-γυ-long-οι	hemi1	diaer2
tlg001:1.1222	περιναιέται.	11	16	short-πε-short-ρι-long-ναι-short-έ-short-ται.	hemi2	caesmasc3	correption
tlg001:1.1222	οἱ	17	18	long-οἱ	hemi2	bucdiaer
tlg001:1.1222	δέ	19	19	short-δέ	hemi2
tlg001:1.1222	που	20	20	short-που	hemi2	correption
tlg001:1.1222	ἄρτι	21	24	long-ἄρ-long-τι	hemi2	diaer6
tlg001:1.1223	νυμφᾱ́ων	1	6	long-νυμ-long-φᾱ́-long-ων	hemi1
tlg001:1.1223	ἵσταντο	7	11	long-ἵσ-long-ταν-short-το	hemi1
tlg001:1.1223	χοροί·	12	14	short-χο-long-ροί·	hemi2	caesfem3
tlg001:1.1223	μέλε	15	16	short-μέ-short-λε	hemi2
tlg001:1.1223	γάρ	17	18	long-γάρ	hemi2
tlg001:1.1223	σφισι	19	20	short-σφι-short-σι	hemi2
tlg001:1.1223	πᾱ́σαις,	21	24	long-πᾱ́-long-σαις,	hemi2	diaer6
tlg001:1.1224	ὅσσαι	1	4	long-ὅσ-long-σαι	hemi1
tlg001:1.1224	κεῖσʼ	5	6	long-κεῖσʼ	hemi1	diaer2
tlg001:1.1224	ἐρατὸν	7	10	short-ἐ-short-ρα-long-τὸν	hemi1
tlg001:1.1224	νύμφαι	11	14	long-νύμ-long-φαι	hemi2	caesmasc3
tlg001:1.1224	ῥίον	15	16	short-ῥί-short-ον	hemi2
tlg001:1.1224	ἀμφενέμοντο,	17	24	long-ἀμφ-short-ε-short-νέ-long-μον-long-το,	hemi2	bucdiaer
tlg001:1.1225	Ἄρτεμιν	1	4	long-Ἄρ-short-τε-short-μιν	hemi1
tlg001:1.1225	ἐννυχίῃσιν	5	11	long-ἐν-short-νυ-short-χί-long-ῃ-short-σιν	hemi1	diaer2
tlg001:1.1225	ἀεὶ	12	14	short-ἀ-long-εὶ	hemi2	caesfem3
tlg001:1.1225	μέλπεσθαι	15	19	long-μέλ-long-πεσ-short-θαι	hemi2	correption
tlg001:1.1225	ἀοιδαῖς.	20	24	short-ἀ-long-οι-long-δαῖς.	hemi2
tlg001:1.1226	αἱ	1	2	long-αἱ	hemi1
tlg001:1.1226	μέν,	3	3	short-μέν,	hemi1
tlg001:1.1226	ὅσαι	4	6	short-ὅ-long-σαι	hemi1
tlg001:1.1226	σκοπιᾱ̀ς	7	10	short-σκο-short-πι-long-ᾱ̀ς	hemi1
tlg001:1.1226	ὀρέων	11	14	short-ὀ-short-ρέ-long-ων	hemi2	caesmasc3
tlg001:1.1226	λάχον	15	16	short-λά-short-χον	hemi2
tlg001:1.1226	ἢ	17	18	long-ἢ	hemi2	bucdiaer
tlg001:1.1226	καὶ	19	19	short-καὶ	hemi2	correption
tlg001:1.1226	ἐναύλους,	20	24	short-ἐν-long-αύ-long-λους,	hemi2
tlg001:1.1227	αἵγε	1	3	long-αἵ-short-γε	hemi1
tlg001:1.1227	μὲν	4	4	short-μὲν	hemi1
tlg001:1.1227	ὑ̄λήωροι	5	11	long-ὑ̄-long-λή-long-ω-short-ροι	hemi1	diaer2	correption
tlg001:1.1227	ἀπόπροθεν	12	16	short-ἀ-long-πό-short-προ-short-θεν	hemi2	caesfem3
tlg001:1.1227	ἐστιχόωντο,	17	24	long-ἐ-short-στι-short-χό-long-ων-long-το,	hemi2	bucdiaer
tlg001:1.1228	ἡ	1	2	long-ἡ	hemi1
tlg001:1.1228	δὲ	3	3	short-δὲ	hemi1
tlg001:1.1228	νέον	4	6	short-νέ-long-ον	hemi1
tlg001:1.1228	κρήνης	7	10	long-κρή-long-νης	hemi1
tlg001:1.1228	ἀνεδῡ́ετο	11	16	short-ἀν-short-ε-long-δῡ́-short-ε-short-το	hemi2	caesmasc3
tlg001:1.1228	καλλινάοιο	17	24	long-καλ-short-λι-short-νά-long-οι-long-ο	hemi2	bucdiaer
tlg001:1.1229	νύμφη	1	3	long-νύμ-short-φη	hemi1	correption
tlg001:1.1229	ἐφῡδατίη·	4	10	short-ἐφ-long-ῡ-short-δα-short-τί-long-η·	hemi1
tlg001:1.1229	τὸν	11	12	long-τὸν	hemi2	caesmasc3
tlg001:1.1229	δὲ	13	14	long-δὲ	hemi2
tlg001:1.1229	σχεδὸν	15	16	short-σχε-short-δὸν	hemi2
tlg001:1.1229	εἰσενόησεν	17	24	long-εἰσ-short-ε-short-νό-long-η-long-σεν	hemi2	bucdiaer
tlg001:1.1230	κάλλεϊ	1	4	long-κάλ-short-λε-short-ϊ	hemi1
tlg001:1.1230	καὶ	5	6	long-καὶ	hemi1	diaer2
tlg001:1.1230	γλυκερῇσιν	7	11	short-γλυ-short-κε-long-ρῇ-short-σιν	hemi1
tlg001:1.1230	ἐρευθόμενον	12	18	short-ἐ-long-ρευ-short-θό-short-με-long-νον	hemi2	caesfem3
tlg001:1.1230	χαρίτεσσιν.	19	24	short-χα-short-ρί-long-τεσ-long-σιν.	hemi2
tlg001:1.1231	πρὸς	1	2	long-πρὸς	hemi1
tlg001:1.1231	γάρ	3	4	long-γάρ	hemi1
tlg001:1.1231	οἱ	5	6	long-οἱ	hemi1
tlg001:1.1231	διχόμηνις	7	11	short-δι-short-χό-long-μη-short-νις	hemi1
tlg001:1.1231	ἀπʼ	12	12	short-ἀπʼ	hemi2	caesfem3
tlg001:1.1231	αἰθέρος	13	16	long-αἰ-short-θέ-short-ρος	hemi2	diaer4
tlg001:1.1231	αὐγάζουσα	17	24	long-αὐ-long-γά-long-ζου-long-σα	hemi2	bucdiaer
tlg001:1.1232	βάλλε	1	3	long-βάλ-short-λε	hemi1
tlg001:1.1232	σεληναίη.	4	10	short-σε-long-λη-long-ναί-long-η.	hemi1
tlg001:1.1232	τὴν	11	12	long-τὴν	hemi2	caesmasc3
tlg001:1.1232	δὲ	13	14	long-δὲ	hemi2
tlg001:1.1232	φρένας	15	16	short-φρέ-short-νας	hemi2
tlg001:1.1232	ἐπτοίησεν	17	24	long-ἐπ-long-τοί-long-η-long-σεν	hemi2	bucdiaer
tlg001:1.1233	Κύπρις,	1	3	long-Κύπ-short-ρις,	hemi1
tlg001:1.1233	ἀμηχανίῃ	4	10	short-ἀ-long-μη-short-χα-short-νί-long-ῃ	hemi1
tlg001:1.1233	δὲ	11	11	short-δὲ	hemi1
tlg001:1.1233	μόλις	12	14	short-μό-long-λις	hemi2	caesfem3
tlg001:1.1233	συναγείρατο	15	20	short-συν-short-α-long-γεί-short-ρα-short-το	hemi2
tlg001:1.1233	θῡμόν.	21	24	long-θῡ-long-μόν.	hemi2	diaer6
tlg001:1.1234	αὐτὰρ	1	3	long-αὐ-short-τὰρ	hemi1
tlg001:1.1234	ὅ	4	4	short-ὅ	hemi1
tlg001:1.1234	γʼ	5	5	γʼ	hemi1
tlg001:1.1234	ὡς	5	6	long-ὡς	hemi1	diaer2
tlg001:1.1234	τὰ	7	8	long-τὰ	hemi1
tlg001:1.1234	πρῶτα	9	11	long-πρῶ-short-τα	hemi1	diaer3
tlg001:1.1234	ῥόῳ	12	14	short-ῥό-long-ῳ	hemi2	caesfem3	hiatus
tlg001:1.1234	ἔνι	15	16	short-ἔ-short-νι	hemi2
tlg001:1.1234	κάλπιν	17	19	long-κάλ-short-πιν	hemi2	bucdiaer
tlg001:1.1234	ἔρεισεν	20	24	short-ἔ-long-ρει-long-σεν	hemi2
tlg001:1.1235	λέχρις	1	3	long-λέχ-short-ρις	hemi1
tlg001:1.1235	ἐπιχριμφθείς,	4	10	short-ἐ-long-πι-long-χριμ-long-φθείς,	hemi1
tlg001:1.1235	περὶ	11	12	short-πε-short-ρὶ	hemi2	caesmasc3
tlg001:1.1235	δʼ	13	13	δʼ	hemi2
tlg001:1.1235	ἄσπετον	13	16	long-ἄσ-short-πε-short-τον	hemi2	diaer4
tlg001:1.1235	ἔβραχεν	17	20	long-ἔ-short-βρα-short-χεν	hemi2	bucdiaer
tlg001:1.1235	ὕ̄δωρ	21	24	long-ὕ̄-long-δωρ	hemi2	diaer6
tlg001:1.1236	χαλκὸν	1	3	long-χαλ-short-κὸν	hemi1
tlg001:1.1236	ἐς	4	4	short-ἐς	hemi1
tlg001:1.1236	ἠχήεντα	5	11	long-ἠ-long-χή-long-εν-short-τα	hemi1	diaer2
tlg001:1.1236	φορεύμενον,	12	16	short-φο-long-ρεύ-short-με-short-νον,	hemi2	caesfem3
tlg001:1.1236	αὐτίκα	17	20	long-αὐ-short-τί-short-κα	hemi2	bucdiaer
tlg001:1.1236	δʼ	21	21	δʼ	hemi2
tlg001:1.1236	ἥ	21	22	long-ἥ	hemi2	diaer6
tlg001:1.1236	γε	23	24	long-γε	hemi2
tlg001:1.1237	λαιὸν	1	4	long-λαι-long-ὸν	hemi1
tlg001:1.1237	μὲν	5	6	long-μὲν	hemi1
tlg001:1.1237	καθύπερθεν	7	11	short-καθ-short-ύ-long-περ-short-θεν	hemi1
tlg001:1.1237	ἐπʼ	12	12	short-ἐπʼ	hemi2	caesfem3
tlg001:1.1237	αὐχένος	13	16	long-αὐ-short-χέ-short-νος	hemi2	diaer4
tlg001:1.1237	ἄνθετο	17	20	long-ἄν-short-θε-short-το	hemi2	bucdiaer
tlg001:1.1237	πῆχυν	21	24	long-πῆ-long-χυν	hemi2	diaer6
tlg001:1.1238	κύσσαι	1	3	long-κύσ-short-σαι	hemi1	correption
tlg001:1.1238	ἐπιθῡ́ουσα	4	11	short-ἐ-long-πι-long-θῡ́-long-ου-short-σα	hemi1	diastole
tlg001:1.1238	τέρεν	12	14	short-τέ-long-ρεν	hemi2	caesfem3
tlg001:1.1238	στόμα·	15	16	short-στό-short-μα·	hemi2
tlg001:1.1238	δεξιτερῇ	17	22	long-δε-short-ξι-short-τε-long-ρῇ	hemi2	bucdiaer
tlg001:1.1238	δὲ	23	24	long-δὲ	hemi2
tlg001:1.1239	ἀγκῶνʼ	1	4	long-ἀγ-long-κῶνʼ	hemi1
tlg001:1.1239	ἔσπασε	5	8	long-ἔσ-short-πα-short-σε	hemi1	diaer2
tlg001:1.1239	χειρί,	9	11	long-χει-short-ρί,	hemi1	diaer3
tlg001:1.1239	μέσῃ	12	14	short-μέ-long-σῃ	hemi2	caesfem3
tlg001:1.1239	δʼ	15	15	δʼ	hemi2
tlg001:1.1239	ἐνικάββαλε	15	20	short-ἐ-short-νι-long-κάβ-short-βα-short-λε	hemi2
tlg001:1.1239	δῑ́νῃ.	21	24	long-δῑ́-long-νῃ.	hemi2	diaer6
tlg001:1.1240	τοῦ	1	2	long-τοῦ	hemi1
tlg001:1.1240	δʼ	3	3	δʼ	hemi1
tlg001:1.1240	ἥρως	3	6	long-ἥ-long-ρως	hemi1
tlg001:1.1240	ἰάχοντος	7	11	short-ἰ-short-ά-long-χον-short-τος	hemi1
tlg001:1.1240	ἐπέκλυεν	12	16	short-ἐπ-long-έ-short-κλυ-short-εν	hemi2	caesfem3
tlg001:1.1240	οἶος	17	19	long-οἶ-short-ος	hemi2	bucdiaer
tlg001:1.1240	ἑταίρων	20	24	short-ἑ-long-ταί-long-ρων	hemi2
tlg001:1.1241	Εἰλατίδης	1	6	long-Εἰ-short-λα-short-τί-long-δης	hemi1
tlg001:1.1241	Πολύφημος,	7	11	short-Πο-short-λύ-long-φη-short-μος,	hemi1
tlg001:1.1241	ἰὼν	12	14	short-ἰ-long-ὼν	hemi2	caesfem3
tlg001:1.1241	προτέρωσε	15	19	short-προ-short-τέ-long-ρω-short-σε	hemi2
tlg001:1.1241	κελεύθου,	20	24	short-κε-long-λεύ-long-θου,	hemi2
tlg001:1.1242	δέκτο	1	3	long-δέκ-short-το	hemi1
tlg001:1.1242	γὰρ	4	4	short-γὰρ	hemi1
tlg001:1.1242	Ἡρακλῆα	5	11	long-Ἡ-long-ρα-long-κλῆ-short-α	hemi1	diaer2
tlg001:1.1242	πελώριον,	12	16	short-πε-long-λώ-short-ρι-short-ον,	hemi2	caesfem3
tlg001:1.1242	ὁππόθʼ	17	19	long-ὁπ-short-πόθʼ	hemi2	bucdiaer
tlg001:1.1242	ἵκοιτο.	20	24	short-ἵ-long-κοι-long-το.	hemi2
tlg001:1.1243	βῆ	1	2	long-βῆ	hemi1
tlg001:1.1243	δὲ	3	3	short-δὲ	hemi1
tlg001:1.1243	μετᾱΐξᾱς	4	10	short-μετ-long-ᾱ-long-ΐ-long-ξᾱς	hemi1
tlg001:1.1243	Πηγέων	11	14	long-Πη-long-γέων	hemi2	caesmasc3	synizesis
tlg001:1.1243	σχεδόν,	15	16	short-σχε-short-δόν,	hemi2
tlg001:1.1243	ἠύτε	17	20	long-ἠ-short-ύ-short-τε	hemi2	bucdiaer
tlg001:1.1243	τις	21	22	long-τις	hemi2
tlg001:1.1243	θὴρ	23	24	long-θὴρ	hemi2
tlg001:1.1244	ἄγριος,	1	4	long-ἄγ-short-ρι-short-ος,	hemi1
tlg001:1.1244	ὅν	5	6	long-ὅν	hemi1	diaer2
tlg001:1.1244	ῥά	7	7	short-ῥά	hemi1
tlg001:1.1244	τε	8	8	short-τε	hemi1
tlg001:1.1244	γῆρυς	9	11	long-γῆ-short-ρυς	hemi1	diaer3
tlg001:1.1244	ἀπόπροθεν	12	16	short-ἀ-long-πό-short-προ-short-θεν	hemi2	caesfem3
tlg001:1.1244	ἵ̄κετο	17	20	long-ἵ̄-short-κε-short-το	hemi2	bucdiaer
tlg001:1.1244	μήλων,	21	24	long-μή-long-λων,	hemi2	diaer6
tlg001:1.1245	λῑμῷ	1	4	long-λῑ-long-μῷ	hemi1
tlg001:1.1245	δʼ	5	5	δʼ	hemi1
tlg001:1.1245	αἰθόμενος	5	10	long-αἰ-short-θό-short-με-long-νος	hemi1	diaer2
tlg001:1.1245	μετανίσσεται,	11	16	short-με-short-τα-long-νίσ-short-σε-short-ται,	hemi2	caesmasc3	correption
tlg001:1.1245	οὐδʼ	17	18	long-οὐδʼ	hemi2	bucdiaer
tlg001:1.1245	ἐπέκυρσεν	19	24	short-ἐπ-short-έ-long-κυρ-long-σεν	hemi2
tlg001:1.1246	ποίμνῃσιν·	1	6	long-ποίμ-long-νῃ-long-σιν·	hemi1
tlg001:1.1246	πρὸ	7	7	short-πρὸ	hemi1
tlg001:1.1246	γὰρ	8	8	short-γὰρ	hemi1
tlg001:1.1246	αὐτοὶ	9	11	long-αὐ-short-τοὶ	hemi1	diaer3	correption
tlg001:1.1246	ἐνὶ	12	14	short-ἐ-long-νὶ	hemi2	caesfem3
tlg001:1.1246	σταθμοῖσι	15	19	long-σταθ-long-μοῖ-short-σι	hemi2
tlg001:1.1246	νομῆες	20	24	short-νο-long-μῆ-long-ες	hemi2
tlg001:1.1247	ἔλσαν·	1	3	long-ἔλ-short-σαν·	hemi1
tlg001:1.1247	ὁ	4	4	short-ὁ	hemi1
tlg001:1.1247	δὲ	5	6	long-δὲ	hemi1
tlg001:1.1247	στενάχων	7	10	short-στε-short-νά-long-χων	hemi1
tlg001:1.1247	βρέμει	11	12	short-βρέ-short-μει	hemi2	caesmasc3	correption
tlg001:1.1247	ἄσπετον,	13	16	long-ἄσ-short-πε-short-τον,	hemi2	diaer4
tlg001:1.1247	ὄφρα	17	19	long-ὄφ-short-ρα	hemi2	bucdiaer
tlg001:1.1247	κάμῃσιν·	20	24	short-κά-long-μῃ-long-σιν·	hemi2
tlg001:1.1248	ὧς	1	2	long-ὧς	hemi1
tlg001:1.1248	τότʼ	3	3	short-τότʼ	hemi1
tlg001:1.1248	ἄρʼ	4	4	short-ἄρʼ	hemi1
tlg001:1.1248	Εἰλατίδης	5	10	long-Εἰ-short-λα-short-τί-long-δης	hemi1	diaer2
tlg001:1.1248	μεγάλʼ	11	12	short-με-short-γάλʼ	hemi2	caesmasc3
tlg001:1.1248	ἔστενεν,	13	16	long-ἔ-short-στε-short-νεν,	hemi2	diaer4
tlg001:1.1248	ἀμφὶ	17	19	long-ἀμ-short-φὶ	hemi2	bucdiaer
tlg001:1.1248	δὲ	20	20	short-δὲ	hemi2
tlg001:1.1248	χῶρον	21	24	long-χῶ-long-ρον	hemi2	diaer6
tlg001:1.1249	φοίτᾱ	1	4	long-φοί-long-τᾱ	hemi1
tlg001:1.1249	κεκληγώς·	5	10	long-κε-long-κλη-long-γώς·	hemi1	diaer2
tlg001:1.1249	μελέη	11	14	short-με-short-λέ-long-η	hemi2	caesmasc3
tlg001:1.1249	δέ	15	15	short-δέ	hemi2	hiatus
tlg001:1.1249	οἱ	16	16	short-οἱ	hemi2	correption
tlg001:1.1249	ἔπλετο	17	20	long-ἔ-short-πλε-short-το	hemi2	bucdiaer
tlg001:1.1249	φωνή.	21	24	long-φω-long-νή.	hemi2	diaer6
tlg001:1.1250	αἶψα	1	3	long-αἶ-short-ψα	hemi1
tlg001:1.1250	δʼ	4	4	δʼ	hemi1
tlg001:1.1250	ἐρυσσάμενος	4	10	short-ἐ-long-ρυσ-short-σά-short-με-long-νος	hemi1
tlg001:1.1250	μέγα	11	12	short-μέ-short-γα	hemi2	caesmasc3
tlg001:1.1250	φάσγανον	13	16	long-φάσ-short-γα-short-νον	hemi2	diaer4
tlg001:1.1250	ὦρτο	17	19	long-ὦρ-short-το	hemi2	bucdiaer
tlg001:1.1250	δίεσθαι,	20	24	short-δί-long-εσ-long-θαι,	hemi2
tlg001:1.1251	μήπως	1	4	long-μή-long-πως	hemi1
tlg001:1.1251	ἢ	5	6	long-ἢ	hemi1	diaer2
tlg001:1.1251	θήρεσσιν	7	11	long-θή-long-ρεσ-short-σιν	hemi1
tlg001:1.1251	ἕλωρ	12	14	short-ἕ-long-λωρ	hemi2	caesfem3
tlg001:1.1251	πέλοι,	15	16	short-πέ-short-λοι,	hemi2	correption
tlg001:1.1251	ἠέ	17	19	long-ἠ-short-έ	hemi2	bucdiaer
tlg001:1.1251	μιν	20	20	short-μιν	hemi2
tlg001:1.1251	ἄνδρες	21	24	long-ἄν-long-δρες	hemi2	diaer6
tlg001:1.1252	μοῦνον	1	3	long-μοῦ-short-νον	hemi1
tlg001:1.1252	ἐόντʼ	4	6	short-ἐ-long-όντʼ	hemi1
tlg001:1.1252	ἐλόχησαν,	7	11	short-ἐ-short-λό-long-χη-short-σαν,	hemi1
tlg001:1.1252	ἄγουσι	12	15	short-ἄ-long-γου-short-σι	hemi2	caesfem3
tlg001:1.1252	δὲ	16	16	short-δὲ	hemi2
tlg001:1.1252	ληίδʼ	17	19	long-λη-short-ίδʼ	hemi2	bucdiaer
tlg001:1.1252	ἑτοίμην.	20	24	short-ἑ-long-τοί-long-μην.	hemi2
tlg001:1.1253	ἔνθʼ	1	2	long-ἔνθʼ	hemi1
tlg001:1.1253	αὐτῷ	3	6	long-αὐ-long-τῷ	hemi1
tlg001:1.1253	ξύμβλητο	7	11	long-ξύμ-long-βλη-short-το	hemi1
tlg001:1.1253	κατὰ	12	14	short-κα-long-τὰ	hemi2	caesfem3
tlg001:1.1253	στίβον	15	16	short-στί-short-βον	hemi2
tlg001:1.1253	Ἡρακλῆι	17	24	long-Ἡ-long-ρα-long-κλῆ-long-ι	hemi2	bucdiaer
tlg001:1.1254	γυμνὸν	1	3	long-γυμ-short-νὸν	hemi1
tlg001:1.1254	ἐπᾱΐσσων	4	10	short-ἐπ-long-ᾱ-long-ΐσ-long-σων	hemi1
tlg001:1.1254	παλάμῃ	11	14	short-πα-short-λά-long-μῃ	hemi2	caesmasc3
tlg001:1.1254	ξίφος·	15	16	short-ξί-short-φος·	hemi2
tlg001:1.1254	εὖ	17	18	long-εὖ	hemi2	bucdiaer
tlg001:1.1254	δέ	19	19	short-δέ	hemi2
tlg001:1.1254	μιν	20	20	short-μιν	hemi2
tlg001:1.1254	ἔγνω	21	24	long-ἔ-long-γνω	hemi2	diaer6
tlg001:1.1255	σπερχόμενον	1	6	long-σπερ-short-χό-short-με-long-νον	hemi1
tlg001:1.1255	μετὰ	7	8	short-με-short-τὰ	hemi1
tlg001:1.1255	νῆα	9	11	long-νῆ-short-α	hemi1	diaer3
tlg001:1.1255	διὰ	12	14	short-δι-long-ὰ	hemi2	caesfem3
tlg001:1.1255	κνέφας.	15	16	short-κνέ-short-φας.	hemi2
tlg001:1.1255	αὐτίκα	17	20	long-αὐ-short-τί-short-κα	hemi2	bucdiaer
tlg001:1.1255	δʼ	21	21	δʼ	hemi2
tlg001:1.1255	ἄ̄την	21	24	long-ἄ̄-long-την	hemi2	diaer6
tlg001:1.1256	ἔκφατο	1	4	long-ἔκ-short-φα-short-το	hemi1
tlg001:1.1256	λευγαλέην,	5	10	long-λευ-short-γα-short-λέ-long-ην,	hemi1	diaer2
tlg001:1.1256	βεβαρημένος	11	16	short-βε-short-βα-long-ρη-short-μέ-short-νος	hemi2	caesmasc3
tlg001:1.1256	ἄσθματι	17	20	long-ἄσθ-short-μα-short-τι	hemi2	bucdiaer
tlg001:1.1256	θῡμόν·	21	24	long-θῡ-long-μόν·	hemi2	diaer6
tlg001:1.1257	‘δαιμόνιε,	1	6	long-‘δαι-short-μό-short-νι-long-ε,	hemi1
tlg001:1.1257	στυγερόν	7	10	short-στυ-short-γε-long-ρόν	hemi1
tlg001:1.1257	τοι	11	11	short-τοι	hemi1	correption
tlg001:1.1257	ἄχος	12	14	short-ἄ-long-χος	hemi2	caesfem3
tlg001:1.1257	πάμπρωτος	15	19	long-πάμ-long-πρω-short-τος	hemi2
tlg001:1.1257	ἐνίψω.	20	24	short-ἐν-long-ί-long-ψω.	hemi2
tlg001:1.1258	οὐ	1	2	long-οὐ	hemi1
tlg001:1.1258	γὰρ	3	3	short-γὰρ	hemi1
tlg001:1.1258	Ὕλᾱς	4	6	short-Ὕ-long-λᾱς	hemi1
tlg001:1.1258	κρήνηνδε	7	11	long-κρή-long-νην-short-δε	hemi1
tlg001:1.1258	κιὼν	12	14	short-κι-long-ὼν	hemi2	caesfem3
tlg001:1.1258	σόος	15	16	short-σό-short-ος	hemi2
tlg001:1.1258	αὖτις	17	19	long-αὖ-short-τις	hemi2	bucdiaer
tlg001:1.1258	ἱκᾱ́νει.	20	24	short-ἱ-long-κᾱ́-long-νει.	hemi2
tlg001:1.1259	ἀλλά	1	3	long-ἀλ-short-λά	hemi1	hiatus
tlg001:1.1259	ἑ	4	4	short-ἑ	hemi1
tlg001:1.1259	ληιστῆρες	5	11	long-λη-long-ισ-long-τῆ-short-ρες	hemi1	diaer2
tlg001:1.1259	ἐνιχρίμψαντες	12	19	short-ἐ-long-νι-long-χρίμ-long-ψαν-short-τες	hemi2	caesfem3
tlg001:1.1259	ἄγουσιν,	20	24	short-ἄ-long-γου-long-σιν,	hemi2
tlg001:1.1260	ἢ	1	2	long-ἢ	hemi1
tlg001:1.1260	θῆρες	3	6	long-θῆ-long-ρες	hemi1
tlg001:1.1260	σῑ́νονται·	7	11	long-σῑ́-long-νον-short-ται·	hemi1
tlg001:1.1260	ἐγὼ	12	14	short-ἐ-long-γὼ	hemi2	caesfem3
tlg001:1.1260	δʼ	15	15	δʼ	hemi2
tlg001:1.1260	ἰάχοντος	15	19	short-ἰ-short-ά-long-χον-short-τος	hemi2
tlg001:1.1260	ἄκουσα.’	20	24	short-ἄ-long-κου-long-σα.’	hemi2
tlg001:1.1261	ὧς	1	2	long-ὧς	hemi1
tlg001:1.1261	φάτο·	3	4	short-φά-short-το·	hemi1
tlg001:1.1261	τῷ	5	6	long-τῷ	hemi1	diaer2
tlg001:1.1261	δʼ	7	7	δʼ	hemi1
tlg001:1.1261	ἀίοντι	7	11	short-ἀ-short-ί-long-ον-short-τι	hemi1
tlg001:1.1261	κατὰ	12	14	short-κα-long-τὰ	hemi2	caesfem3
tlg001:1.1261	κροτάφων	15	18	short-κρο-short-τά-long-φων	hemi2
tlg001:1.1261	ἅλις	19	20	short-ἅ-short-λις	hemi2
tlg001:1.1261	ἱδρὼς	21	24	long-ἱδ-long-ρὼς	hemi2	diaer6
tlg001:1.1262	κήκιεν,	1	4	long-κή-short-κι-short-εν,	hemi1
tlg001:1.1262	ἐν	5	6	long-ἐν	hemi1	diaer2
tlg001:1.1262	δὲ	7	7	short-δὲ	hemi1
tlg001:1.1262	κελαινὸν	8	11	short-κε-long-λαι-short-νὸν	hemi1
tlg001:1.1262	ὑπὸ	12	14	short-ὑ-long-πὸ	hemi2	caesfem3
tlg001:1.1262	σπλάγχνοις	15	18	long-σπλάγχ-long-νοις	hemi2
tlg001:1.1262	ζέεν	19	20	short-ζέ-short-εν	hemi2
tlg001:1.1262	αἷμα.	21	24	long-αἷ-long-μα.	hemi2	diaer6
tlg001:1.1263	χωόμενος	1	6	long-χω-short-ό-short-με-long-νος	hemi1
tlg001:1.1263	δʼ	7	7	δʼ	hemi1
tlg001:1.1263	ἐλάτην	7	10	short-ἐ-short-λά-long-την	hemi1
tlg001:1.1263	χαμάδις	11	14	short-χα-short-μά-long-δις	hemi2	caesmasc3
tlg001:1.1263	βάλεν,	15	16	short-βά-short-λεν,	hemi2
tlg001:1.1263	ἐς	17	18	long-ἐς	hemi2	bucdiaer
tlg001:1.1263	δὲ	19	19	short-δὲ	hemi2
tlg001:1.1263	κέλευθον	20	24	short-κέ-long-λευ-long-θον	hemi2
tlg001:1.1264	τὴν	1	2	long-τὴν	hemi1
tlg001:1.1264	θέεν,	3	4	short-θέ-short-εν,	hemi1
tlg001:1.1264	ᾗ	5	6	long-ᾗ	hemi1	diaer2
tlg001:1.1264	πόδες	7	8	short-πό-short-δες	hemi1
tlg001:1.1264	αὐτὸν	9	11	long-αὐ-short-τὸν	hemi1	diaer3
tlg001:1.1264	ὑπέκφερον	12	16	short-ὑπ-long-έκ-short-φε-short-ρον	hemi2	caesfem3
tlg001:1.1264	ἀ̄ίσσοντα.	17	24	long-ἀ̄-long-ίσ-long-σον-long-τα.	hemi2	bucdiaer
tlg001:1.1265	ὡς	1	2	long-ὡς	hemi1
tlg001:1.1265	δʼ	3	3	δʼ	hemi1
tlg001:1.1265	ὅτε	3	4	short-ὅ-short-τε	hemi1
tlg001:1.1265	τίς	5	6	long-τίς	hemi1	diaer2
tlg001:1.1265	τε	7	7	short-τε	hemi1
tlg001:1.1265	μύωπι	8	11	short-μύ-long-ω-short-πι	hemi1
tlg001:1.1265	τετυμμένος	12	16	short-τε-long-τυμ-short-μέ-short-νος	hemi2	caesfem3
tlg001:1.1265	ἔσσυτο	17	20	long-ἔσ-short-συ-short-το	hemi2	bucdiaer
tlg001:1.1265	ταῦρος	21	24	long-ταῦ-long-ρος	hemi2	diaer6
tlg001:1.1266	πῑ́σεά	1	4	long-πῑ́-short-σε-short-ά	hemi1
tlg001:1.1266	τε	5	6	long-τε	hemi1
tlg001:1.1266	προλιπὼν	7	10	short-προ-short-λι-long-πὼν	hemi1
tlg001:1.1266	καὶ	11	11	short-καὶ	hemi2	caesmasc3	correption
tlg001:1.1266	ἑλεσπίδας,	12	16	short-ἑ-long-λεσ-short-πί-short-δας,	hemi2
tlg001:1.1266	οὐδὲ	17	19	long-οὐ-short-δὲ	hemi2	bucdiaer
tlg001:1.1266	νομήων	20	24	short-νο-long-μή-long-ων	hemi2
tlg001:1.1267	οὐδʼ	1	2	long-οὐδʼ	hemi1
tlg001:1.1267	ἀγέλης	3	6	short-ἀ-short-γέ-long-λης	hemi1
tlg001:1.1267	ὄθεται,	7	10	short-ὄ-short-θε-long-ται,	hemi1
tlg001:1.1267	πρήσσει	11	14	long-πρήσ-long-σει	hemi2	caesmasc3
tlg001:1.1267	δʼ	15	15	δʼ	hemi2
tlg001:1.1267	ὁδόν,	15	16	short-ὁ-short-δόν,	hemi2
tlg001:1.1267	ἄλλοτʼ	17	19	long-ἄλ-short-λοτʼ	hemi2	bucdiaer
tlg001:1.1267	ἄπαυστος,	20	24	short-ἄ-long-παυσ-long-τος,	hemi2
tlg001:1.1268	ἄλλοτε	1	4	long-ἄλ-short-λο-short-τε	hemi1
tlg001:1.1268	δʼ	5	5	δʼ	hemi1
tlg001:1.1268	ἱστάμενος,	5	10	long-ἱ-short-στά-short-με-long-νος,	hemi1	diaer2
tlg001:1.1268	καὶ	11	11	short-καὶ	hemi2	caesmasc3	correption
tlg001:1.1268	ἀνὰ	12	14	short-ἀ-long-νὰ	hemi2
tlg001:1.1268	πλατὺν	15	16	short-πλα-short-τὺν	hemi2
tlg001:1.1268	αὐχένʼ	17	19	long-αὐ-short-χένʼ	hemi2	bucdiaer
tlg001:1.1268	ἀείρων	20	24	short-ἀ-long-εί-long-ρων	hemi2
tlg001:1.1269	ἵ̄ησιν	1	6	long-ἵ̄-long-η-long-σιν	hemi1
tlg001:1.1269	μῡ́κημα,	7	11	long-μῡ́-long-κη-short-μα,	hemi1
tlg001:1.1269	κακῷ	12	14	short-κα-long-κῷ	hemi2	caesfem3
tlg001:1.1269	βεβολημένος	15	20	short-βε-short-βο-long-λη-short-μέ-short-νος	hemi2
tlg001:1.1269	οἴστρῳ·	21	24	long-οἴσ-long-τρῳ·	hemi2	diaer6
tlg001:1.1270	ὧς	1	2	long-ὧς	hemi1
tlg001:1.1270	ὅγε	3	4	short-ὅ-short-γε	hemi1
tlg001:1.1270	μαιμώων	5	10	long-μαι-long-μώ-long-ων	hemi1	diaer2
tlg001:1.1270	ὁτὲ	11	12	short-ὁ-short-τὲ	hemi2	caesmasc3
tlg001:1.1270	μὲν	13	14	long-μὲν	hemi2
tlg001:1.1270	θοὰ	15	16	short-θο-short-ὰ	hemi2
tlg001:1.1270	γούνατʼ	17	19	long-γού-short-νατʼ	hemi2	bucdiaer
tlg001:1.1270	ἔπαλλεν	20	24	short-ἔ-long-παλ-long-λεν	hemi2
tlg001:1.1271	σῡνεχέως,	1	6	long-σῡν-short-ε-short-χέ-long-ως,	hemi1
tlg001:1.1271	ὁτὲ	7	8	short-ὁ-short-τὲ	hemi1
tlg001:1.1271	δʼ	9	9	δʼ	hemi1
tlg001:1.1271	αὖτε	9	11	long-αὖ-short-τε	hemi1	diaer3
tlg001:1.1271	μεταλλήγων	12	18	short-με-long-ταλ-long-λή-long-γων	hemi2	caesfem3
tlg001:1.1271	καμάτοιο	19	24	short-κα-short-μά-long-τοι-long-ο	hemi2
tlg001:1.1272	τῆλε	1	3	long-τῆ-short-λε	hemi1
tlg001:1.1272	διαπρύσιον	4	10	short-δι-long-α-short-πρύ-short-σι-long-ον	hemi1
tlg001:1.1272	μεγάλῃ	11	14	short-με-short-γά-long-λῃ	hemi2	caesmasc3
tlg001:1.1272	βοάασκεν	15	19	short-βο-short-ά-long-ασ-short-κεν	hemi2
tlg001:1.1272	ἀῡτῇ.	20	24	short-ἀ-long-ῡ-long-τῇ.	hemi2
tlg001:1.1273	αὐτίκα	1	4	long-αὐ-short-τί-short-κα	hemi1
tlg001:1.1273	δʼ	5	5	δʼ	hemi1
tlg001:1.1273	ἀκροτάτᾱς	5	10	long-ἀκ-short-ρο-short-τά-long-τᾱς	hemi1	diaer2
tlg001:1.1273	ὑπερέσχεθεν	11	16	short-ὑ-short-περ-long-έσ-short-χε-short-θεν	hemi2	caesmasc3
tlg001:1.1273	ἄκριας	17	20	long-ἄκ-short-ρι-short-ας	hemi2	bucdiaer
tlg001:1.1273	ἀστὴρ	21	24	long-ἀσ-long-τὴρ	hemi2	diaer6
tlg001:1.1274	ἠῷος,	1	6	long-ἠ-long-ῷ-long-ος,	hemi1
tlg001:1.1274	πνοιαὶ	7	10	long-πνοι-long-αὶ	hemi1
tlg001:1.1274	δὲ	11	11	short-δὲ	hemi1
tlg001:1.1274	κατήλυθον·	12	16	short-κατ-long-ή-short-λυ-short-θον·	hemi2	caesfem3
tlg001:1.1274	ὦκα	17	19	long-ὦ-short-κα	hemi2	bucdiaer
tlg001:1.1274	δὲ	20	20	short-δὲ	hemi2
tlg001:1.1274	Τῖφυς	21	24	long-Τῖ-long-φυς	hemi2	diaer6
tlg001:1.1275	ἐσβαίνειν	1	6	long-ἐσ-long-βαί-long-νειν	hemi1
tlg001:1.1275	ὀρόθῡνεν,	7	11	short-ὀ-short-ρό-long-θῡ-short-νεν,	hemi1
tlg001:1.1275	ἐπαύρεσθαί	12	18	short-ἐπ-long-αύ-long-ρεσ-long-θαί	hemi2	caesfem3
tlg001:1.1275	τʼ	19	19	τʼ	hemi2
tlg001:1.1275	ἀνέμοιο.	19	24	short-ἀ-short-νέ-long-μοι-long-ο.	hemi2
tlg001:1.1276	οἱ	1	2	long-οἱ	hemi1
tlg001:1.1276	δʼ	3	3	δʼ	hemi1
tlg001:1.1276	εἴσβαινον	3	7	long-εἴσ-long-βαι-short-νον	hemi1
tlg001:1.1276	ἄφαρ	8	10	short-ἄ-long-φαρ	hemi1
tlg001:1.1276	λελιημένοι·	11	16	short-λε-short-λι-long-η-short-μέ-short-νοι·	hemi2	caesmasc3
tlg001:1.1276	ὕψι	17	19	long-ὕ-short-ψι	hemi2	bucdiaer
tlg001:1.1276	δὲ	20	20	short-δὲ	hemi2
tlg001:1.1276	νηὸς	21	24	long-νη-long-ὸς	hemi2	diaer6
tlg001:1.1277	εὐναίᾱς	1	6	long-εὐ-long-ναί-long-ᾱς	hemi1
tlg001:1.1277	ἐρύσαντες	7	11	short-ἐ-short-ρύ-long-σαν-short-τες	hemi1
tlg001:1.1277	ἀνεκρούσαντο	12	19	short-ἀν-long-ε-long-κρού-long-σαν-short-το	hemi2	caesfem3
tlg001:1.1277	κάλωας.	20	24	short-κά-long-λω-long-ας.	hemi2
tlg001:1.1278	κυρτώθη	1	6	long-κυρ-long-τώ-long-θη	hemi1
tlg001:1.1278	δʼ	7	7	δʼ	hemi1
tlg001:1.1278	ἀνέμῳ	7	10	short-ἀ-short-νέ-long-μῳ	hemi1
tlg001:1.1278	λίνα	11	12	short-λί-short-να	hemi2	caesmasc3
tlg001:1.1278	μεσσόθι,	13	16	long-μεσ-short-σό-short-θι,	hemi2	diaer4
tlg001:1.1278	τῆλε	17	19	long-τῆ-short-λε	hemi2	bucdiaer
tlg001:1.1278	δʼ	20	20	δʼ	hemi2
tlg001:1.1278	ἀπʼ	20	20	short-ἀπʼ	hemi2
tlg001:1.1278	ἀκτῆς	21	24	long-ἀκ-long-τῆς	hemi2	diaer6
tlg001:1.1279	γηθόσυνοι	1	6	long-γη-short-θό-short-συ-long-νοι	hemi1
tlg001:1.1279	φορέοντο	7	11	short-φο-short-ρέ-long-ον-short-το	hemi1
tlg001:1.1279	παραὶ	12	14	short-πα-long-ραὶ	hemi2	caesfem3
tlg001:1.1279	Ποσιδήιον	15	20	short-Πο-short-σι-long-δή-short-ι-short-ον	hemi2
tlg001:1.1279	ἄκρην.	21	24	long-ἄκ-long-ρην.	hemi2	diaer6
tlg001:1.1280	ἦμος	1	4	long-ἦ-long-μος	hemi1
tlg001:1.1280	δʼ	5	5	δʼ	hemi1
tlg001:1.1280	οὐρανόθεν	5	10	long-οὐ-short-ρα-short-νό-long-θεν	hemi1	diaer2
tlg001:1.1280	χαροπὴ	11	14	short-χα-short-ρο-long-πὴ	hemi2	caesmasc3	hiatus
tlg001:1.1280	ὑπολάμπεται	15	20	short-ὑ-short-πο-long-λάμ-short-πε-short-ται	hemi2	correption
tlg001:1.1280	ἠὼς	21	24	long-ἠ-long-ὼς	hemi2	diaer6
tlg001:1.1281	ἐκ	1	2	long-ἐκ	hemi1
tlg001:1.1281	περάτης	3	6	short-πε-short-ρά-long-της	hemi1
tlg001:1.1281	ἀνιοῦσα,	7	11	short-ἀν-short-ι-long-οῦ-short-σα,	hemi1
tlg001:1.1281	διαγλαύσσουσι	12	19	short-δι-long-α-long-γλαύσ-long-σου-short-σι	hemi2	caesfem3
tlg001:1.1281	δʼ	20	20	δʼ	hemi2
tlg001:1.1281	ἀταρποί,	20	24	short-ἀ-long-ταρ-long-ποί,	hemi2
tlg001:1.1282	καὶ	1	2	long-καὶ	hemi1
tlg001:1.1282	πεδία	3	6	short-πε-short-δί-long-α	hemi1
tlg001:1.1282	δροσόεντα	7	11	short-δρο-short-σό-long-εν-short-τα	hemi1
tlg001:1.1282	φαεινῇ	12	16	short-φα-long-ει-long-νῇ	hemi2	caesfem3
tlg001:1.1282	λάμπεται	17	20	long-λάμ-short-πε-short-ται	hemi2	bucdiaer	correption
tlg001:1.1282	αἴγλῃ,	21	24	long-αἴγ-long-λῃ,	hemi2	diaer6
tlg001:1.1283	τῆμος	1	4	long-τῆ-long-μος	hemi1
tlg001:1.1283	τούσ	5	6	long-τούσ	hemi1	diaer2
tlg001:1.1283	γʼ	7	7	γʼ	hemi1
tlg001:1.1283	ἐνόησαν	7	11	short-ἐ-short-νό-long-η-short-σαν	hemi1
tlg001:1.1283	ἀιδρείῃσι	12	19	short-ἀ-long-ιδ-long-ρεί-long-ῃ-short-σι	hemi2	caesfem3
tlg001:1.1283	λιπόντες.	20	24	short-λι-long-πόν-long-τες.	hemi2
tlg001:1.1284	ἐν	1	2	long-ἐν	hemi1
tlg001:1.1284	δέ	3	4	long-δέ	hemi1
tlg001:1.1284	σφιν	5	6	long-σφιν	hemi1
tlg001:1.1284	κρατερὸν	7	10	short-κρα-short-τε-long-ρὸν	hemi1
tlg001:1.1284	νεῖκος	11	14	long-νεῖ-long-κος	hemi2	caesmasc3
tlg001:1.1284	πέσεν,	15	16	short-πέ-short-σεν,	hemi2
tlg001:1.1284	ἐν	17	18	long-ἐν	hemi2	bucdiaer
tlg001:1.1284	δὲ	19	19	short-δὲ	hemi2
tlg001:1.1284	κολῳὸς	20	24	short-κο-long-λῳ-long-ὸς	hemi2
tlg001:1.1285	ἄσπετος,	1	4	long-ἄσ-short-πε-short-τος,	hemi1
tlg001:1.1285	εἰ	5	6	long-εἰ	hemi1	diaer2
tlg001:1.1285	τὸν	7	7	short-τὸν	hemi1
tlg001:1.1285	ἄριστον	8	11	short-ἄ-long-ρισ-short-τον	hemi1
tlg001:1.1285	ἀποπρολιπόντες	12	19	short-ἀ-long-πο-short-προ-short-λι-long-πόν-short-τες	hemi2	caesfem3
tlg001:1.1285	ἔβησαν	20	24	short-ἔ-long-βη-long-σαν	hemi2
tlg001:1.1286	σφωιτέρων	1	6	long-σφω-short-ι-short-τέ-long-ρων	hemi1
tlg001:1.1286	ἑτάρων.	7	10	short-ἑ-short-τά-long-ρων.	hemi1
tlg001:1.1286	ὁ	11	11	short-ὁ	hemi2	caesmasc3
tlg001:1.1286	δʼ	12	12	δʼ	hemi2
tlg001:1.1286	ἀμηχανίῃσιν	12	19	short-ἀ-long-μη-short-χα-short-νί-long-ῃ-short-σιν	hemi2
tlg001:1.1286	ἀτυχθεὶς	20	24	short-ἀ-long-τυχ-long-θεὶς	hemi2
tlg001:1.1287	οὔτε	1	3	long-οὔ-short-τε	hemi1
tlg001:1.1287	τι	4	4	short-τι	hemi1
tlg001:1.1287	τοῖον	5	7	long-τοῖ-short-ον	hemi1	diaer2
tlg001:1.1287	ἔπος	8	10	short-ἔ-long-πος	hemi1
tlg001:1.1287	μετεφώνεεν,	11	16	short-μετ-short-ε-long-φώ-short-νε-short-εν,	hemi2	caesmasc3
tlg001:1.1287	οὔτε	17	19	long-οὔ-short-τε	hemi2	bucdiaer
tlg001:1.1287	τι	20	20	short-τι	hemi2
tlg001:1.1287	τοῖον	21	24	long-τοῖ-long-ον	hemi2	diaer6
tlg001:1.1288	Αἰσονίδης·	1	6	long-Αἰ-short-σο-short-νί-long-δης·	hemi1
tlg001:1.1288	ἀλλʼ	7	8	long-ἀλλʼ	hemi1
tlg001:1.1288	ἧστο	9	11	long-ἧσ-short-το	hemi1
tlg001:1.1288	βαρείῃ	12	16	short-βα-long-ρεί-long-ῃ	hemi2	caesfem3
tlg001:1.1288	νειόθεν	17	20	long-νει-short-ό-short-θεν	hemi2	bucdiaer
tlg001:1.1288	ἄ̄τῃ	21	24	long-ἄ̄-long-τῃ	hemi2	diaer6
tlg001:1.1289	θῡμὸν	1	3	long-θῡ-short-μὸν	hemi1
tlg001:1.1289	ἔδων·	4	6	short-ἔ-long-δων·	hemi1
tlg001:1.1289	Τελαμῶνα	7	11	short-Τε-short-λα-long-μῶ-short-να	hemi1
tlg001:1.1289	δʼ	12	12	δʼ	hemi1
tlg001:1.1289	ἕλεν	12	14	short-ἕ-long-λεν	hemi2	caesfem3
tlg001:1.1289	χόλος,	15	16	short-χό-short-λος,	hemi2
tlg001:1.1289	ὧδέ	17	19	long-ὧ-short-δέ	hemi2	bucdiaer
tlg001:1.1289	τʼ	20	20	τʼ	hemi2
tlg001:1.1289	ἔειπεν·	20	24	short-ἔ-long-ει-long-πεν·	hemi2
tlg001:1.1290	‘ἧσʼ	1	2	long-‘ἧσʼ	hemi1
tlg001:1.1290	αὔτως	3	6	long-αὔ-long-τως	hemi1
tlg001:1.1290	εὔκηλος,	7	11	long-εὔ-long-κη-short-λος,	hemi1
tlg001:1.1290	ἐπεί	12	14	short-ἐ-long-πεί	hemi2	caesfem3
tlg001:1.1290	νύ	15	15	short-νύ	hemi2
tlg001:1.1290	τοι	16	16	short-τοι	hemi2	correption
tlg001:1.1290	ἄρμενον	17	20	long-ἄρ-short-με-short-νον	hemi2	bucdiaer
tlg001:1.1290	ἦεν	21	24	long-ἦ-long-εν	hemi2	diaer6
tlg001:1.1291	Ἡρακλῆα	1	7	long-Ἡ-long-ρα-long-κλῆ-short-α	hemi1
tlg001:1.1291	λιπεῖν·	8	10	short-λι-long-πεῖν·	hemi1
tlg001:1.1291	σέο	11	12	short-σέ-short-ο	hemi2	caesmasc3
tlg001:1.1291	δʼ	13	13	δʼ	hemi2
tlg001:1.1291	ἔκτοθι	13	16	long-ἔκ-short-το-short-θι	hemi2	diaer4
tlg001:1.1291	μῆτις	17	19	long-μῆ-short-τις	hemi2	bucdiaer
tlg001:1.1291	ὄρωρεν,	20	24	short-ὄ-long-ρω-long-ρεν,	hemi2
tlg001:1.1292	ὄφρα	1	3	long-ὄφ-short-ρα	hemi1
tlg001:1.1292	τὸ	4	4	short-τὸ	hemi1
tlg001:1.1292	κείνου	5	8	long-κεί-long-νου	hemi1	diaer2
tlg001:1.1292	κῦδος	9	11	long-κῦ-short-δος	hemi1	diaer3
tlg001:1.1292	ἀνʼ	12	12	short-ἀνʼ	hemi2	caesfem3
tlg001:1.1292	Ἑλλάδα	13	16	long-Ἑλ-short-λά-short-δα	hemi2	diaer4
tlg001:1.1292	μή	17	18	long-μή	hemi2	bucdiaer
tlg001:1.1292	σε	19	19	short-σε	hemi2
tlg001:1.1292	καλύψῃ,	20	24	short-κα-long-λύ-long-ψῃ,	hemi2
tlg001:1.1293	αἴ	1	2	long-αἴ	hemi1
tlg001:1.1293	κε	3	3	short-κε	hemi1
tlg001:1.1293	θεοὶ	4	6	short-θε-long-οὶ	hemi1
tlg001:1.1293	δώωσιν	7	11	long-δώ-long-ω-short-σιν	hemi1
tlg001:1.1293	ὑπότροπον	12	16	short-ὑ-long-πό-short-τρο-short-πον	hemi2	caesfem3
tlg001:1.1293	οἴκαδε	17	20	long-οἴ-short-κα-short-δε	hemi2	bucdiaer
tlg001:1.1293	νόστον.	21	24	long-νόσ-long-τον.	hemi2	diaer6
tlg001:1.1294	ἀλλὰ	1	3	long-ἀλ-short-λὰ	hemi1
tlg001:1.1294	τί	4	4	short-τί	hemi1
tlg001:1.1294	μῡ́θων	5	8	long-μῡ́-long-θων	hemi1	diaer2
tlg001:1.1294	ἦδος;	9	11	long-ἦ-short-δος;	hemi1	diaer3
tlg001:1.1294	ἐπεὶ	12	14	short-ἐ-long-πεὶ	hemi2	caesfem3
tlg001:1.1294	καὶ	15	16	long-καὶ	hemi2
tlg001:1.1294	νόσφιν	17	19	long-νόσ-short-φιν	hemi2
tlg001:1.1294	ἑταίρων	20	24	short-ἑ-long-ταί-long-ρων	hemi2
tlg001:1.1295	εἶμι	1	3	long-εἶ-short-μι	hemi1
tlg001:1.1295	τεῶν,	4	6	short-τε-long-ῶν,	hemi1
tlg001:1.1295	οἳ	7	8	long-οἳ	hemi1
tlg001:1.1295	τόνγε	9	11	long-τόν-short-γε	hemi1	diaer3
tlg001:1.1295	δόλον	12	14	short-δό-long-λον	hemi2	caesfem3
tlg001:1.1295	συνετεκτήναντο.’	15	24	short-συν-short-ε-long-τεκ-long-τή-long-ναν-long-το.’	hemi2
tlg001:1.1296	ἦ,	1	2	long-ἦ,	hemi1
tlg001:1.1296	καὶ	3	3	short-καὶ	hemi1	correption
tlg001:1.1296	ἐς	4	4	short-ἐς	hemi1
tlg001:1.1296	Ἁγνιάδην	5	10	long-Ἁγ-short-νι-short-ά-long-δην	hemi1	diaer2
tlg001:1.1296	Τῖφυν	11	14	long-Τῖ-long-φυν	hemi2	caesmasc3
tlg001:1.1296	θόρε·	15	16	short-θό-short-ρε·	hemi2
tlg001:1.1296	τὼ	17	18	long-τὼ	hemi2	bucdiaer
tlg001:1.1296	δέ	19	19	short-δέ	hemi2	hiatus
tlg001:1.1296	οἱ	20	20	short-οἱ	hemi2	correption
tlg001:1.1296	ὄσσε	21	24	long-ὄσ-long-σε	hemi2	diaer6
tlg001:1.1297	ὄστλιγγες	1	6	long-ὄστ-long-λιγ-long-γες	hemi1
tlg001:1.1297	μαλεροῖο	7	11	short-μα-short-λε-long-ροῖ-short-ο	hemi1
tlg001:1.1297	πυρὸς	12	14	short-πυ-long-ρὸς	hemi2	caesfem3
tlg001:1.1297	ὣς	15	16	long-ὣς	hemi2
tlg001:1.1297	ἰνδάλλοντο.	17	24	long-ἰν-long-δάλ-long-λον-long-το.	hemi2	bucdiaer
tlg001:1.1298	καί	1	2	long-καί	hemi1
tlg001:1.1298	νύ	3	3	short-νύ	hemi1
tlg001:1.1298	κεν	4	4	short-κεν	hemi1
tlg001:1.1298	ἂψ	5	6	long-ἂψ	hemi1	diaer2
tlg001:1.1298	ὀπίσω	7	10	short-ὀ-short-πί-long-σω	hemi1
tlg001:1.1298	Μῡσῶν	11	14	long-Μῡ-long-σῶν	hemi2	caesmasc3
tlg001:1.1298	ἐπὶ	15	16	short-ἐ-short-πὶ	hemi2
tlg001:1.1298	γαῖαν	17	19	long-γαῖ-short-αν	hemi2	bucdiaer
tlg001:1.1298	ἵκοντο	20	24	short-ἵ-long-κον-long-το	hemi2
tlg001:1.1299	λαῖτμα	1	3	long-λαῖτ-short-μα	hemi1
tlg001:1.1299	βιησάμενοι	4	10	short-βι-long-η-short-σά-short-με-long-νοι	hemi1	hiatus
tlg001:1.1299	ἀνέμου	11	14	short-ἀ-short-νέ-long-μου	hemi2	caesmasc3
tlg001:1.1299	τʼ	15	15	τʼ	hemi2
tlg001:1.1299	ἄλληκτον	15	19	long-ἄλ-long-ληκ-short-τον	hemi2
tlg001:1.1299	ἰωήν,	20	24	short-ἰ-long-ω-long-ήν,	hemi2
tlg001:1.1300	εἰ	1	2	long-εἰ	hemi1
tlg001:1.1300	μὴ	3	4	long-μὴ	hemi1
tlg001:1.1300	Θρηικίοιο	5	11	long-Θρη-short-ι-short-κί-long-οι-short-ο	hemi1	diaer2
tlg001:1.1300	δύω	12	14	short-δύ-long-ω	hemi2	caesfem3	hiatus
tlg001:1.1300	υἷες	15	18	long-υἷ-long-ες	hemi2
tlg001:1.1300	Βορέᾱο	19	24	short-Βο-short-ρέ-long-ᾱ-long-ο	hemi2
tlg001:1.1301	Αἰακίδην	1	6	long-Αἰ-short-α-short-κί-long-δην	hemi1
tlg001:1.1301	χαλεποῖσιν	7	11	short-χα-short-λε-long-ποῖ-short-σιν	hemi1
tlg001:1.1301	ἐρητῡ́εσκον	12	19	short-ἐ-long-ρη-long-τῡ́-long-εσ-short-κον	hemi2	caesfem3
tlg001:1.1301	ἔπεσσιν,	20	24	short-ἔ-long-πεσ-long-σιν,	hemi2
tlg001:1.1302	σχέτλιοι·	1	4	long-σχέτ-short-λι-short-οι·	hemi1
tlg001:1.1302	ἦ	5	6	long-ἦ	hemi1	diaer2
tlg001:1.1302	τέ	7	8	long-τέ	hemi1
tlg001:1.1302	σφιν	9	10	long-σφιν	hemi1
tlg001:1.1302	στυγερὴ	11	14	short-στυ-short-γε-long-ρὴ	hemi2	caesmasc3
tlg001:1.1302	τίσις	15	16	short-τί-short-σις	hemi2
tlg001:1.1302	ἔπλετʼ	17	19	long-ἔ-short-πλετʼ	hemi2	bucdiaer
tlg001:1.1302	ὀπίσσω	20	24	short-ὀ-long-πίσ-long-σω	hemi2
tlg001:1.1303	χερσὶν	1	3	long-χερ-short-σὶν	hemi1
tlg001:1.1303	ὑφʼ	4	4	short-ὑφʼ	hemi1
tlg001:1.1303	Ἡρακλῆος,	5	11	long-Ἡ-long-ρα-long-κλῆ-short-ος,	hemi1	diaer2
tlg001:1.1303	ὅ	12	12	short-ὅ	hemi2	caesfem3
tlg001:1.1303	μιν	13	14	long-μιν	hemi2
tlg001:1.1303	δίζεσθαι	15	19	long-δί-long-ζεσ-short-θαι	hemi2	correption
tlg001:1.1303	ἔρῡκον.	20	24	short-ἔ-long-ρῡ-long-κον.	hemi2
tlg001:1.1304	ἄθλων	1	4	long-ἄθ-long-λων	hemi1
tlg001:1.1304	γὰρ	5	6	long-γὰρ	hemi1
tlg001:1.1304	Πελίᾱο	7	11	short-Πε-short-λί-long-ᾱ-short-ο	hemi1
tlg001:1.1304	δεδουπότος	12	16	short-δε-long-δου-short-πό-short-τος	hemi2	caesfem3
tlg001:1.1304	ἂψ	17	18	long-ἂψ	hemi2	bucdiaer
tlg001:1.1304	ἀνιόντας	19	24	short-ἀν-short-ι-long-όν-long-τας	hemi2
tlg001:1.1305	τήνῳ	1	3	long-τή-short-νῳ	hemi1	correption
tlg001:1.1305	ἐν	4	4	short-ἐν	hemi1
tlg001:1.1305	ἀμφιρύτῃ	5	10	long-ἀμ-short-φι-short-ρύ-long-τῃ	hemi1	diaer2
tlg001:1.1305	πέφνεν,	11	14	long-πέφ-long-νεν,	hemi2	caesmasc3
tlg001:1.1305	καὶ	15	15	short-καὶ	hemi2	correption
tlg001:1.1305	ἀμήσατο	16	20	short-ἀ-long-μή-short-σα-short-το	hemi2
tlg001:1.1305	γαῖαν	21	24	long-γαῖ-long-αν	hemi2	diaer6
tlg001:1.1306	ἀμφʼ	1	2	long-ἀμφʼ	hemi1
tlg001:1.1306	αὐτοῖς,	3	6	long-αὐ-long-τοῖς,	hemi1
tlg001:1.1306	στήλᾱς	7	10	long-στή-long-λᾱς	hemi1
tlg001:1.1306	τε	11	11	short-τε	hemi1
tlg001:1.1306	δύω	12	14	short-δύ-long-ω	hemi2	caesfem3
tlg001:1.1306	καθύπερθεν	15	19	short-καθ-short-ύ-long-περ-short-θεν	hemi2
tlg001:1.1306	ἔτευξεν,	20	24	short-ἔ-long-τευ-long-ξεν,	hemi2
tlg001:1.1307	ὧν	1	2	long-ὧν	hemi1
tlg001:1.1307	ἑτέρη,	3	6	short-ἑ-short-τέ-long-ρη,	hemi1
tlg001:1.1307	θάμβος	7	10	long-θάμ-long-βος	hemi1
tlg001:1.1307	περιώσιον	11	16	short-πε-short-ρι-long-ώ-short-σι-short-ον	hemi2	caesmasc3
tlg001:1.1307	ἀνδράσι	17	20	long-ἀν-short-δρά-short-σι	hemi2	bucdiaer
tlg001:1.1307	λεύσσειν,	21	24	long-λεύσ-long-σειν,	hemi2	diaer6
tlg001:1.1308	κῑ́νυται	1	4	long-κῑ́-short-νυ-short-ται	hemi1	correption
tlg001:1.1308	ἠχήεντος	5	11	long-ἠ-long-χή-long-εν-short-τος	hemi1	diaer2
tlg001:1.1308	ὑπὸ	12	14	short-ὑ-long-πὸ	hemi2	caesfem3
tlg001:1.1308	πνοιῇ	15	18	long-πνοι-long-ῇ	hemi2
tlg001:1.1308	βορέᾱο.	19	24	short-βο-short-ρέ-long-ᾱ-long-ο.	hemi2
tlg001:1.1309	καὶ	1	2	long-καὶ	hemi1
tlg001:1.1309	τὰ	3	3	short-τὰ	hemi1
tlg001:1.1309	μὲν	4	4	short-μὲν	hemi1
tlg001:1.1309	ὧς	5	6	long-ὧς	hemi1	diaer2
tlg001:1.1309	ἤμελλε	7	11	long-ἤ-long-μελ-short-λε	hemi1
tlg001:1.1309	μετὰ	12	14	short-με-long-τὰ	hemi2	caesfem3
tlg001:1.1309	χρόνον	15	16	short-χρό-short-νον	hemi2
tlg001:1.1309	ἐκτελέεσθαι.	17	24	long-ἐκ-short-τε-short-λέ-long-εσ-long-θαι.	hemi2	bucdiaer
tlg001:1.1310	τοῖσιν	1	4	long-τοῖ-long-σιν	hemi1
tlg001:1.1310	δὲ	5	6	long-δὲ	hemi1
tlg001:1.1310	Γλαῦκος	7	10	long-Γλαῦ-long-κος	hemi1
tlg001:1.1310	βρυχίης	11	14	short-βρυ-short-χί-long-ης	hemi2	caesmasc3
tlg001:1.1310	ἁλὸς	15	16	short-ἁ-short-λὸς	hemi2
tlg001:1.1310	ἐξεφαάνθη,	17	24	long-ἐξ-short-ε-short-φα-long-άν-long-θη,	hemi2	bucdiaer
tlg001:1.1311	Νηρῆος	1	6	long-Νη-long-ρῆ-long-ος	hemi1
tlg001:1.1311	θείοιο	7	11	long-θεί-long-οι-short-ο	hemi1
tlg001:1.1311	πολυφράδμων	12	18	short-πο-long-λυ-long-φράδ-long-μων	hemi2	caesfem3
tlg001:1.1311	ὑποφήτης·	19	24	short-ὑ-short-πο-long-φή-long-της·	hemi2
tlg001:1.1312	ὕψι	1	3	long-ὕ-short-ψι	hemi1
tlg001:1.1312	δὲ	4	4	short-δὲ	hemi1
tlg001:1.1312	λαχνῆέν	5	10	long-λαχ-long-νῆ-long-έν	hemi1	diaer2
tlg001:1.1312	τε	11	11	short-τε	hemi1
tlg001:1.1312	κάρη	12	14	short-κά-long-ρη	hemi2	caesfem3
tlg001:1.1312	καὶ	15	16	long-καὶ	hemi2
tlg001:1.1312	στήθεʼ	17	19	long-στή-short-θεʼ	hemi2
tlg001:1.1312	ἀείρᾱς	20	24	short-ἀ-long-εί-long-ρᾱς	hemi2
tlg001:1.1313	νειόθεν	1	4	long-νει-short-ό-short-θεν	hemi1
tlg001:1.1313	ἐκ	5	6	long-ἐκ	hemi1	diaer2
tlg001:1.1313	λαγόνων	7	10	short-λα-short-γό-long-νων	hemi1
tlg001:1.1313	στιβαρῇ	11	14	short-στι-short-βα-long-ρῇ	hemi2	caesmasc3	hiatus
tlg001:1.1313	ἐπορέξατο	15	20	short-ἐπ-short-ο-long-ρέ-short-ξα-short-το	hemi2
tlg001:1.1313	χειρὶ	21	24	long-χει-long-ρὶ	hemi2	diaer6
tlg001:1.1314	νηίου	1	4	long-νη-short-ί-short-ου	hemi1	correption
tlg001:1.1314	ὁλκαίοιο,	5	11	long-ὁλ-long-καί-long-οι-short-ο,	hemi1	diaer2
tlg001:1.1314	καὶ	12	12	short-καὶ	hemi2	caesfem3	correption
tlg001:1.1314	ἴ̄αχεν	13	16	long-ἴ̄-short-α-short-χεν	hemi2
tlg001:1.1314	ἐσσυμένοισιν·	17	24	long-ἐσ-short-συ-short-μέ-long-νοι-long-σιν·	hemi2	bucdiaer
tlg001:1.1315	‘τίπτε	1	3	long-‘τίπ-short-τε	hemi1
tlg001:1.1315	παρὲκ	4	6	short-παρ-long-ὲκ	hemi1
tlg001:1.1315	μεγάλοιο	7	11	short-με-short-γά-long-λοι-short-ο	hemi1
tlg001:1.1315	Διὸς	12	14	short-Δι-long-ὸς	hemi2	caesfem3
tlg001:1.1315	μενεαίνετε	15	20	short-με-short-νε-long-αί-short-νε-short-τε	hemi2
tlg001:1.1315	βουλὴν	21	24	long-βου-long-λὴν	hemi2	diaer6
tlg001:1.1316	Αἰήτεω	1	6	long-Αἰ-long-ή-long-τεω	hemi1	synizesis
tlg001:1.1316	πτολίεθρον	7	11	short-πτο-short-λί-long-εθ-short-ρον	hemi1
tlg001:1.1316	ἄγειν	12	14	short-ἄ-long-γειν	hemi2	caesfem3
tlg001:1.1316	θρασὺν	15	16	short-θρα-short-σὺν	hemi2
tlg001:1.1316	Ἡρακλῆα;	17	24	long-Ἡ-long-ρα-long-κλῆ-long-α;	hemi2	bucdiaer
tlg001:1.1317	Ἄργεΐ	1	4	long-Ἄρ-short-γε-short-ΐ	hemi1	hiatus
tlg001:1.1317	οἱ	5	6	long-οἱ	hemi1
tlg001:1.1317	μοῖρʼ	7	8	long-μοῖρʼ	hemi1
tlg001:1.1317	ἐστὶν	9	11	long-ἐσ-short-τὶν	hemi1	diaer3
tlg001:1.1317	ἀτασθάλῳ	12	16	short-ἀ-long-τασ-short-θά-short-λῳ	hemi2	caesfem3	correption
tlg001:1.1317	Εὐρυσθῆι	17	24	long-Εὐ-long-ρυσ-long-θῆ-long-ι	hemi2	bucdiaer
tlg001:1.1318	ἐκπλῆσαι	1	6	long-ἐκ-long-πλῆ-long-σαι	hemi1
tlg001:1.1318	μογέοντα	7	11	short-μο-short-γέ-long-ον-short-τα	hemi1
tlg001:1.1318	δυώδεκα	12	16	short-δυ-long-ώ-short-δε-short-κα	hemi2	caesfem3
tlg001:1.1318	πάντας	17	19	long-πάν-short-τας	hemi2	bucdiaer
tlg001:1.1318	ἀέθλους,	20	24	short-ἀ-long-έθ-long-λους,	hemi2
tlg001:1.1319	ναίειν	1	4	long-ναί-long-ειν	hemi1
tlg001:1.1319	δʼ	5	5	δʼ	hemi1
tlg001:1.1319	ἀ̄θανάτοισι	5	11	long-ἀ̄-short-θα-short-νά-long-τοι-short-σι	hemi1	diaer2
tlg001:1.1319	συνέστιον,	12	16	short-συν-long-έσ-short-τι-short-ον,	hemi2	caesfem3
tlg001:1.1319	εἴ	17	18	long-εἴ	hemi2	bucdiaer
tlg001:1.1319	κʼ	19	19	κʼ	hemi2
tlg001:1.1319	ἔτι	19	20	short-ἔ-short-τι	hemi2
tlg001:1.1319	παύρους	21	24	long-παύ-long-ρους	hemi2	diaer6
tlg001:1.1320	ἐξανύσῃ·	1	6	long-ἐξ-short-α-short-νύ-long-σῃ·	hemi1
tlg001:1.1320	τῶ	7	8	long-τῶ	hemi1
tlg001:1.1320	μή	9	10	long-μή	hemi1	diaer3
tlg001:1.1320	τι	11	11	short-τι	hemi1
tlg001:1.1320	ποθὴ	12	14	short-πο-long-θὴ	hemi2	caesfem3
tlg001:1.1320	κείνοιο	15	19	long-κεί-long-νοι-short-ο	hemi2
tlg001:1.1320	πελέσθω.	20	24	short-πε-long-λέσ-long-θω.	hemi2
tlg001:1.1321	αὔτως	1	4	long-αὔ-long-τως	hemi1
tlg001:1.1321	δʼ	5	5	δʼ	hemi1
tlg001:1.1321	αὖ	5	6	long-αὖ	hemi1	diaer2
tlg001:1.1321	Πολύφημον	7	11	short-Πο-short-λύ-long-φη-short-μον	hemi1
tlg001:1.1321	ἐπὶ	12	14	short-ἐ-long-πὶ	hemi2	caesfem3
tlg001:1.1321	προχοῇσι	15	19	short-προ-short-χο-long-ῇ-short-σι	hemi2
tlg001:1.1321	Κίοιο	20	24	short-Κί-long-οι-long-ο	hemi2
tlg001:1.1322	πέπρωται	1	6	long-πέ-long-πρω-long-ται	hemi1
tlg001:1.1322	Μῡσοῖσι	7	11	long-Μῡ-long-σοῖ-short-σι	hemi1
tlg001:1.1322	περικλεὲς	12	16	short-πε-long-ρι-short-κλε-short-ὲς	hemi2	caesfem3
tlg001:1.1322	ἄστυ	17	19	long-ἄσ-short-τυ	hemi2	bucdiaer
tlg001:1.1322	καμόντα	20	24	short-κα-long-μόν-long-τα	hemi2
tlg001:1.1323	μοῖραν	1	3	long-μοῖ-short-ραν	hemi1
tlg001:1.1323	ἀναπλήσειν	4	10	short-ἀ-long-να-long-πλή-long-σειν	hemi1
tlg001:1.1323	Χαλύβων	11	14	short-Χα-short-λύ-long-βων	hemi2	caesmasc3
tlg001:1.1323	ἐν	15	15	short-ἐν	hemi2
tlg001:1.1323	ἀπείρονι	16	20	short-ἀ-long-πεί-short-ρο-short-νι	hemi2	caesfem4
tlg001:1.1323	γαίῃ.	21	24	long-γαί-long-ῃ.	hemi2	diaer6
tlg001:1.1324	αὐτὰρ	1	3	long-αὐ-short-τὰρ	hemi1
tlg001:1.1324	Ὕλᾱν	4	6	short-Ὕ-long-λᾱν	hemi1
tlg001:1.1324	φιλότητι	7	11	short-φι-short-λό-long-τη-short-τι	hemi1
tlg001:1.1324	θεᾱ̀	12	14	short-θε-long-ᾱ̀	hemi2	caesfem3
tlg001:1.1324	ποιήσατο	15	20	long-ποι-long-ή-short-σα-short-το	hemi2
tlg001:1.1324	νύμφη	21	24	long-νύμ-long-φη	hemi2	diaer6
tlg001:1.1325	ὃν	1	2	long-ὃν	hemi1
tlg001:1.1325	πόσιν,	3	4	short-πό-short-σιν,	hemi1
tlg001:1.1325	οἷό	5	7	long-οἷ-short-ό	hemi1	diaer2
tlg001:1.1325	περ	8	8	short-περ	hemi1
tlg001:1.1325	οὕνεκʼ	9	11	long-οὕ-short-νεκʼ	hemi1	diaer3
tlg001:1.1325	ἀποπλαγχθέντες	12	19	short-ἀ-long-πο-long-πλαγχ-long-θέν-short-τες	hemi2	caesfem3
tlg001:1.1325	ἔλειφθεν.’	20	24	short-ἔ-long-λει-long-φθεν.’	hemi2
tlg001:1.1326	ἦ,	1	2	long-ἦ,	hemi1
tlg001:1.1326	καὶ	3	4	long-καὶ	hemi1
tlg001:1.1326	κῦμʼ	5	6	long-κῦμʼ	hemi1
tlg001:1.1326	ἀλίαστον	7	11	short-ἀ-short-λί-long-ασ-short-τον	hemi1
tlg001:1.1326	ἐφέσσατο	12	16	short-ἐφ-long-έσ-short-σα-short-το	hemi2	caesfem3
tlg001:1.1326	νειόθι	17	20	long-νει-short-ό-short-θι	hemi2	bucdiaer
tlg001:1.1326	δύψᾱς·	21	24	long-δύ-long-ψᾱς·	hemi2	diaer6
tlg001:1.1327	ἀμφὶ	1	3	long-ἀμ-short-φὶ	hemi1
tlg001:1.1327	δέ	4	4	short-δέ	hemi1	hiatus
tlg001:1.1327	οἱ	5	6	long-οἱ	hemi1
tlg001:1.1327	δῑ́νῃσι	7	11	long-δῑ́-long-νῃ-short-σι	hemi1
tlg001:1.1327	κυκώμενον	12	16	short-κυ-long-κώ-short-με-short-νον	hemi2	caesfem3
tlg001:1.1327	ἄφρεεν	17	20	long-ἄφ-short-ρε-short-εν	hemi2	bucdiaer
tlg001:1.1327	ὕ̄δωρ	21	24	long-ὕ̄-long-δωρ	hemi2	diaer6
tlg001:1.1328	πορφύρεον,	1	6	long-πορ-short-φύ-short-ρε-long-ον,	hemi1
tlg001:1.1328	κοίλην	7	10	long-κοί-long-λην	hemi1
tlg001:1.1328	δὲ	11	11	short-δὲ	hemi1
tlg001:1.1328	διὲξ	12	14	short-δι-long-ὲξ	hemi2	caesfem3
tlg001:1.1328	ἁλὸς	15	16	short-ἁ-short-λὸς	hemi2
tlg001:1.1328	ἔκλυσε	17	20	long-ἔ-short-κλυ-short-σε	hemi2	bucdiaer
tlg001:1.1328	νῆα.	21	24	long-νῆ-long-α.	hemi2	diaer6
tlg001:1.1329	γήθησαν	1	6	long-γή-long-θη-long-σαν	hemi1
tlg001:1.1329	δʼ	7	7	δʼ	hemi1
tlg001:1.1329	ἥρωες·	7	11	long-ἥ-long-ρω-short-ες·	hemi1
tlg001:1.1329	ὁ	12	12	short-ὁ	hemi2	caesfem3
tlg001:1.1329	δʼ	13	13	δʼ	hemi2
tlg001:1.1329	ἐσσυμένως	13	18	long-ἐσ-short-συ-short-μέ-long-νως	hemi2	diaer4
tlg001:1.1329	ἐβεβήκει	19	24	short-ἐ-short-βε-long-βή-long-κει	hemi2
tlg001:1.1330	Αἰακίδης	1	6	long-Αἰ-short-α-short-κί-long-δης	hemi1
tlg001:1.1330	Τελαμὼν	7	10	short-Τε-short-λα-long-μὼν	hemi1
tlg001:1.1330	ἐς	11	11	short-ἐς	hemi2	caesmasc3
tlg001:1.1330	Ἰήσονα,	12	16	short-Ἰ-long-ή-short-σο-short-να,	hemi2
tlg001:1.1330	χεῖρα	17	19	long-χεῖ-short-ρα	hemi2	bucdiaer
tlg001:1.1330	δὲ	20	20	short-δὲ	hemi2
tlg001:1.1330	χειρὶ	21	24	long-χει-long-ρὶ	hemi2	diaer6
tlg001:1.1331	ἄκρην	1	4	long-ἄκ-long-ρην	hemi1
tlg001:1.1331	ἀμφιβαλὼν	5	10	long-ἀμ-short-φι-short-βα-long-λὼν	hemi1	diaer2
tlg001:1.1331	προσπτύξατο,	11	16	long-προσ-long-πτύ-short-ξα-short-το,	hemi2	caesmasc3
tlg001:1.1331	φώνησέν	17	22	long-φώ-long-νη-long-σέν	hemi2	bucdiaer
tlg001:1.1331	τε·	23	24	long-τε·	hemi2
tlg001:1.1332	‘Αἰσονίδη,	1	6	long-‘Αἰ-short-σο-short-νί-long-δη,	hemi1
tlg001:1.1332	μή	7	8	long-μή	hemi1
tlg001:1.1332	μοί	9	10	long-μοί	hemi1	diaer3
tlg001:1.1332	τι	11	11	short-τι	hemi1
tlg001:1.1332	χολώσεαι,	12	16	short-χο-long-λώ-short-σε-short-αι,	hemi2	caesfem3	correption
tlg001:1.1332	ἀφραδίῃσιν	17	24	long-ἀ-short-φρα-short-δί-long-ῃ-long-σιν	hemi2	bucdiaer
tlg001:1.1333	εἴ	1	2	long-εἴ	hemi1
tlg001:1.1333	τί	3	3	short-τί	hemi1
tlg001:1.1333	περ	4	4	short-περ	hemi1
tlg001:1.1333	ἀ̄ασάμην·	5	10	long-ἀ̄-short-α-short-σά-long-μην·	hemi1	diaer2
tlg001:1.1333	πέρι	11	12	short-πέ-short-ρι	hemi2	caesmasc3
tlg001:1.1333	γάρ	13	14	long-γάρ	hemi2
tlg001:1.1333	μ᾽ἄχος	15	16	short-μ᾽ἄ-short-χος	hemi2
tlg001:1.1333	εἷλεν	17	19	long-εἷ-short-λεν	hemi2	bucdiaer
tlg001:1.1333	ἐνισπεῖν	20	24	short-ἐν-long-ισ-long-πεῖν	hemi2
tlg001:1.1334	μῦθον	1	3	long-μῦ-short-θον	hemi1
tlg001:1.1334	ὑπερφίαλόν	4	10	short-ὑ-long-περ-short-φί-short-α-long-λόν	hemi1
tlg001:1.1334	τε	11	11	short-τε	hemi1
tlg001:1.1334	καὶ	12	12	short-καὶ	hemi2	caesfem3	correption
tlg001:1.1334	ἄσχετον,	13	16	long-ἄ-short-σχε-short-τον,	hemi2
tlg001:1.1334	ἀλλʼ	17	18	long-ἀλλʼ	hemi2	bucdiaer
tlg001:1.1334	ἀνέμοισιν	19	24	short-ἀ-short-νέ-long-μοι-long-σιν	hemi2
tlg001:1.1335	δώομεν	1	4	long-δώ-short-ο-short-μεν	hemi1
tlg001:1.1335	ἀμπλακίην,	5	10	long-ἀμ-short-πλα-short-κί-long-ην,	hemi1	diaer2
tlg001:1.1335	ὡς	11	12	long-ὡς	hemi2	caesmasc3
tlg001:1.1335	καὶ	13	14	long-καὶ	hemi2	diaer4
tlg001:1.1335	πάρος	15	16	short-πά-short-ρος	hemi2
tlg001:1.1335	εὐμενέοντες.’	17	24	long-εὐ-short-με-short-νέ-long-ον-long-τες.’	hemi2	bucdiaer
tlg001:1.1336	τὸν	1	2	long-τὸν	hemi1
tlg001:1.1336	δʼ	3	3	δʼ	hemi1
tlg001:1.1336	αὖτʼ	3	4	long-αὖτʼ	hemi1
tlg001:1.1336	Αἴσονος	5	8	long-Αἴ-short-σο-short-νος	hemi1	diaer2
tlg001:1.1336	υἱὸς	9	11	long-υἱ-short-ὸς	hemi1	diaer3
tlg001:1.1336	ἐπιφραδέως	12	18	short-ἐ-long-πι-short-φρα-short-δέ-long-ως	hemi2	caesfem3
tlg001:1.1336	προσέειπεν·	19	24	short-προσ-short-έ-long-ει-long-πεν·	hemi2
tlg001:1.1337	‘ὦ	1	2	long-‘ὦ	hemi1
tlg001:1.1337	πέπον,	3	4	short-πέ-short-πον,	hemi1
tlg001:1.1337	ἦ	5	6	long-ἦ	hemi1	diaer2
tlg001:1.1337	μάλα	7	8	short-μά-short-λα	hemi1
tlg001:1.1337	δή	9	10	long-δή	hemi1	diaer3
tlg001:1.1337	με	11	11	short-με	hemi1
tlg001:1.1337	κακῷ	12	14	short-κα-long-κῷ	hemi2	caesfem3	hiatus
tlg001:1.1337	ἐκυδάσσαο	15	20	short-ἐ-short-κυ-long-δάσ-short-σα-short-ο	hemi2
tlg001:1.1337	μῡ́θῳ,	21	24	long-μῡ́-long-θῳ,	hemi2	diaer6
tlg001:1.1338	φᾱ̀ς	1	2	long-φᾱ̀ς	hemi1
tlg001:1.1338	ἐνὶ	3	4	short-ἐ-short-νὶ	hemi1
tlg001:1.1338	τοῖσιν	5	7	long-τοῖ-short-σιν	hemi1	diaer2
tlg001:1.1338	ἅπᾱσιν	8	11	short-ἅ-long-πᾱ-short-σιν	hemi1
tlg001:1.1338	ἐνηέος	12	16	short-ἐν-long-η-short-έ-short-ος	hemi2	caesfem3
tlg001:1.1338	ἀνδρὸς	17	19	long-ἀν-short-δρὸς	hemi2	bucdiaer
tlg001:1.1338	ἀλείτην	20	24	short-ἀ-long-λεί-long-την	hemi2
tlg001:1.1339	ἔμμεναι.	1	4	long-ἔμ-short-με-short-ναι.	hemi1	correption
tlg001:1.1339	ἀλλʼ	5	6	long-ἀλλʼ	hemi1	diaer2
tlg001:1.1339	οὐ	7	8	long-οὐ	hemi1
tlg001:1.1339	θήν	9	10	long-θήν	hemi1	diaer3
tlg001:1.1339	τοι	11	11	short-τοι	hemi1	correption
tlg001:1.1339	ἀδευκέα	12	16	short-ἀ-long-δευ-short-κέ-short-α	hemi2	caesfem3
tlg001:1.1339	μῆνιν	17	19	long-μῆ-short-νιν	hemi2	bucdiaer
tlg001:1.1339	ἀέξω,	20	24	short-ἀ-long-έ-long-ξω,	hemi2
tlg001:1.1340	πρίν	1	2	long-πρίν	hemi1
tlg001:1.1340	περ	3	3	short-περ	hemi1
tlg001:1.1340	ἀνῑηθείς·	4	10	short-ἀν-long-ῑ-long-η-long-θείς·	hemi1
tlg001:1.1340	ἐπεὶ	11	12	short-ἐ-short-πεὶ	hemi2	caesmasc3	correption
tlg001:1.1340	οὐ	13	14	long-οὐ	hemi2	diaer4
tlg001:1.1340	περὶ	15	16	short-πε-short-ρὶ	hemi2
tlg001:1.1340	πώεσι	17	20	long-πώ-short-ε-short-σι	hemi2	bucdiaer
tlg001:1.1340	μήλων,	21	24	long-μή-long-λων,	hemi2	diaer6
tlg001:1.1341	οὐδὲ	1	3	long-οὐ-short-δὲ	hemi1
tlg001:1.1341	περὶ	4	6	short-πε-long-ρὶ	hemi1
tlg001:1.1341	κτεάτεσσι	7	11	short-κτε-short-ά-long-τεσ-short-σι	hemi1
tlg001:1.1341	χαλεψάμενος	12	18	short-χα-long-λε-short-ψά-short-με-long-νος	hemi2	caesfem3
tlg001:1.1341	μενέηνας,	19	24	short-με-short-νέ-long-η-long-νας,	hemi2
tlg001:1.1342	ἀλλʼ	1	2	long-ἀλλʼ	hemi1
tlg001:1.1342	ἑτάρου	3	6	short-ἑ-short-τά-long-ρου	hemi1
tlg001:1.1342	περὶ	7	8	short-πε-short-ρὶ	hemi1
tlg001:1.1342	φωτός.	9	11	long-φω-short-τός.	hemi1	diaer3
tlg001:1.1342	ἔολπα	12	15	short-ἔ-long-ολ-short-πα	hemi2	caesfem3
tlg001:1.1342	δέ	16	16	short-δέ	hemi2
tlg001:1.1342	τοι	17	18	long-τοι	hemi2
tlg001:1.1342	σὲ	19	19	short-σὲ	hemi2
tlg001:1.1342	καὶ	20	20	short-καὶ	hemi2	correption
tlg001:1.1342	ἄλλῳ	21	24	long-ἄλ-long-λῳ	hemi2
tlg001:1.1343	ἀμφʼ	1	2	long-ἀμφʼ	hemi1
tlg001:1.1343	ἐμεῦ,	3	4	short-ἐ-short-μεῦ,	hemi1	correption
tlg001:1.1343	εἰ	5	6	long-εἰ	hemi1	diaer2
tlg001:1.1343	τοιόνδε	7	11	long-τοι-long-όν-short-δε	hemi1
tlg001:1.1343	πέλοι	12	14	short-πέ-long-λοι	hemi2	caesfem3
tlg001:1.1343	ποτέ,	15	16	short-πο-short-τέ,	hemi2
tlg001:1.1343	δηρῑ́σασθαι.’	17	24	long-δη-long-ρῑ́-long-σασ-long-θαι.’	hemi2	bucdiaer
tlg001:1.1344	ἦ	1	2	long-ἦ	hemi1
tlg001:1.1344	ῥα,	3	3	short-ῥα,	hemi1
tlg001:1.1344	καὶ	4	4	short-καὶ	hemi1	correption
tlg001:1.1344	ἀρθμηθέντες,	5	11	long-ἀρθ-long-μη-long-θέν-short-τες,	hemi1
tlg001:1.1344	ὅπῃ	12	14	short-ὅ-long-πῃ	hemi2	caesfem3
tlg001:1.1344	πάρος,	15	16	short-πά-short-ρος,	hemi2
tlg001:1.1344	ἑδριόωντο.	17	24	long-ἑδ-short-ρι-short-ό-long-ων-long-το.	hemi2	bucdiaer
tlg001:1.1345	τὼ	1	2	long-τὼ	hemi1
tlg001:1.1345	δὲ	3	3	short-δὲ	hemi1
tlg001:1.1345	Διὸς	4	6	short-Δι-long-ὸς	hemi1
tlg001:1.1345	βουλῇσιν,	7	11	long-βου-long-λῇ-short-σιν,	hemi1
tlg001:1.1345	ὁ	12	12	short-ὁ	hemi2	caesfem3
tlg001:1.1345	μὲν	13	14	long-μὲν	hemi2
tlg001:1.1345	Μῡσοῖσι	15	19	long-Μῡ-long-σοῖ-short-σι	hemi2
tlg001:1.1345	βαλέσθαι	20	24	short-βα-long-λέσ-long-θαι	hemi2
tlg001:1.1346	μέλλεν	1	3	long-μέλ-short-λεν	hemi1
tlg001:1.1346	ἐπώνυμον	4	8	short-ἐπ-long-ώ-short-νυ-short-μον	hemi1
tlg001:1.1346	ἄστυ	9	11	long-ἄσ-short-τυ	hemi1	diaer3
tlg001:1.1346	πολισσάμενος	12	18	short-πο-long-λισ-short-σά-short-με-long-νος	hemi2	caesfem3
tlg001:1.1346	ποταμοῖο	19	24	short-πο-short-τα-long-μοῖ-long-ο	hemi2
tlg001:1.1347	Εἰλατίδης	1	6	long-Εἰ-short-λα-short-τί-long-δης	hemi1
tlg001:1.1347	Πολύφημος·	7	11	short-Πο-short-λύ-long-φη-short-μος·	hemi1
tlg001:1.1347	ὁ	12	12	short-ὁ	hemi2	caesfem3
tlg001:1.1347	δʼ	13	13	δʼ	hemi2
tlg001:1.1347	Εὐρυσθῆος	13	19	long-Εὐ-long-ρυσ-long-θῆ-short-ος	hemi2	diaer4
tlg001:1.1347	ἀέθλους	20	24	short-ἀ-long-έθ-long-λους	hemi2
tlg001:1.1348	αὖτις	1	3	long-αὖ-short-τις	hemi1
tlg001:1.1348	ἰὼν	4	6	short-ἰ-long-ὼν	hemi1
tlg001:1.1348	πονέεσθαι.	7	11	short-πο-short-νέ-long-εσ-short-θαι.	hemi1	correption
tlg001:1.1348	ἐπηπείλησε	12	19	short-ἐπ-long-η-long-πεί-long-λη-short-σε	hemi2	caesfem3
tlg001:1.1348	δὲ	20	20	short-δὲ	hemi2
tlg001:1.1348	γαῖαν	21	24	long-γαῖ-long-αν	hemi2	diaer6
tlg001:1.1349	Μῡσίδʼ	1	3	long-Μῡ-short-σίδʼ	hemi1
tlg001:1.1349	ἀναστήσειν	4	10	short-ἀ-long-να-long-στή-long-σειν	hemi1
tlg001:1.1349	αὐτοσχεδόν,	11	16	long-αὐ-long-τοσ-short-χε-short-δόν,	hemi2	caesmasc3
tlg001:1.1349	ὁππότε	17	20	long-ὁπ-short-πό-short-τε	hemi2	bucdiaer
tlg001:1.1349	μή	21	22	long-μή	hemi2	diaer6	hiatus
tlg001:1.1349	οἱ	23	24	long-οἱ	hemi2
tlg001:1.1350	ἢ	1	2	long-ἢ	hemi1
tlg001:1.1350	ζωοῦ	3	6	long-ζω-long-οῦ	hemi1	hiatus
tlg001:1.1350	εὕροιεν	7	11	long-εὕ-long-ροι-short-εν	hemi1
tlg001:1.1350	Ὕλᾱ	12	14	short-Ὕ-long-λᾱ	hemi2	caesfem3
tlg001:1.1350	μόρον,	15	16	short-μό-short-ρον,	hemi2
tlg001:1.1350	ἠὲ	17	19	long-ἠ-short-ὲ	hemi2	bucdiaer
tlg001:1.1350	θανόντος.	20	24	short-θα-long-νόν-long-τος.	hemi2
tlg001:1.1351	τοῖο	1	3	long-τοῖ-short-ο	hemi1
tlg001:1.1351	δὲ	4	4	short-δὲ	hemi1
tlg001:1.1351	ῥῡ́σιʼ	5	7	long-ῥῡ́-short-σιʼ	hemi1	diaer2
tlg001:1.1351	ὄπασσαν	8	11	short-ὄ-long-πασ-short-σαν	hemi1
tlg001:1.1351	ἀποκρῑ́ναντες	12	19	short-ἀ-long-πο-long-κρῑ́-long-ναν-short-τες	hemi2	caesfem3
tlg001:1.1351	ἀρίστους	20	24	short-ἀ-long-ρίσ-long-τους	hemi2
tlg001:1.1352	υἱέας	1	4	long-υἱ-short-έ-short-ας	hemi1
tlg001:1.1352	ἐκ	5	6	long-ἐκ	hemi1	diaer2
tlg001:1.1352	δήμοιο,	7	11	long-δή-long-μοι-short-ο,	hemi1
tlg001:1.1352	καὶ	12	12	short-καὶ	hemi2	caesfem3	correption
tlg001:1.1352	ὅρκια	13	16	long-ὅρ-short-κι-short-α	hemi2
tlg001:1.1352	ποιήσαντο,	17	24	long-ποι-long-ή-long-σαν-long-το,	hemi2	bucdiaer
tlg001:1.1353	μήποτε	1	4	long-μή-short-πο-short-τε	hemi1
tlg001:1.1353	μαστεύοντες	5	11	long-μασ-long-τεύ-long-ον-short-τες	hemi1	diaer2
tlg001:1.1353	ἀπολλήξειν	12	18	short-ἀ-long-πολ-long-λή-long-ξειν	hemi2	caesfem3
tlg001:1.1353	καμάτοιο.	19	24	short-κα-short-μά-long-τοι-long-ο.	hemi2
tlg001:1.1354	τούνεκεν	1	4	long-τού-short-νε-short-κεν	hemi1
tlg001:1.1354	εἰσέτι	5	8	long-εἰσ-short-έ-short-τι	hemi1	diaer2
tlg001:1.1354	νῦν	9	10	long-νῦν	hemi1	diaer3
tlg001:1.1354	περ	11	11	short-περ	hemi1
tlg001:1.1354	Ὕλᾱν	12	14	short-Ὕ-long-λᾱν	hemi2	caesfem3
tlg001:1.1354	ἐρέουσι	15	19	short-ἐ-short-ρέ-long-ου-short-σι	hemi2
tlg001:1.1354	Κιᾱνοί,	20	24	short-Κι-long-ᾱ-long-νοί,	hemi2
tlg001:1.1355	κοῦρον	1	4	long-κοῦ-long-ρον	hemi1
tlg001:1.1355	Θειοδάμαντος,	5	11	long-Θει-short-ο-short-δά-long-μαν-short-τος,	hemi1	diaer2
tlg001:1.1355	ἐυκτιμένης	12	18	short-ἐ-long-υ-short-κτι-short-μέ-long-νης	hemi2	caesfem3
tlg001:1.1355	τε	19	19	short-τε	hemi2
tlg001:1.1355	μέλονται	20	24	short-μέ-long-λον-long-ται	hemi2
tlg001:1.1356	Τρηχῖνος.	1	6	long-Τρη-long-χῖ-long-νος.	hemi1
tlg001:1.1356	δὴ	7	8	long-δὴ	hemi1
tlg001:1.1356	γάρ	9	10	long-γάρ	hemi1
tlg001:1.1356	ῥα	11	11	short-ῥα	hemi1
tlg001:1.1356	κατʼ	12	12	short-κατʼ	hemi2	caesfem3
tlg001:1.1356	αὐτόθι	13	16	long-αὐ-short-τό-short-θι	hemi2	diaer4
tlg001:1.1356	νάσσατο	17	20	long-νάσ-short-σα-short-το	hemi2	bucdiaer
tlg001:1.1356	παῖδας,	21	24	long-παῖ-long-δας,	hemi2	diaer6
tlg001:1.1357	οὕς	1	2	long-οὕς	hemi1
tlg001:1.1357	οἱ	3	4	long-οἱ	hemi1
tlg001:1.1357	ῥῡ́σια	5	8	long-ῥῡ́-short-σι-short-α	hemi1	diaer2
tlg001:1.1357	κεῖθεν	9	11	long-κεῖ-short-θεν	hemi1	diaer3
tlg001:1.1357	ἐπιπροέηκαν	12	19	short-ἐ-long-πι-short-προ-short-έ-long-η-short-καν	hemi2	caesfem3
tlg001:1.1357	ἄγεσθαι.	20	24	short-ἄ-long-γεσ-long-θαι.	hemi2
tlg001:1.1358	Νηῦν	1	2	long-Νηῦν	hemi1
tlg001:1.1358	δὲ	3	3	short-δὲ	hemi1
tlg001:1.1358	πανημερίην	4	10	short-παν-long-η-short-με-short-ρί-long-ην	hemi1
tlg001:1.1358	ἄνεμος	11	14	short-ἄ-short-νε-long-μος	hemi2	caesmasc3
tlg001:1.1358	φέρε	15	16	short-φέ-short-ρε	hemi2
tlg001:1.1358	νυκτί	17	19	long-νυκ-short-τί	hemi2	bucdiaer
tlg001:1.1358	τε	20	20	short-τε	hemi2
tlg001:1.1358	πᾱ́σῃ	21	24	long-πᾱ́-long-σῃ	hemi2	diaer6
tlg001:1.1359	λάβρος	1	3	long-λάβ-short-ρος	hemi1
tlg001:1.1359	ἐπιπνείων·	4	10	short-ἐ-long-πι-long-πνεί-long-ων·	hemi1
tlg001:1.1359	ἀτὰρ	11	12	short-ἀ-short-τὰρ	hemi2	caesmasc3
tlg001:1.1359	οὐδʼ	13	14	long-οὐδʼ	hemi2	diaer4
tlg001:1.1359	ἐπὶ	15	16	short-ἐ-short-πὶ	hemi2
tlg001:1.1359	τυτθὸν	17	19	long-τυτ-short-θὸν	hemi2	bucdiaer
tlg001:1.1359	ἄητο	20	24	short-ἄ-long-η-long-το	hemi2
tlg001:1.1360	ἠοῦς	1	4	long-ἠ-long-οῦς	hemi1
tlg001:1.1360	τελλομένης,	5	10	long-τελ-short-λο-short-μέ-long-νης,	hemi1	diaer2
tlg001:1.1360	οἱ	11	12	long-οἱ	hemi2	caesmasc3
tlg001:1.1360	δὲ	13	14	long-δὲ	hemi2
tlg001:1.1360	χθονὸς	15	16	short-χθο-short-νὸς	hemi2
tlg001:1.1360	εἰσανέχουσαν	17	24	long-εἰσ-short-αν-short-έ-long-χου-long-σαν	hemi2	bucdiaer
tlg001:1.1361	ἀκτὴν	1	4	long-ἀκ-long-τὴν	hemi1
tlg001:1.1361	ἐκ	5	6	long-ἐκ	hemi1	diaer2
tlg001:1.1361	κόλποιο	7	11	long-κόλ-long-ποι-short-ο	hemi1
tlg001:1.1361	μάλʼ	12	12	short-μάλʼ	hemi2	caesfem3
tlg001:1.1361	εὐρεῖαν	13	18	long-εὐ-long-ρεῖ-long-αν	hemi2	diaer4
tlg001:1.1361	ἐσιδέσθαι	19	24	short-ἐσ-short-ι-long-δέσ-long-θαι	hemi2
tlg001:1.1362	φρασσάμενοι,	1	6	long-φρασ-short-σά-short-με-long-νοι,	hemi1
tlg001:1.1362	κώπῃσιν	7	11	long-κώ-long-πῃ-short-σιν	hemi1
tlg001:1.1362	ἅμʼ	12	12	short-ἅμʼ	hemi2	caesfem3
tlg001:1.1362	ἠελίῳ	13	18	long-ἠ-short-ε-short-λί-long-ῳ	hemi2	diaer4	hiatus
tlg001:1.1362	ἐπέκελσαν.	19	24	short-ἐπ-short-έ-long-κελ-long-σαν.	hemi2
