!	!; Oh; ah; alas; exclamation mark; oh
'	'; 'l = il (the); 'ntrasse = entered; and; him; into; invites (her); it; must; not; of it; of the; swallows; that; the; them; which
'l	and; him; it; the
'n	and; in; on a
(	(; ( (punctuation); opening parenthesis
)	(; (used to mark the beginning of a parenthetical remark); ); close parenthesis; closing parenthesis; oh; parenthesis; right parenthesis
,	,; .; ;; and; but; comma; comma (punctuation mark); comma (punctuation); how; not applicable; not applicable (punctuation); or; punct; punctuation; punctuation mark; punctuation mark (comma); that; then; there; —
.	.; and; not; period; period (punctuation mark); —
..	…
...	the
.D.	D.
.M.	M
:	(; :; and; colon; punctuation; than; that; to; when; why; with; —
;	.; ;; and; but; not; not applicable; not applicable (punctuation); semicolon; semicolon punctuation mark
?	?; and; are; good; it; me; not; of; of it; only; or; question mark; than; the; their; therefore; thunder; to whom; what; where; who; whom; why; wonderful; would be; would believe; you; you are; you make; you must
a	And; At; At the; At/To; By; For; In this way; Nor; On; Scarcely; The; To; To the; With; above; according to; against; and; as; at; at the; at/to; behind; beside; besides; between; beyond; by; by chance; by hand; compared to; face to face; for; for the use of; from; in; in a circle; in circles; in full; in groups of; in his; in the; in the manner of; in the shape of; in time; in/at; in/into; like; near; of; of the; on; on foot; one by one; scarcely; than; than the; than to; that; the; to; to the; to which; to whom; toward; towards; under; until; with; within
a'	to the
abaia	barks
abandonare	abandon; abandoned; abandons; to abandon
abandonato	abandoned
abandono	abandonment; abandons
abare	I had
abassare	lower
abasso	lowers
abattere	knocks down
abbacinato	dazzled
abbagliare	dazzles; to dazzle
abbaiare	barking; to bark
abbandonare	abandon; abandoned; abandons; to abandon; were abandoning
abbandonato	abandon; abandoned
abbandono	I abandon
abbarbagliare	dazzled; dazzles; to dazzle
abbarbicare	clung
abbassare	lower; lowered; lowering; lowers; to lower
abbate	abbot
abbattere	brought down; defeated; knock down; knocked down; knocked him down; knocks down; may encounter; overcome; overthrown; to bring down; was knocking down
abbellare	beautifies
abbiadare	let him have; may he have
abbialare	may have it
abbiare	may he have
abbil	have it
abbilare	have it
abbondare	abounds
abborre	abhors
abbracciamento	embrace; embraces
abbracciare	embrace; embraced; embraces; embracing; they embraced; to embrace
abbracciollo	embraced him
abbreviare	to shorten
abbruciare	burns; to burn
abete	fir; fir tree
abeto	fir trees; firs
abeverare	to water
abil	capable
abile	suitable
abisso	abyss
abitante	inhabitants
abitare	dwell; dwells; dwelt; he/she/it lived; inhabit; inhabited; lived; lives; to dwell; to inhabit
abitazione	dwellings
abitiare	we inhabit
abito	attire; clothes; clothing; dress; garment; habit; lives
abominando	abominable
abominato	abhorred
abominevol	abominable
abominoso	abominable
abondante	abundant
abondanza	abundance
abondare	abounds; to abound
abondo	abounds
aborre	abhors
aborrevole	abhorrent
abraccio	embraces
abruce	burn
abrucia	burn
Absalone	Absalom
absorto	absorbed
acante	acanthus plants
acanto	acanthus
accaddere	happened
accadere	happened; happening; happens; it happens; may happen; to happen; will happen
accampare	camped; encamps
accaneggiare	enraged
accanto	beside; next to
accarere	caresses
accarezzare	caressed; caresses; they caressed each other; to caress; was caressing; welcomed; you caress
accasciare	collapses
accattare	begs
accecare	blinded
accecato	blinded
acceggiare	snipe
accelerare	accelerating; hastening; to hurry
accelerato	accelerated
accendere	I burned; burned; burning; burns; ignited; ignites; inflamed; inflames; kindled; kindles; lighting; lights; lights up; lit; lit up; may be kindled; may light; might ignite; set fire to; set on fire; sets on fire; to ignite; to light; was kindled; was kindling; would ignite
accennare	appears; beckons; gestures; he/she nodded; he/she/it attempts; hints; indicates; nodding; signaled; signals; they signal; to hint; was signaling
accennere	may signal
accenso	inflamed
accento	accents
accertare	confirmed; to ascertain
accerto	assure
acceso	ignited; inflamed; kindled; lit; lit up; set on fire
accetta	accepts; axe; axes
accettabile	acceptable
accettare	I accept; accept; accepted; accepts; dear; to accept; welcomes; would accept
accettollo	he accepted it
acchetare	calms down; to appease; to quiet
acchetato	calmed
accheto	settles
acciaio	steel
Acciaiuoli	Acciaiuoli (family name)
acciar	steel
acciare	So that; so that; steel
acciaro	steel
accidente	accident; accidents; event; events
acciecare	blinds; to blind
accingere	girded
accinto	ready
acciò	so that
accoccare	tricks
accoggiare	I gather
accoglienza	reception; welcome; welcomes
accogliere	gathered; welcomed; welcomes
accolto	Accolti
accommodato	furnished
accompagnare	accompanied; accompanies; accompany; may accompany; to accompany
accompagnoglare	accompanied her
accompagnollo	accompanied him
acconcere	adjust; arranged
acconciare	adjusts; arranges; ready; they prepare; to prepare
acconcio	arranged; fit; prepared; suitable
acconciollare	prepared it
accoppiare	gathers together; joins; paired; pairing; to pair; to pair up
accoppiata	paired
accoppiato	paired
accora	to gather
accorare	grieves; will grieve
accordare	agreed; agrees; harmonizing; reconciles; they agreed; to agree; to reconcile
accordo	agreement; agreements; reconciles
accorgere	aware; became aware; clever; noticed; notices; realize; realized; shrewd; skillful; warned
accorrere	I noticed; I run; gather; hurried; noticed; ran up; realized; runs; rushes; they noticed; was running together
accortamente	shrewdly; skillfully; wisely
accortezza	shrewdness
accorto	aware; clever; heedful; shrewd; skilled; wise
accostare	approached; approaches; approaching; close by; moved closer; near; they approached; to approach
accosto	approach
accozzare	they met; to clash; to clash with him
accrebre	increased
accrescare	may increase
accrescere	increase; increased; increases; increasing; to increase; will increase
accusa	accusation; accusations; accuses
accusare	accused; accuses; accusing; to accuse; was accusing
accusator	accuser
accusatore	accuser; accusers
acerbio	unripe
acerbo	bitter; fierce; harsh; unripe; young
Acheronte	Acheron
achetare	calms; quieted; to quiet
Achille	Achilles
aco	needle
acqua	Water; water; waters
Acquamorta	Acquamorta; Acquamorta (place name); Acquamorta (proper noun, place name)
acquetare	calmed
acquistare	acquire; acquired; acquires; acquiring; gains; to acquire; to gain; will acquire
acquistere	would acquire
acquisto	acquires; acquisition; conquest; gain; gains
acro	bitter; harsh; steep
Acrocerauno	Acroceraunian
acuto	high-pitched note; sharp; shrill
Ada	Adda
adagiare	having accommodated; settles down; slowly
adagio	slowly
Adam	Adam
adamantino	adamantine
Adamo	Adam
adattare	adapted; adapts; fits; to adapt
adattollare	he fitted it
addire	points to
additare	pointing at; pointing out
addolorare	grieving
addolorato	grieved; grieving
addormentare	falls asleep; fell asleep
addormentato	asleep
addormentosse	fell asleep
addosso	at him; on; on (you); on him
addurre	brings
adeguare	equaled; equals; matches
adeguato	leveled
adeguire	you equal
adempiare	may be fulfilled
adempiere	fulfills
adentro	inside
adescare	lured
Adice	Adige (the river)
adietro	before; behind
adirare	angry
adire	gets angry; grows angry; they get angry
adito	access; opportunity
adiutrice	helper
adizza	provokes
adizzare	spurs
Adoardo	Adoardo
adocchiare	catches sight of; eyes; they noticed each other
adombrare	embody; frightens; shaded; shadows; to shade
adombro	shades
adonco	hooked
Adone	Adonis
Adonio	Adonio; Adonis; Adonis's; Adonius
adoperare	to use; used
adoprare	I used; employs; exerts himself; is used; to use; use; uses
adoprarme	to use myself
adoprire	use; uses
adorare	I adore; adores; is worshiped; to worship; worship; worshipped; worships; you worship
adormentosso	fell asleep
adorna	adorned
adornamento	adornment
adornare	adorned; adorns; adorns herself; ornate; to adorn; will adorn; you adorn
adorno	adorned; adorns; ornate
adossare	on; on (him/her); on top of; onto; onto oneself; upon; upon him
adosso	off (of); on; on top of; onto; upon
Adria	Adria; the Adriatic (Sea)
Adriano	Hadrian
Adrianopoli	Adrianople
adro	dark
adugna	seizes with its talons
adulatore	flatterers; flattering
adulazion	flattery
adulazione	flatteries
adulter	adulterer
adulterare	committed adultery
adultere	adulterer; adulterers
adulterio	adultery
adultero	adulterer
adulto	adults
adunare	gathered; gathers
adunato	gathered
adunazion	assembly
adunco	hooked
aduneria	would gather
adunque	Therefore; then; therefore
adusto	sunburned
aer	air; airs
aera	air
aeron	heron
affabil	affable
affabile	affable
affacciare	appears; to show oneself
affamato	famished
affannare	exerts oneself; straining; struggles; troubles
affannato	breathless
affanno	anguish; anxiety; distress; effort; hardship; hardships; struggle; suffering; troubles; worries
affar	business
affare	anguish; grief; worry
affatato	enchanted
affaticare	I tire; I wearied myself; I would tire myself; exerts oneself; strives; they tire themselves; tired; to tire; to tire oneself; was exhausting himself; wearies; wearies herself; works hard
affaticarme	to tire me
affaticato	tired; wearied
affaticosso	he tired himself
affatto	at all; completely; entirely
affermare	affirm; affirmed; affirming; affirms; assert; asserted; to affirm
afferrare	grabs; seizes
affetto	affection; affections; emotions; feelings
affettuoso	affectionate
affezion	affection
affezione	affection
affigere	affixes
affiggere	fixed
affinare	to refine
affinità	affinity; kinship
affinitade	affinity
affissare	fixing; to fix
affligare	torments herself
affligere	afflicts
affliggere	I afflict; afflicted; afflicts; afflicts herself; to afflict; torments; torments herself; torments oneself
afflisso	afflicted; afflicted himself
afflitto	afflicted; afflicted one
afflizion	affliction
affocato	burning
affogare	drowned; drowning; drowns; to drown
affogato	drowned
affondare	sinks
affondere	floods
affranto	broken
affrappa	snatches
affrappare	grabs
affrappo	slashes
affrena	restrains
affrettare	I hurried; hastens; hurried; hurries; hurry; hurrying; to hurry; was hurrying
affrettato	hurries
affrontare	attacks; confronts; confronts himself; to face; would confront
affumicato	smoked; smoky
Afranio	Afranius
Afri	Africans
Africa	Africa
African	African; Africans
africane	Africans
Africani	Africans; of the Africans
africano	African
Afriche	Africas
Afro	African
Agamennòn	Agamemnon
Aganippe	Aganippe
age	comforts
agenoreo	of Agenor
agevol	favorable
agevolare	facilitated; to make easier
agevolezza	ease
agevolmente	easily
aggelare	to freeze
agghiacciare	chilled; chills; freeze; freezes
agghiacciato	chilled
aggiacciare	freezes
aggiare	has; may find itself; may frighten
aggio	I have; I have it; have
aggiornato	dawns
aggiornere	dawns
aggirare	circles; circling; circulates; drives around; goes around; roams; surrounded; swirls; to turn around; torment; turned around; turning; turns; turns around; twirls; wandering; wanders; was moving around; was wandering; whirls; wields; winding around; winds
aggirato	having turned
aggire	to whirl
aggirosso	turned around
aggiugnare	will overtake; you add
aggiungere	Add; add; added; adding; adds; are joined; married; may add; strikes; to add; will add
aggiunta	addition
aggiunto	added
aggognare	craves
aggradare	pleases
aggradire	to please; to welcome
aggrafere	clings
aggrappare	clings
aggravare	weighs upon
aggravata	burdened
aggrevare	weighs down; you burden yourself
agguagliare	equals
aghiacciato	frozen
agi	comforts
agiatamente	comfortably
agiato	comfortable
agil	agile
agile	agile
Agilino	cruel
agio	comfort; convenience; ease; leisure; opportunity
agitare	tossed
agitato	agitated
agl	to the
Aglauro	Aglauros
agli	to the
agliare	to the
aglio	to the
agnel	lamb
agnella	ewe lamb; ewe lambs; ewes; lamb; lambs
agnello	lamb
agnol	angel
agnusdeo	Agnus Dei
ago	needle; needles
agogna	longs
agognare	longs; longs for; yearns for
Agolante	Agolante; of Agolante
agone	contest
agosto	August
agrado	pleases
Agramante	Agramante
Agricalte	Agricalte
Agrican	Agrican; Agrican (proper name of a king)
Agricane	Agricane; Agricane's
agricultore	farmer; farmers
Agringento	Agrigento
Agrippa	Agrippa's
Agrismonte	Agrismonte; Agrismonte (a proper name, the name of a castle)
agroppo	entangles
aguagliare	equaled; to equal
aguato	ambush; ambushes
aguzza	sharp
aguzzare	sharpens; to sharpen
aguzzo	sharp
ah	Ah; ah; alas
ahi	alas
ahimè	Alas; alas
Ai	To the
Aistulfo	Aistulf
aita	aid; help
aitare	help; helps; to help; would help
aitire	aids; help; helps; may help
aito	help
aiuta	he helps
aiutante	helpful
aiutare	help; helped; helping; helps; may help; to help; to help you; was helping; were helping
aiuto	aid; help; helps
aiutollo	helped him
ala	wing; wings
alabastrino	alabaster
alabastro	alabaster; alabasters
alaccia	wings
Alaman	Alaman
Alamanni	Germans
alano	Mastiff
Alardo	Alardo
alato	winged
alba	dawn
Albaiada	Albaiada
Albania	Albania
albergare	dwells; harbored; harbors; lodged; lodges; to lodge
albergo	dwelling; hotel; inn; inns; lodging; shelter
albero	tree; trees
Albertazzo	Albertazzo
Alberti	Alberti
Alberto	Albert
Albino	Albino
Albione	Albion
albitrio	will
albore	dawn; dawns
Albracca	Albracca
Alcabrun	Alcabrun
Alceste	Alcestis
alchimia	alchemy
alchimista	alchemists
Alchino	Alchino
Alcide	Alcides; Alcides (Hercules); Hercules
Alcina	Alcina; Alcina (a sorceress in Ariosto's Orlando Furioso); Alcina's
Alcione	halcyon
Alcorano	Quran
alcuno	Some; a certain; any; anyone; no one; other; some; someone
Alda	Alda
Aldabella	Aldabella
Aldigier	Aldigier
Aldigiero	Aldigiero
Aldrobandin	Aldrobandin
Aldrobandino	Aldobrandino
ale	of wings; wings
Alemagna	Germany
Alemanni	Alemanni
alemanno	German
Aleppe	Aleppo
Aleria	Aleria
Alessandra	Alessandra
Alessandri	Alexanders
Alessandria	Alexandria
Alessandro	Alexander
alfana	mare
alfano	mare
Alfeo	Alpheus
Alfonsi	Alfonsi
Alfonsin	Alfonsin
Alfonso	Alfonso
Algarbi	Algarves
Algazera	Algazera; Algiers
Algazeri	Algazeri
Algier	Algiers
Algiere	Algiers; of Algiers
Algieri	Algiers
alienare	alienating
aligero	winged
alimento	food; foods
alito	breath
alla	at the; to the
allacciare	binds; bound; fastened; laces; ties; to fasten; to tie
allare	beside; beside her
allargare	having been widened; to give free rein; we moved away
allargusso	spread out
allato	alongside; beside
alle	to the
allega	may allege
allegare	to adduce
alleggierire	to alleviate; to lighten
allegramente	cheerfully
allegrare	might rejoice; rejoiced; rejoices; they rejoice; to rejoice
allegrezza	joy; joys
allegro	cheerful; rejoice; rejoices
allegrosso	rejoiced
allentare	loosening; loosens; to loosen
allessandrino	Alexandrian
allettare	entices; lures
allevare	raised
alleverian	would raise
alleviare	to relieve
alli	to the
allo	at the; to the; within the
alloggiamento	camp; lodging; lodgings; quarters
alloggiare	lodged; lodges; lodging; they lodge; to lodge
alloggio	dwells; lodges
alloggiosso	lodged
allontanare	distanced; distances; moves away; removed; to move away; to remove
allontare	distance
allor	Then; laurel; then
allora	Then; then
allorare	then
alloro	laurel; laurels
allosingommi	coaxed
allotta	then
allottare	then
allumare	lights up; lit
alma	Soul; life-giving; nourishing; soul; souls
almanco	at least
Almansilla	Almansilla
almen	At least; at least
almeno	at least
Almeria	Almeria; Almería
almiraglio	admiral
almo	life-giving; nourishing; soul
Almonio	Almonio; Almonio (a proper name); Almonio (proper name)
Almonte	Almonte; of Almonte
alor	then
alora	then
Alpe	Alps; mountain
alpestra	alpine; mountain
alpestre	alpine; mountainous
alpestro	mountainous; rocky
Alpi	Alps
alpino	Alpine; alpine
alquante	some
alquanto	somewhat
Altafoglia	Altafoglia
altamente	highly
altar	altar
altare	altar
Altaripa	Altaripa; High bank; High-bank
Altariva	High Bank; Highbank
altaro	altars
Alteo	Alteus
alterazion	alteration
alterezza	haughtiness
alternamente	alternately
alternare	alternate; alternation
altezza	Highness; height
altier	haughty; proud; proudly
altiera	haughty; proud
altiere	proud; proudly
altiero	haughty; lofty; proud
alto	High; deep; deeply; elevated; great; halt; high; lofty; loud; most high; noble; tall; the open sea; very high
altramente	otherwise
altretante	as many; as many more; as many others
altretanto	as many; as many more; as much; equally; just as much; likewise
altrimente	Otherwise; otherwise
altrimenti	otherwise
altritante	as many others
altro	Other; Others; Some; another; another (feminine); anyone else; anything else; different; else; next; other; other (feminine plural); other (feminine); other (masculine plural); other (plural); other times; others; others'; someone else; the latter; the other; the other (feminine); the other (one); the others
altronde	elsewhere; from elsewhere
altrove	Elsewhere; elsewhere
altrui	another's; of another; of others; others; others'; others' (of other people); to others
altruo	others'
Alvaracchie	Alvaracchie
alvo	bowels; womb
alzare	lifted; raise; raised; raises; raising; rises; to lift; to raise; to rise
alzarso	to rise
alzato	raised
Alzerbe	Alzerbe; of Algiers; of Alzerbe
alzerire	would rise
Alzirdo	Alzirdo
alzossare	raised
amabil	lovable
amabile	lovable
amaccare	bruised
Amaltea	Amalthea
Amanio	Amanio
amante	Lover; lover; lovers
amaramente	bitterly
amarante	amaranths
amare	I love; I loved; beloved; bitter; he loved; hook; hooks; love; loved; loves; loving; may love; might love; most bitter; to be loved; to love; to love her; we love; you love
amareggiare	embittering; to embitter
amarezza	bitterness
Amarilli	Amaryllis
amarme	to love me
amaro	bitter; loved
amartire	to love you
amasto	loved
amato	beloved; loved
amator	lover
amatore	lover; lovers
amavare	they loved
amazza	kill; kills
amba	both
Ambaldo	Ambaldo
ambascia	anguish; distress; effort; sorrow
ambasciata	message
ambe	both
ambedue	both
ambeduo	both; both of them
ambi	both
ambiduo	both; of both
ambio	Both; amble; both
ambizioso	ambitious
ambo	both
Ambra	Ambra (the river Amber, a tributary of the Ticino); amber
ambrosia	ambrosia
ame	loves
amendere	both
amendua	both; of both
amendue	both
Amendui	both
amenduo	both
amenissimo	most delightful
ameno	pleasant
amichevol	friendly
amicizia	friendship
Amiclee	Amyclaean
amico	accustomed; female friends; friend; friend (female); friend (feminine); friendly; friends
amistà	friendship
amistanza	friendship
ammaccare	bruises
ammaestrare	instructed; teaching
ammettere	admits
ammirare	admire; admires; marvels
ammirazione	admiration; wonder
ammire	admires
Ammone	Ammon
ammonire	admonish; admonishes; to warn; warned; warns
ammorbare	poisons; to infect
ammorbo	might infect
ammorzare	extinguishes; to extinguish
amo	hook
amomo	amomum
Amon	Ammon; Amon; Amone; Amun; Hamon; of Amon; of Amone
Amone	Amon; Amone; Amone (Hamon, the father of the paladin Renaud and his brothers); Amone (a proper name, referring to a person, likely the father of the mentioned characters); Hamon; of Amon
Amonia	Ammonia
Amor	Love
amore	Love; for the love; love; loves; of love
amorevole	loving
Amori	Loves
amorosa	loving
amoroso	amorous; in love; loving
amorza	extinguishes
amorzare	quenches
amostante	emir
ampiezza	breadth; width
ampla	ample
ample	ample; spacious
amplimo	ample
amplissimo	vast; very ample
amplo	ample; spacious; wide
ampolla	flask; vials
Analardo	Analardo
Anassarete	Anaxarete
ancare	also; nor; yet
ancella	handmaiden; maid
anche	also; hips
Anchise	Anchises
ancidere	kills
anco	again; also; even; still; yet
Ancona	Ancona
ancora	Although; Still; again; also; although; anchor; anchors; even; even if; even though; of them; still; too; yet
andare	Go; Goes; I go; I went; I will go; They go; are going; falls; gait; go; go (subjunctive present, 1st person plural); go (subjunctive); goes; going; gone; him; his walking; let's go; may go; may go away; might go; see; the walk; they go; they went; they will go; to go; to let go; walking; want; was going; we go; we went; we will go; went; went (subjunctive); went away; were going; will go; would go; would have gone; you want
andaro	they went
Andaron	they went
andas	I went
andassere	went
andata	departure; going
andere	makes himself
andiam	let's go
Andò	went
Andologia	Andalusia
andommo	went through me
andor	went
andrare	will go
Andrea	Andrew
Andria	Andria; would go
Androfilo	Androphilus
Andronica	Andronica
Andropono	Andropono
anete	dills
Anfriso	Anfriso
anga	torments
ange	torments
angel	Angel; angel; angels
Angela	Angela
Angelica	Angelica; Angelica (proper name); Angelica's; angelic
angelice	angelic
angelico	angelic
Angeliero	Angeliero
Angelini	Angelinis
angelo	angel; angels
angere	chokes; torments
Angiar	Angiar (proper name, likely a person's name; no standard English gloss)
Angioini	Angevins
Angioliero	Angeliero
Angiolino	little angel
Anglante	Anglante; of Anglante; of England
anglo	English
angonia	anguish
angoscia	Anguish; anguish; anguishes
angua	snake
angusto	narrow
anima	soul; souls
animal	animal
animale	animal; animals
animante	animals
animare	encouraging
animo	courage; courageous; mind; minds; soul; spirit; spirits
animoi	animals
animosa	spirited
animosamente	courageously
animosi	courageous; spirited
animosità	spiritedness
animoso	brave; courageous; spirited
anitra	duck
anitrire	neighing; to neigh; whinnies
Anna	Anna
annare	Namo; Namo (a personal name, referring to Namo, likely a character); Namo (proper name, Namo)
annasa	sniffs
annegare	to drown
annel	of the ring; ring; the ring
annellare	rings
annelletto	little ring
annello	ring
Annibal	Hannibal
Anniballe	Hannibal
annidare	nests
anniegare	drowns
anno	annoys; year; years
annoare	annoy; annoys; bore
annodare	ties; ties up; was tying; would tie
annodato	tied up
annoiare	annoys; might bore
annottare	it grows dark
annoverare	to count
annunzare	announcement
annunziare	announced
annunzio	announcement
Anselmo	Anselm; Anselmo
Antartico	Antarctic
antenna	jousting lances; lance; lances; masts; pennons; poles; spars; yard
Antenòr	Antenor
Anteo	Antaeus
antepor	to put before
anteporre	to place before
anteporsa	to place before
anteriore	front
antico	ancient; former; old
antiguardia	vanguard
Antiochia	Antioch
antiqua	ancient
antiquamente	anciently; in ancient times
antiquità	antiquity
antiquo	ancient; ancient (people); ancient ones; most ancient; old
antivedere	foresaw
antiveggiare	foresee
Anton	Anton
Antona	Antona
Antonino	Antoninus
Antonio	Anthony; Antonio; Antony
antro	cave; caves
Antropofàgo	man-eater
Anubide	Anubis
Anversa	Antwerp
anzi	Indeed; On the contrary; Rather; indeed; on the contrary; rather
aonio	Aonian
Apamia	Apamea
apare	before
ape	bee
Apelle	Apelles
Apenin	Apennines
Apenino	Apennine
Apennin	Apennine; Apennines
Apennino	Apennine; Apennines
aperdere	opened
apergere	opened
aperso	opened
apertamente	openly
aperto	open; opened; openly; revealed
apo	with
Apocalisse	Apocalypse
Apolline	Apollo
apollineo	Apollonian
Apollo	Apollo
Apollodoro	Apollodorus
apostol	apostle
apostolico	Apostolic
apostolo	apostle
appagare	satisfied; satisfies; to satisfy
appaionere	appear
apparato	apparatus
apparecchiare	is being prepared; is preparing; prepare; prepared; prepares; to prepare; was preparing
apparecchiato	prepared
apparecchio	I prepare; equipment; is prepared; preparation; prepares
apparecchiòse	was prepared
apparecchiosso	was prepared
apparechiare	are prepared; prepared; prepares; was preparing
apparechiato	prepared
apparechiavare	were preparing
apparente	apparent
apparenza	appearance; appearances
apparere	to appear
apparire	appear; appearance; appeared; appearing; appears; stops; the appearance; the appearing; to appear; to make appear; will appear
appartenere	belonged
appella	calls; challenges
appellare	appeals; calls; calls herself; calls himself
appellarme	to appeal against it
appendere	hanged; hanging; hangs; hung; may hang
appertenere	concerns; pertain
appertiense	belong
appertinente	pertaining
appetito	appetite; liking
appiattare	hid; hidden; hides
appiatto	hides
appiccare	attaches
appigliare	I cling; clings; would seize
applare	I applaud
applaudare	applauds
applaudire	applauds
appo	compared to; with
appoggiare	leaning; leans; placed
apporre	I guess; guesses; may guess; to be mistaken
apportare	bring; brings; brought; may bring; would bring
apporto	brings
apposta	aims; on purpose
apposto	guessed
appostollare	she spied her
apprendere	clings; clung; learn; learned; learns; may learn
appresentare	I present; appear; appears; present; present themselves; present yourself; presented; presented herself; presented himself; presents; presents herself; presents himself; presents oneself; to present; to present themselves
appresento	present
appresentoss	presented himself
Appresentossi	presented himself
appressare	approach; approached; approaches; to approach
appresso	After; Besides; Near; Next to; after; afterward; afterwards; approach; approached; before; behind; beside; besides; close; close by; close to; closely; closer; following; from near; later; near; nearby; nearer; next; next to; then; thereupon; with him
apprezzare	appreciate; appreciated; appreciates; is appreciated; values
appropinquare	to approach
appropinquo	approached
appropinquogle	approached
appropriato	appropriate; suitable
approssimare	approaching; to approach
approvare	approve
appuntare	noting
appunto	exactly
apresso	then
aprezza	values
apriare	they were opening
aprica	sunny
aprico	sunny
apridere	opened yourself
april	of April
aprile	April
aprillare	opened it
aprire	I will open; may open; open; opened; opening; opens; revealed; to open; to open to me; will open; would have opened
Apulia	Apulia
aquila	eagle; eagles; eagles'
Aquilante	Aquilante; Aquilante (proper name); Aquilante (proper name, one of the two brothers)
aquilone	north wind
Aquisgrana	Aachen
aquitano	Aquitanian; of the Aquitanians
ar	Arles; the
arabesco	Arabic
Arabi	Arabs
Arabia	Arabia
arabico	Arabic
Aracne	Arachne
Aragon	Aragon
Aragona	Aragon
Aragone	Aragon
araldo	herald
Aramon	Aramon
Aramone	Aramone
arancio	orange trees
arare	to plow
aratore	plowman
aratro	plow; plows
Arbante	Arbante; Arbante (proper name of a person); his Arbante
Arbia	Arbia
arbitrio	arbitration; discretion; judgment; will
arbor	mast; tree
arbore	mast; masts; of trees; tree; trees
arbuscel	small tree
arbuscello	bushes; little tree; shrubs; small tree
arca	ark; chest
arcangelo	archangel
Archidante	Archidante
Archita	Archytas
architetto	architect
architettura	architecture
arcier	archer; the Archer
arciero	archers
arcion	saddle; saddlebow; saddlebows
arcione	saddlebow; saddlebows
arcivesco	archbishop
arco	arch; arches; bow; bows
arcobugio	arquebus
arda	burn; burns
Ardalico	Ardalico
ardare	burn; burns; may burn; they will burn; will burn
arde	burns
Ardenna	Ardennes; of Ardennes
ardente	burning
ardeo	was burning
arder	to burn
ardere	arms; burned; burning; burns; dared; to burn; was burning
ardessa	burned
ardia	dared
ardian	dared
ardiare	dared
ardimento	boldness
ardir	boldness; daring
ardire	I dare; boldness; courage; dare (imperative); dared; dares; daring; may dare; would dare
ardisco	I dare
arditamente	boldly
ardito	bold; daring
ardon	burn
ardor	ardor; heat
ardore	ardor; heat; passion
are	Arles
arebbondere	would have moved
Arelio	Arelio
arena	arena; beach; sand; shore
arene	sands
arenoso	sandy
aretin	of Arezzo
Aretino	Aretine
Aretusa	Arethusa
Argalia	Argalia; Argalia (a proper name); Argalià
Arganio	Arganio; Arganio (a proper name)
argano	winch
Argenta	Argenta
argente	silver objects
argento	quicksilver; silver
Argeo	Argaeus; Argeo; Argeus; Argo; Argus
Argia	Argia; Argia (a proper name, likely referring to a character, possibly meaning 'the Argive woman' or simply used as a name); Argia (proper name)
Argilon	Argilon; Argilon (a proper name)
argine	banks; embankment; embankments
argivare	Greek
Argivi	Argives
Argo	Argos; Argus
argomentare	argues
Argonauti	Argonauts
Argosto	Argosto
argumento	argument; arguments; means; proof; scheme
arguto	sharp; shrill
aria	air
arido	dry
arieto	battering rams
Ariman	Ariman
Arimanno	Arimannus; Arimannus (a proper name)
Arimino	Rimini
Arindelia	of Arindelia
Ariodante	Ariodante
Arione	Arion
Ariosti	Ariostis
Arli	Arles; of Arles
arma	armor; arms; arms (himself); arms (weapons); of arms; to arm me; weapon; weapon(s); weapons
Armano	Armano
armare	armed; armed (himself); armed men; armed themselves; to arm; to arm oneself; was arming; was arming himself
armata	armed; armed force; army; fleet
armato	Armed; armed; armed men; armored
armatura	armor
armeggiare	to joust
Armelina	Armelina
armelino	ermine
armellino	ermine
Armeni	Armenians
Armenia	Armenia
Armeniaco	Armenian
armeno	Armenian
armento	herd; herds
armeriare	would arm themselves
armigere	armed
armollo	unloosed
armonia	harmony
armossa	armed himself
Armossene	he armed himself with it
Armossi	He armed himself
armosso	armed himself
armuovere	armed herself
Arnaldo	Arnald
arnese	armor; attire; equipment; gear; harness
arneso	accoutrements; equipment; gear
Arno	Arno (the river)
Arnolfo	Arnolfo
aroare	would have
Arpalice	Arpalice
arpe	harps
arpia	harpies
arpio	harpies
arrabbiare	grows angry; is enraged; is furious; may grow angry; rages; to become furious
arrabbiato	enraged; furious; rabid
arranda	hurls it
arrecare	bring; brings; brought; to bring
arrecastare	brought
arrecato	brought
arreco	I bring
arrendere	I bring; bring
arrestare	arrested; lowers; stopped; stopping; stops; to arrest; to stop; to stop it
arrestato	couched
arretrare	draws back; retreats
Arria	Arria
arricciare	bristled; to curl
arrida	may smile upon
arridare	smiles upon
àrridere	dry; smiled upon
arrido	arid; dry
arriocciosso	bristled
arriscare	dares; risks
arrischiare	risks
arriva	may arrive
arrivare	arrival; arrive; arrived; arrives; arriving; may reach; reaches; to arrive; to reach; was arriving; will arrive
arrivere	reaches
arrivo	arrives
arrogante	arrogant
arroganza	arrogance
arrogare	arrogates
Arroge	Add; add
arrosire	may blush
arrossire	blushed; blushes; to blush
arrostare	roasts
arruotere	whirls
arsa	burned
arser	burned
arsiccio	scorched; sun-scorched
arso	burned; burnt
arson	burned
arsura	heat
Artalico	Artalic
arte	art; artifice; arts; means; skill; skills; trick
artefice	artisan; craftsman
artefico	craftsmen
artegliaria	artillery
Artemia	Artemia
Artemisia	Artemisia
artico	Arctic; arctic
artificio	artifice; tricks; workmanship
artiglio	claw; claws
artimone	mainsail
artra	other
Artù	Arthur
Artur	Arthur
Arturo	Arthur
Arzilla	Arzila; Arzilla
asare	I desire; I long for; desire; long for
Ascanio	Ascanius
ascella	armpit
ascendere	ascended; ascends; climbed; climbs; may rise; mounted; rises
ascesa	climbed; mounted; risen
asceso	ascended
ascia	axes
asciogliere	unpunished
asciolto	acquitted; dry
asciugare	Dry; dry; to dry; was drying
asciutto	dry; dry (place); dry ground; dry land
ascoltare	Listening; he listens; he/she listens to; hears; listen; listen to; listened to; listening; listens; listens to; to listen; to listen to; was listening; watch; you hear
ascoltarme	to listen to me
ascondere	I hide; concealed; hid; hidden; hide; hides; to hide; was hiding
ascondinare	hide
ascosa	hidden
ascosamente	secretly
ascoser	they hid
ascoso	hidden
ascosto	hidden
ascreo	Ascraean
ascrivere	ascribed; attributed
Asia	Asia
asinel	donkey
asinello	little donkey
asino	donkey
aspe	asp
asperso	sprinkled
aspettare	Expect; I await; I expect; I might wait; I wait for; Wait; appearance; awaited; awaiting; awaits; does (she) wait; expects; is expected; they were waiting for; to await; to wait; to wait for; to wait for me; wait; wait for; waited; waited for; waiting; waiting for; waits; waits for; was waiting; was waiting for; we wait; would expect; would wait; would wait for
aspettato	expected
aspettazion	waiting
aspetto	appearance; await; awaits; let him wait; waits for
aspide	asp
aspido	asps
aspirare	aspires
aspo	reel; spool
Aspra	Steep
aspramante	fiercely
aspramente	harshly
Aspramonte	Aspromonte
aspretto	somewhat rough
asprezza	harshness; roughness
aspro	bitter; fierce; harsh; rough; rugged
assaggiare	to taste; to test
assaglia	assails; attacks
assagliare	attack; attacks
assaglionare	they assault
assai	Very; enough; many; much; quite; very; very much
assale	attacks
assalere	assails; attacks
assaliare	attacked
assalire	assailed; assaulted; attacked; to assault; to attack
assaliro	they attacked
assalista	attacked
assalitare	assaulted; attacked
assallere	assaulted; attacked
assalta	assails; attacks
assaltare	assails; assaulted; attacks
assalto	assault; assaults; attacks
assassin	assassin
assassina	murderous
assassino	murderer; murderous
asse	axis; panel; plank; planks
assediare	besieged; besieges; to besiege
assediato	besieged
assedio	siege
assedionne	besieged us
asseguire	leaves
assembrare	to assemble
assente	absent; away
assentire	to consent
assenza	absence
asserenare	to clear
assestare	agrees
assicuere	I assure
assicurare	assure; assured; assures; guarantees; protects; reassures; secures; to assure; to make sure; to secure; trusts
assiedere	seated
assimiggere	resembles
assimiglia	likens
assimigliare	resemble; resembled; resembles; to resemble
Assiri	Assyrians
assisa	seated
assise	sat
assiso	seated
assoldare	hired
assoldiare	you hire
assoluto	absolved
assolvere	absolved; acquitted
assonna	falls asleep
assonnare	does not delay; does not sleep; sleeps
assordare	deafens
assordo	deafens
assorgere	rise
assoziare	associates
assuefere	accustomed
assumere	assumed; raised; taken up; taken upon oneself; undertaken; undertaking
assunto	enterprise; task; undertaken
assuttigliare	sharpening
asta	lance; lances; shaft; shafts; spear; spears
Astianatte	Astyanax
astinenza	abstinences
astio	resentment
Astolfo	Astolfo; Astolfo (a character's name); Astolpho
astor	goshawk; hawk
Astrea	Astraea
astretta	constrained
astretto	besieged; bound; compelled; constrained; forced; obliged; pressed
astringere	tightens
astro	star
astrologia	astrology
astrologo	astrologer; astrologers
Asturga	Astorga
astutamente	cunningly
astuto	astute; cunning
astuzia	cunning
Atene	Athens
Ateone	Actaeon
Ateste	Ateste
Atide	Attis
Atila	Attila
atimo	instant
Atlante	Atlante; Atlas
Atlantee	Atlantean
atlanteo	Atlantean
Atrei	Atreuses
atro	dark
atroce	atrocious; cruel; fierce
atroco	most atrocious
attaccare	attached; attaches; attacked; clings; engaged; started; they attached; to attach
attacco	attached to her
attaccollo	hung them
attaccosso	attached
attasta	strikes
attasto	touches
attendare	encamped
attendato	encamped
attendean	were waiting for
attendere	I await; attended; attends; attends to; await; awaited; awaits; expected; expects; looks after; paid attention to; pays attention; pays attention to; they attend to; they await; to wait for; wait; waited; waits; waits for; was waiting for; we await; we wait; you await; you wait
attenere	adhered; held to; kept; pertained; should keep; we will bring down
attento	Attentive; attentive
attenuare	weakened
attenuato	emaciated; weakened
attenzion	attention
attenzione	attention
atterrare	brings down; knocked down; knocks down; strikes down; throws down; throws to the ground
attesa	attended; awaited; devoted; waited; waited for
Attila	Attila
attingere	reaches; touches
attizzare	pokes; stirs up; to stir up
atto	act; action; acts; agile; appropriate; apt; deed; deeds; fit; gesture; gestures; manner; posture; ready; suitable; suited; very suitable
attonito	astonished
attorcigliato	twisted
attorno	around
attosca	poisons
attosicato	poisoned
attravere	crossed
attraversare	cross; crossed; to cross
attraverso	across
attribuire	attributed; you attributed
attridere	grieves
attrire	worn down
attrista	saddens
attristare	to sadden
attrito	contrite
attuffa	dips
attuffare	dived; dives; immersed; to plunge
attuffato	dived
atturare	stopped up; to fill up; to stop up
audace	audacious; bold; daring
audacia	audacity; boldness
audacio	audacity
audaco	most daring; very bold
audienza	audience
augel	bird; bird (poetic)
augelletto	little bird; little birds
augello	bird; birds
augeo	birds
augumentare	augments; increases
augumento	increase
augurio	omen; omens; wish
Augusto	Augustus; august
aura	breath; breeze; breezes; favorable breeze
aurata	golden
aurato	gilded; golden
aurea	golden
aureo	golden
auriga	charioteer
auro	gold
aurora	Aurora; Aurora (the dawn, personified as the goddess of dawn); Aurora (the goddess of dawn); Dawn; dawn
ausa	daring
ausonio	Ausonian; Italian
auspice	as witness
auspicio	auspices
auspico	auspices
auspizio	omen
Austria	Austria
austrina	southern
austrino	southern
austro	south; south wind
aute	had
autore	author
autorità	authority
autunno	autumn
avaccio	quickly
avacere	quickly
avallare	descends
Avalo	Avalos; of Avalo
avampa	blazes; flares up
avampare	blazed up; blazes; blazes up; burns up; flares up; to blaze up
avampio	blazes
avampo	I burn; flares up
avantaggiato	advantaged
avante	ahead; before; forward; in front
avanti	before; forward
avanzare	advances; exceeds; left over; outruns; outstrip; remainder; remained; remains; remnant; surpassed; surpasses; survived; to advance; to save; will have left; will surpass
avanzo	gain; remains; remnants; surpasses
avar	miser
avario	avaricious; greedy
Avarizia	Avarice; avarice
avaro	avaricious; greedy; miserly; stingy
ave	Hail; ancestors
Avean	had; had made; they had
Aveasi	he had; he had imagined
aveder	to see
avedere	to see
aveduto	astute
aveggiare	notices
avel	tomb
avelenato	poisoned
avelene	poisons
avena	oats
avendere	having you
avenir	to come
avenire	happened
aventare	to hurl oneself
aventato	hurled
avente	having thrown himself
aventura	Adventure; adventure; adventures; chance; venture
aventure	adventures
aventuroso	adventurous; fortunate
avere	Although; Have; Having; Having had; He had; He has; I had; I have; I realize; I think; I want; I will have; I would have; I would have wanted; They have; accustomed; advised; although; becomes aware; comes to you; darken; drank; goods; greedy; had; had (ones); had brought; had conceived; had found; had given; had granted; had had; had heard; had it; had left; had promised; had run; had seen; had understood; happened; happens; has; has (subjunctive); have; have (subjunctive); having; having them; having used; having you; he had; he had to; hurled; hurls; imagines; informs; it happened; it seemed; it seems; may grow; may happen; may happen to her; may have; may have suffered; may you have; notice; noticed; notices; of having; of having (of it); of it; of them he had; perceived; perceives; possessions; realized; realizes; received; rushes; seemed; they had; they had to; they have; they have (subjunctive); they informed themselves; they may have; they rushed; they will have; they would have; thinks; throws himself; throws itself; to have; to have for oneself; to have him; to have it; to have me; to have of it; to have you; to his; to the; we had; we have; we have taken; we will have; wealth; will happen; will have; will realize; will realize it; would have; would have believed; would have carried; would have considered; would have given; would have had; would have harmed; would have killed; would have known; would have left; would have made; would have moved; would have placed; would have seen; would have shattered; would have sought; would have taken; would have thought; you had; you have; you may have; you will have; you would have
averla	her
Averno	Avernus; of Avernus
aversa	adverse; averse
aversario	adversaries; adversary
averso	adverse
avertenza	care
avertito	warned
avesere	they had
avezza	accustomed
avezzo	accustomed
aviciare	I approach
avicinare	approach; approaches; to approach; to approach each other
avidità	greed
avido	greedy
Avignone	Avignon
Avila	Avila
avilitare	humbled herself
aviluppare	entangled; entangles
avilupposso	she wrapped herself
avingere	bound
Avino	Avino; Avino (a proper name, one of the paladins)
avinto	bound
avire	had
avisa	points out to
avisar	to inform
avisare	to inform; to warn; warned
avisarotto	I will advise you
avisato	warned
aviso	advice; advised; expectation; guard; information; informed; it seems; it seems to me; judgment; news; notice; opinion; plan; report; reports; rumor; seemed; sign; they thought; thought; wisdom
aviticchiato	entwined
avo	ancestor; ancestors; grandfather
avocare	lawyers
avol	grandfather
avolgere	wound around; wrapped
avolgimento	turns
Avolio	Avolio
avolo	grandfather; great-grandfather
avolto	vultures; wrapped
avoltor	vulture
avoltore	vultures
avorio	ivory
avria	would have; would have had; would have protected
avrian	they would have; would have followed
avrio	would have made
avutare	having had her
avvampare	blazes up
avvampato	flushed
avvedere	notices; realizes; will realize
avveduto	prudent; realized
avvenimento	event
avvenire	future; happened; happening; happens; may happen; might happen; to happen; will happen
avventura	adventure; venture
avvere	adverse
avversario	adversaries; opponent
avverso	adverse; hostile; opposed
avvertenza	attention; warning
avvertire	I notice; noting; warned
avvezzosso	he got used
avvicinare	approach; approaches
avvidere	realized
avvien	happens
avviere	happens; happens to me; it happens
avviso	advice; guard; news; notice; opinion; report; warnings
avviva	revives
avvolgere	wandered; was winding; wrapped
azza	axe; axes; battle-axe
azzannare	bite
Azzi	Azzo (plural); of Azzo
Azzo	Azzo; Azzo (proper name); Azzo (proper name, referring to Azzo d'Este)
azzuffato	fought
azzur	azure; blue
azzurro	azure; blue; light blue
Babel	Babel
Babelle	Babel
babuino	baboon
Baccano	Baccano
bacchettare	wand
Bacco	Bacchus
baciare	kissed; kisses; to kiss
bacio	kiss; kisses
baciollo	he kissed her; kissed him
baco	silkworms
bada	at bay; attention; hesitates; pay attention; pays attention; wait; waiting
badia	abbey; abbeys
bagascia	prostitute
bagnare	bathe; bathed; bathes; bathing; baths; to wet; washes; wet; wets; wetting
bagnato	soaked; wet
bagnavare	were bathing
bagnero	I will bathe
bagno	Bath; bath; baths
Bagnossi	let oneself bathe
Baiardo	Baiardo; Baiardo (the name of Rinaldo's horse); Baiardo (the name of a legendary horse, meaning 'bay-colored' or 'bay horse'); Baiardo (the name of the horse); Bayard; Bayard (the horse's name); Bayard (the name of a legendary horse)
baio	bay; bay (a horse of a reddish-brown color)
Baiona	Bayonne
Balastro	Balastro; Balastro (proper name)
baldanza	boldness; confidence
baldanzoso	bold
baldo	bold
Baleariche	Balearic
balena	lightens; lightning; whale
balene	whales
baleno	lightning
balestra	crossbow; crossbows
balìa	nurse; nurse (wet nurse); power; sway
Balinfronte	Balinfronte
Balinverno	Balinverno
Balisarda	Balisarda; Balisarda (a legendary sword); Balisarda (name of a sword); Balisarda (the name of Orlando's sword); Balisarda (the name of Ruggiero's sword); Balisarda (the name of a sword); Balisarda (the name of the sword)
Baliverzo	Baliverzo
ballador	ship
ballo	dance; dances
balordo	foolish
balsamo	balsam
Balugante	Balugante; Balugante (proper name); Blazing; Gleaming
balza	cliffs; slopes; steep slopes
balzare	cliff; slope; white-footed
balzo	cliff; leap; leaps
bambin	child
bambino	child; children
Bambirago	Bambirago
banda	band; bands; direction; directions; parts; place; regions; side; sides
bandiera	banner; banners; flag; flags
bandire	announce; banished; banishes; to banish; to proclaim
bandisca	proclaims
bandito	banished
bando	banishment; edict; exile; proclamation
bara	bier; coffin
baratto	barter; exchange
barba	beard
barbaglio	glare
Barbante	Brabant
barbar	barbarian
Barbara	Turkish (woman)
barbaresca	Berber
barbaresco	Barbary
Barbari	Barbarians
Barbaria	Barbary
barbarico	barbarian; barbaric
barbaro	barbarian; barbarians; barbarous
Barbarossa	Barbarossa
barbato	bearded
barbera	barbarian
Barberia	Barbary
barbuta	helmet
barbuto	Bearded; bearded
barca	boat; boats
Barcellona	Barcelona
Barcelona	Barcelona
barchetta	little boat
Barclei	Berkeley
Barco	park
barde	bards
Bardelone	Bardelone
Bardin	Bardin
Bardino	Bardino
Baricondo	Baricondo; Baricondo (proper name)
Barignan	Barignan
baril	barrels
barile	barrel
baron	baron; barons
barone	baron; barons
baronia	nobility
Barutti	Barutti
base	base
Basilea	Basel
basso	below; bottom; down; low; low part; lower; lowered; lowest; shallow
bastante	sufficient
bastanza	enough
bastardo	bastard; bastards
bastare	Let it suffice; is enough; it is enough; it may suffice; it suffices; let it suffice; may it suffice; may suffice; should suffice; suffice; sufficed; suffices; to be enough; to be sufficient; to suffice; was enough; were sufficient; would have sufficed; would suffice
basterian	would suffice
basteriare	would suffice
Basti	Let it be enough
Bastìa	Bastia; bastion
Bastiano	Sebastiano
bastione	bastions
basto	suffice
baston	cudgel; staff; stick
bastone	stick
Batoldo	Bayard
battaglia	battle; battles
battel	boat
battello	boat
battera	clapping
battere	beat; beaten; beating; beats; flap; strikes; striking; they beat; to beat; to blink; to strike; was beating
batterzare	baptized; baptizes
battesmo	baptism
battezzare	baptized; baptizes; baptizing; to baptize; would baptize
battezzato	baptized
battezzosso	was baptized
battitura	blows
battizzolla	baptized her
Batto	Batto
battondere	they beat
Battonia	Bathonia
Battro	I beat
battuglia	skirmish
Bavari	Bavarians
Bavarte	Bavarte
Bavera	Bavaria
bavoso	slobbery
bea	blesses; wets
beato	Blessed; blessed
Beatrice	Beatrice
becco	beak; goat; goats
bee	drinks; you drink
beffa	jests; mockeries
beffare	mocked
beffata	mocked
befvare	mocks
begle	beautiful
Beleticche	Belgrade
Belgrado	Belgrade
Bellamarina	of Bellamarina
bellezza	beauties; beauty
bellicoso	warlike
Bellino	Bellini
bello	beautiful; beauty; drink; fine; handsome; more beautiful; most beautiful; very beautiful
Bellona	Bellona
Beltà	Beauty; beauties; beauty
beltade	beauty
Beltramo	Bertram
belva	beast
belve	wild beasts
Belzebù	Beelzebub
Bembo	Bembo
Benaco	Benacus (the Latin name of Lake Garda)
benda	blindfold
Bendedei	Bendedei (family name)
bene	Although; Indeed; Well; although; beloved; even; even if; even though; fully; good; good (as a noun, meaning 'good deed' or 'good action'); goods; in vain; indeed; very; well; well-being
benedetto	Benedict; blessed
benedillo	blessed him; blessed them
benedire	blessing
benedizione	blessing
beneficio	benefit; benefits; favors
benefizio	benefit
Benevento	Benevento
benignamente	kindly
benigne	benign; kind; kindly
benignità	kindness
benigno	benign; favorable; kind; kindly
benivolenza	benevolence
Bentivoglia	Bentivoglia
Bentivoglie	Bentivoglio women
Bentivoglio	Bentivoglio
Bentivola	Bentivoglio (family name)
berare	will drink; you will drink
bere	drink; drinking; drunk; for drinking; to drink; to drink of it; you drink
Berengari	Berengars
Berengario	Berengar
Beringario	Berengar
Berlengier	Berlengier
Berlingier	Berlingier
Berlingiero	Berlingier; Berlingiero
Berna	Berna (likely a surname or epithet, possibly referring to a person named Berna)
Bernardo	Bernard; Bernardo
Bernicche	Bernicche
Beroicche	Beroicche; Berwick
Bertolagi	Bertolagi
Bertoldo	Bertoldo
bertresca	wooden tower; wooden towers
bertuccia	monkey
bertuccione	big baboon
berzaglio	target
Bestemiando	cursing
bestemiare	curses; was cursing
bestemmia	blasphemes; blasphemy; curses
bestemmiare	blasphemed; cursed; cursing; to curse
bestia	animals; beast; beasts
bestial	beastly; bestial
bestiale	beastly
Beti	Betis
beuto	drunk
bevanda	drink
Bevazano	Bembo
beveraggio	drink
biada	fodder; grain
biade	crops
biado	grain
Bianca	Bianca; white
bianch'	white
Bianche	white ones
bianchegge	turns white
biancheggiare	whitening
bianco	blank; pale; white; white ones
Bianzardin	Bianzardin
biasma	criticizes
biasmar	to blame
biasmare	blame; blamed; blames; blaming; to blame; was blaming
biasmarma	blame me
biasmato	blamed
biasmevol	blameworthy
biasmo	blame; blames
Bibiena	Bibbiena
bica	piles
Bicocca	Bicocca
bieco	evil; fierce; sinister; squinting
bigi	gray; gray ones; grey
bigio	gray; grey
bigoncia	barrels; large cask
bilancia	balance; scale; scales
Bilbao	Bilbao
bionda	blond
biondo	blond
bipartito	split in two
bipenne	double-edged axe
Bireno	Bireno
birro	bailiffs
Bisanzio	Byzantium
bisavolo	great-grandfather
bisbiglio	whisper
Biscaglia	Biscay
Biscaglin	Biscaglian; Biscayan; the Biscayan
Biscaglino	Biscaglian; Biscayan
biscia	snake; snakes
Biserta	Biserta; Bizerte
bisognare	It is necessary; is necessary; is needed; it is necessary; it was necessary; it will be necessary; it would be necessary; need; needed; one needs; to need; was necessary; was needed; were needed
bisognavare	needed
bisogno	Need; need; needs
bisognollo	it was necessary for him
bisognoso	in need
bisunto	greasy
bitume	bitumen
bizzarro	bizarre; whimsical
Blaia	Blaia
Blosio	Blosio
bocca	mouth; mouths
Boccania	Boccania
Bocchingamia	Buckingham
boccia	balls
Bocco	Bocco
Boemi	Bohemians
boemma	Bohemian
Bogio	Bogio
Boi	Boii
boia	executioner
Bolga	Bolg
bolge	pouches
bolla	boils
bollente	boiling
bollire	to boil
bollito	boiled
bollivare	was boiling
Bologna	Bologna; Bologna (the city)
bolognese	Bolognese (from Bologna)
bombarda	bombards
bombardare	bombard
bon	good
bonaccia	calm; fair weather
Bondeno	Bondeno
bono	good
bontà	Goodness; goodness
bontade	Goodness; goodness
Borbon	Bourbon
Bordea	Bordeaux
Bordella	Bordeaux
borea	Boreas; Boreas (the north wind); north wind
boreale	northern
borghetto	small village
Borgia	Borgia
borgo	Borgo; boroughs; village; villages
Borgogna	Burgundy
Borgognon	Borgognon
Borso	Borso
boschereccia	woodland
boschereccio	wooded; woodland
boschetto	groves
bosco	forest; grove; little grove; small grove; wood; woods
botta	blow; blows; thrusts; toad
botto	blow; stroke; strokes; sudden; sudden movement; suddenly
Bozolo	Bozolo
braccial	bracelet
braccio	arm; arm(s); arms; arms (as a unit of measurement); arms (unit of measurement)
bracco	bloodhound
bracio	embers
Bradamante	Bradamant; Bradamante; Bradamante (proper name); Bradamante (the female character)
brage	embers
brama	craving; desire; desires; longs for
bramare	craves; desire; desire (subjunctive); desires; longed for; longed-for; longing for; longs; longs for; to desire; to long for; was longing; yearn; yearns; yearns for; you desire; you long for
bramato	longed for
Bramavano	they were longing
bramavo	you desired
brame	appetites; desires; longs for; you desire
bramo	I long; I long for; craves; desire; desires; longs for
bramosa	desirous
bramoso	desirous; eager; yearning
branca	claws
brancolare	groping; to grope
Brandimarte	Brandimarte; Brandimarte (a character name); Brandimarte (proper name)
brando	sword; swords
brano	piece
Branzardo	Branzardo
brarre	sword
bravo	Brava; brave; fierce
Breaco	Braco
Brenta	Brenta
Brescia	Brescia
Bretagna	Brittany
Bretoni	Bretons
Breusse	Busiris
breve	brief; brief (as a noun, meaning a written note or slip); briefs; short; shorter; shortly; very brief; very short
brevemente	briefly
breviale	briefs
brevità	brevity
Briareo	Briareus
briga	dispute; fight; task; trouble
brigata	companies; company
briglia	bridle; bridles; rein; reins
Brigliador	Brigliador; Brigliador (a horse's name)
Brigliadoro	Brigliadoro; Brigliadoro (Orlando's horse's name); Brigliadoro (a proper name, Orlando's horse); Brigliadoro (the name of a horse)
brillare	to shine
brinare	frost
britanne	British
britanno	British
Britoni	Britons
britono	British
bronzo	bronze
Bruci	Bruci
bruciare	to burn
brullo	bare
brumale	wintry
Brunel	Brunel; Brunel (a character's name)
Brunello	Brunello; Brunello (a character's name)
brunito	burnished
bruno	brown; dark; dark-skinned
bruto	Brutus; brute
bruttare	to stain
bruttezza	ugliness
brutto	bloody; dirty; filthy; ugliest; ugly; very ugly
bu	dark
buca	hole; pit
buccia	bark; peel; skin
Bucifar	Bucifar
Bucifaro	Bucifaro
buco	hole
bucolin	little hole
budella	intestines
Budrio	Budrio (a town in Italy)
bue	ox; oxen
buffo	puffs
buffon	buffoons
bugia	lie
bugiarda	lying
bugiardo	liar; lying
bùgiare	perforates
bugio	pierced
buio	darkness
Bulgar	Bulgarian
bulgare	Bulgarian
Bulgari	Bulgarians; of the Bulgarians
Bulgaro	Bulgarian
Bulgheria	Bulgaria
buo	dark
buono	Good; able; favorable; good; good ones; skilled; valid
Buovo	Buovo
Buraldo	Buraldo
Burgenia	Burgundy
Burnich	Burnich
burrone	ravine; ravines
Bursia	Bursia
bussa	blows
bussone	large trumpets
busto	bodies; busts; torso; torsos
Buzea	Bougie
caccia	chase; chases; drive; drives; drives away; drives out; hunt; hunting; hunting ground; hunts; throws; throws himself
caccial	drive him out
cacciare	I chase; banished; chased; chased away; chases; chasing; drive; drive away; driven; driven away; driven out; drives; drives away; drives out; drove; drove away; drove out; had driven out; hunt; hunted; hunting; hunts; rushes; slipped; they drive; they drove; threw; threw himself; thrown; throws; thrust; thrusts; to chase; to chase away; to drive; to drive away; to drive out; to hunt; to put; to thrust; will chase; will drive out
cacciatore	hunter; hunters; huntress
cacciogdere	thrust itself
cacciogliare	drove them
cacciommare	drove me out
cacio	cheese
cacume	summit
cadare	may fall
cadavero	corpse
cadeo	fell
cadere	They fell; fall; fallen; falling; falls; fell; sets; should fall; to fall; will fall
caderso	to fall
Cadì	Cadi
Cadmo	Cadmus
Cadon	they fall
Cador	Cadore
Cadurci	Cadurci
caduta	fallen
caduto	fallen
caggio	may fall
cagion	Cause; cause; fault; reason; reasons
cagione	cause; causes; reason; reasons
Cagli	Cagli
caglia	it matters
cagliare	cares; may care; may concern; may it concern; may it matter
cagnazzo	mastiff
Caico	Caico
Caio	Gaius
Cairo	Cairo
Calabri	Calabrians
Calabria	Calabria
Calabrun	Calabrun
Calai	I descended
Calamidor	Calamidor
calamitada	misfortune
calamitadi	misfortunes
calamo	arrow
Calandra	Calandra
Calaon	Calaone (a place name)
calar	descent; setting
calare	descend; descended; descends; falls; fell; lower; lowered; lowers; should fall; they lower; to descend; to fall; to lower; to lower (himself)
calaro	they descended
calasso	fell
Calatrava	Calatrava
calca	crowd; tramples; treads; treads on
calcagna	heels
Calcagnin	Calcagnini
calcagno	heel; heels
calcar	to tread on
calcata	trodden
calce	base; heel; lime (mortar)
calciare	to kick
calcina	lime; quicklime
calcio	butts; kicks
calcitrar	to kick
calcogliere	he put them on him
caldaia	cauldron
Caldei	Chaldeans
caldo	eager; heat; hot; warm; warmth
cale	it matters
calenda	calends
calendere	calends
Calesio	Calesius
Calesse	Calais
Calessio	Calais
calice	chalice; cup
Calidonia	Caledonian
calife	caliph
caligina	darkness
caliginoso	foggy; gloomy; misty
Caligorante	Caligorante
calire	cares; concerns; descends; it matters
Calisto	Callisto
calla	lane; narrow path; path
Callitrefia	Callitrefia
callo	narrow paths; paths
calma	calm
calor	heat
calore	heats
Calossi	he descended
calosso	he lowered himself
Calpe	Calpe
calpestare	trampling
calpestio	trampling
calsa	it mattered
calsire	cared
calumo	pays out
calunnia	slander
Calvario	Calvary
calvo	bald
camaglio	mail collar
Camaldoli	Camaldoli
camarier	chamberlains
cambiare	changed; to exchange
cambio	exchange; in exchange
Cambise	Cambyses
camello	camels
Camene	Muses
camera	bedroom; cabins; room; rooms
cameretta	little room
cameriera	maid
cameriere	chambermaids; maidservants; waiters
camicia	shirt
Camil	Camillo
Camilla	Camilla
Camillo	Camillo
camin	chimney; journey; path; road; traveled; way
camina	travels; walk
caminare	advances; he/she walks; to walk; walked; walks
caminata	departed
camino	chimney; course; fireplace; headway; journey; on the way; path; paths; road; route; travel; way
cammin	path
campagna	countryside; field; fields; open country; plain
campana	bell; bells
campare	escaped; saved; survived; to escape; to save; to survive
camparo	survived
campato	survived
Campeggio	Campeggio
campestra	field
campestre	rural
Campidoglio	Capitol
campion	champion; champions
campione	champion; champions
campo	army; battlefield; camp; field; field (for a duel); fields; opportunity
Can	Khan
cana	white-haired
canaglia	rabble
canal	canal
canale	canals
canape	rope
Canara	Canary Islands
Canaria	of the Canary Islands
Cancia	Canchy
candannare	condemned
Candia	Crete
candidare	bright; pure; white
candido	white; whiter
candor	whiteness
cane	Khan; dog; dogs
canestro	basket
cangiare	change; changed; changes; changing; to change
cangiosso	changed
canna	barrel; cane; pipes; reed; reed pipes; reeds; tube
Canne	Cannae
cannon	cannon
Canopo	Canopus
canore	melodious
canoro	songful
cansare	avoids
canta	sing
Cantan	sing
cantare	I sing; blows; sang; sides; singing; sings; songs; they sing; to sing; will sing
Cantelmo	Cantelmo
cantina	cellars
canto	aside; beside; canto; canto (song or section of a poem); corner; part; place; side; sing; sing about; singing; song; spot
canuto	gray-haired; white-haired
Caorse	Cahors
capa	fits
capace	capable; capacious; spacious
Capadocia	Cappadocia
capanna	hut; huts
capel	Capel; Capel (proper name, referring to a person); hair; helmet
Capella	Capella
capello	hair; hairs; hood
capeo	hair; hairs
capere	contains; fits
capestro	halter; noose
capiare	contain; contained; could contain; fit
capido	sperm whales
Capilupi	Capilupi (a family name)
capire	comprehend; contain; fit; happens (to him); to contain; to fit
Capisse	Capsa
capital	mortal
capitale	capital; deadly; forbidden; mortal
capitan	captain; captains
capitane	captains
capitano	captain
capitare	They arrived; arrived; arrives; captain; fared; happened; happens to come; having arrived; they arrived; they happened to arrive; to arrive; to end up; to happen; to happen to come; will happen upon
capitaro	arrived
capitasso	might arrive
capitello	capitals
capitulo	chapter
capo	beginning; cape; chief; end; ends; head; heads; hook; leader; leaders
Capobasso	Capobasso
capra	goats
Capricorno	Capricorn
caprignere	goat-footed
caprio	roe deer
capriol	roe deer
capriolo	roe deer
capriuola	roe deer
capriuole	roe deer
capro	goats; roe deer
captire	captive
captiva	captive
captivo	captive; captive (plural); captives; captured
Car	Charles
caracca	carrack
carattere	characters
carbon	charcoal
carbonchio	carbuncle
carbone	charcoal
carca	loaded; loads
carcare	loads; to load
Carcassone	Carcassonne
carcer	prison
carcere	prison; prisons
carco	load; loaded
cardinal	cardinal
cardinale	cardinal; cardinals
Carena	Carena; Carena (a place name, likely referring to a mountain); Carena (proper name, referring to a place)
carere	poems
carestia	scarcity
carezza	caresses
Caria	Caria
cariaggio	baggage
caricare	to load
carità	Charity; charity
caritade	charity
carlesco	Charlemagne's
Carlo	Charlemagne; Charles
carma	poem; song
carmo	poems; songs; spells
Carmondo	Carmondo
carnal	carnal
carne	flesh; meat; skin
carno	flesh
Carnuti	Carnutes
caro	dear; dearest
carola	songs
Caron	Charon
Carpazio	Carpathian
carpon	on all fours
carpone	on all fours
carra	carts; wagons
carretta	carts
carriaggio	baggage; baggage trains; baggage wagons
carro	cart; chariot
carta	chart; documents; letter; map; pages; paper; papers; writings
casa	dwellings; home; house; household; houses
casale	farmhouses
cascallo	fall
cascan	fall
cascare	We fall; fall; falls; fell; they fall
casco	falls
Casimiro	Casimir
caso	by chance; case; cases; chance; circumstances; event; events; fate; misfortunes; mishap; outcome; plight; sad; the event
cassa	box; chest; coffin
Cassandra	Cassandra
casse	chests
casso	emptied; removed; void
casta	chaste
castagna	chestnut
castel	castle
Castella	Castile; Castile (or Castilla); castles
castellan	castellan; castle governor
castellano	castellan
castello	castle; castles
castigare	punish; punished; punishes; to punish
Castiglia	Castile
Castiglione	Castiglione
castità	chastity
castitada	chastity
castitata	chastity
casto	chaste
castore	beaver
Catai	Cathay
Cataio	Cathay
Catalani	Catalans
Catallani	Catalans
Catalogna	Catalonia
cataratta	floodgate
catedral	cathedral
catena	chain; chains
Catolici	Catholics
caucasea	Caucasian
causa	case; cause; causes; reason; reasons
causare	cause; caused; causes
cautamente	cautiously
cauto	cautious
cava	cave; den; hollow; pit
cavalca	rides
cavalcare	He rides; ridden; rides; riding; rode; to ride; was riding
cavalco	rides
cavalcosso	rode
cavalla	mare; mares
cavallare	horse dealers; mare
cavalleria	chivalry; knighthood
cavallier	Knight; Trojan knight; horsemen; knight; knights
cavalliere	horsemen; knights
cavalliero	Knight; horseman; knight
cavallo	horse; horses
cavamento	excavations
cavare	carved; cavity; digs; dug; extracted; hollow; hollowed out; quarries; quarry; removed; to draw out
cavato	extracted
cave	cables; hollow
cavere	caves
caverna	cave
cavernoso	cavernous
cavo	hollow
ce	there; us
cecitade	blindness
cedere	I yield; let it yield; may yield; would yield; yield; yielded; yielding; yields
cedimare	Yield to me
cedro	cedar; cedar trees; cedars
Celano	Celano
celare	I hide; conceal; concealed; conceals; hid; hidden; hide; hides; hiding; is concealed; to conceal; to hide; to hide from you; to hide oneself; to hide yourself; you conceal
celarse	to hide oneself
celatamente	secretly
celato	helmet
celebrare	celebrate; celebrated; to celebrate; were celebrating
celebre	famous
celer	swift
celerare	will hide
celesto	celestial; heavenly; sky blue
Celio	Celio
cella	cell
Celo	of Caelus
Celte	Celts
celtibero	Celtiberian
cena	dinner
cenare	dined; to dine
cener	ashes
cennare	beckons
cenno	hints; sign; signs
cenobio	monastery
centauro	centaur; centaurs
centi	a hundred; hundred
centinaio	hundred
cento	a hundred; hundred
centomila	a hundred thousand; hundred thousand; one hundred thousand
centro	center
ceppo	block; fetters; log; shackles; stock; stocks; stumps; trunk
cera	wax
cerca	searches for
cercare	around; circular motion; he/she seeks; hoops; look for; looking for; may seek; may withdraw; might seek; one searches; search; searched; searched for; searches; searching; seek; seeking; seeks; should try; sought; they searched; they seek; they tried; to search; to search for; to seek; tried; tries; tries to; was searching; was seeking; we sought; would seek; you seek
cercherare	I will try
cerchiare	Let him try; encircled
cerchietto	small ring
cerchio	circle; ring
cercolo	I will try
cerconna	searched for her
Cerere	Ceres
cerimonia	ceremonies; ceremony
cerro	holm oak; holm oaks; oak; oak trees; oaks
certame	combat; contest; duel
certezza	certainty
certificare	assured; to ascertain; to certify
certificato	certified
certificosso	ascertained
certo	Certain; certain; certainly; more certain; most certain; some; sure
cerva	doe
cervel	brain
cervella	brains
cervello	brain; mind
cervia	doe
cervio	deer; doe
cervo	deer; deer (plural)
Cesar	Caesar
Cesare	Caesar; imperial; of Caesar
cespuglio	bush
cessare	I stopped; cease; ceased; ceases; ceasing; does not cease; gave way; stop; stopped; stops; they cease; to cease; to stop; will cease; yielded
cesso	cease; do I cease; yielded
ceta	whale
cetra	lyre
cetro	lyre
ch	That; What; that
che	That; What; Who; after; although; and; and that; as; as soon as; because; but; either; except; for; in; in which; in whom; of what; of which; of whom; on; since; so much as; so that; than; that; that which; though; to which; until; what; whatever; when; whether; which; who; whom; with; with what; with which; with whom
Chelindo	Chelindo
cherare	ask
chere	summons
chero	I ask for
Chersonesso	Chersonese
cherubin	cherub
cheta	quiet; quietly
chetamente	quietly
chete	quiet; quietly; silent
cheto	calm; quiet; quietly
chi	Some; That; Who; Whoever; for whom; from whom; he who; one; one (indefinite pronoun meaning 'some people' or 'whoever'); one (person); one (who); one who; some; some (people); someone; that; the one who; there is; those who; to whom; which; which of them; who; who (relative pronoun); whoever; whom; whose; with whom
chi'l	the
chi'lio	to whom the
chia	whoever
chiamalo	calls him
Chiaman	they call
chiamare	Calling; I call myself; call; called; calling; calls; calls herself; calls himself; calls oneself; he is called; is called; they call; to call; to call me; to call themselves; will call; would call
chiamollare	called her
chiamollo	called him; he called him
chiaramente	clearly
Chiaramonte	Chiaramonte; Chiaramonte (a noble family name); Chiaramonte (family name); Claremont
chiarare	clarified
Chiarenza	Chiarenza; Clarence
chiarezza	clarity
Chiariello	Chiariello
chiarire	ascertain; clarified; to clarify
Chiarmonte	Chiaramonte; Chiarmonte
chiaro	bright; brighter; clear; clearer; clearly; famous; most clear; very clear
Chiassi	Chiassi
chiavare	closes
chiave	key; keys
chiavistel	bolt
chiavisteo	locks
chiedere	Ask; ask; asked; asked (subjunctive); asking; asks; asks for; churches; demands; to ask; was asking; we will ask; will ask; you ask
chiedimare	Ask me
chieggiare	I ask; ask; asks; may ask
chieggio	ask
chiercio	clergymen
chierica	tonsures
chiericio	clergymen
chiesa	Church; church; churches; he asked
Childera	Childera
Childiberto	Childebert
china	bends; bent; bowed; bows
chinare	bow; lowered; lowering
chinaro	lowered
chino	bent; bowed; lowered
chiocca	lock
chioccia	hen
chiodo	nail; nails
chioma	hair; mane
chiome	crowns; hair; locks; locks (of hair); manes
chiosa	glosses; interpretation
chiostro	cloister
chiovere	nails
Chiron	Chiron
chirugia	surgery
chirurgo	surgeon
chiudere	blocks; captured; close; closed; closes; conceals; enclosed; enclosed place; encloses; sealed; set; shuts; they close; they closed; to close; to shut; was closing; will shut
chiudimare	close for me
chiunque	whoever
chiuso	closed; enclosed
ci	There; che; from us; here; him; in it; of it; ourselves; that; that (contraction of 'che' + 'ha'); that (relative pronoun, contracted form of 'che'); that I have; that has; there; there is; to ourselves; to us; us; we; who; whom; you have
ciacco	hog
ciancia	chatter; idle talk; nonsense; prattle
ciaschedun	each
ciascuno	Each; Each one; each; each (feminine); each one
cibare	to feed
cibo	food; foods
cicala	cicada
cicale	cicadas
cicaletta	little cicada
Ciceron	Cicero
Ciclope	Cyclops
Ciclopi	Cyclopes
cieco	blind; dark
ciel	canopy; heaven; of heaven; sky
ciela	heaven
cielo	heaven; heavens; skies; sky
ciglio	brow; eye; eyebrow; eyelash; eyelashes; eyelid
Cigno	swan; swans
Cilandro	Cilandro; Cilandro (a proper name)
cilestro	sky-blue
Cilici	Cilicians
Cillaro	Cyllarus
cima	summit; surpasses; top
cime	heights; peaks; summits; tops
cimeria	Cimmerian
cimier	crest
cimiero	crest
cimiter	cemetery
cimiterio	cemeteries; cemetery
cimitero	cemetery
Cimosco	Cimosco
cinabro	cinnabar
cinedio	catamites
cinga	surrounds
cinge	encompasses
cinger	to surround
cingere	encircle; encircles; girds; surrounded; surrounding; surrounds; to gird
cingia	straps
cingiaio	wild boars
cingial	boar; wild boar
cingiale	wild boars
cingo	gird
Cingonlo	They surround him
Cinifio	Cinyphian
cinque	Five; five
cinsa	girded
cinta	belt; girded; girt; surrounded; wall
cintare	encircled; surrounded
cinto	Cynthus; belt; encircled; girded; girt; surrounded
ciò	That; This; of this; that; that (which); that which; this; what
ciottolo	pebble
cipresso	cypress; cypresses
ciprigna	Cyprian
Cipro	Cyprus
circa	about; around
circare	Circassian
Circassi	Circassians
Circassia	Circassia
Circasso	Circassian
Circe	Circe
circonciso	circumcised
circondare	surround; surrounded; surrounding; surrounds; to surround
circonfuso	surrounded
circostante	surrounding
circundare	to go around; to surround
Cirenei	Cyrenaeans
cireneo	Cyrenean
Cirra	Cirrha
citare	summoning; to cite
citatoria	summonses
citello	little children
Citerea	Cytherea
città	City; cities; city
cittada	city
cittadin	citizen
cittadino	citizens; the Citizen
cittadio	cities
cittata	city
cittella	little city
ciurma	crew
civil	civil
clada	slaughter
Clarice	Clarice
Clarindo	Clarindo
Clarmonte	Clermont
claudere	you limp
Claudio	Claudius
claustro	cell; cloister
clemente	merciful
clemenza	clemency
Cleopatra	Cleopatra
clima	climate
Clitemnestra	Clytemnestra
Clodion	Clodion
Clodione	Clodion
Clodoveo	Clovis
Cloridan	Cloridan
Cloridano	Cloridano
Cloride	Chloris
Cloto	Clotho
cò	there
Coalle	Coalle
cocca	notch
cocchina	small boat
coccola	knobs
cocente	burning
Cochino	Cochin
Cocito	Cocytus
coco	cook
coda	tail
codarda	cowardly
codardo	coward
Codro	Codrus
coetano	coetaneous
cogliere	catch; catches; caught; gathered; gathering; hit; lies down; may he catch; may it catch; picked; plucking; seized; strikes; struck; to pick; to pluck; with; with the
cognata	sister-in-law; sisters-in-law
cognato	brother-in-law
cognizion	knowledge
cognome	surname
coi	with; with the; with which
col	With; with; with the; with whom
cola	There; there; with; with his; with the
colcare	lay down
cole	cultivates; venerates; worships
colei	her; she; she (that one); she (that one, referring to a female); she who; that woman; the one; the one (feminine)
coleo	she
colera	anger; cholera
colgare	catch
colla	hill
Colle	hill; with the
collegio	college
collina	hill
collo	hills; neck; necks; with the
collocare	placed
collottola	nape
colmo	full
colo	With the; with; with his; with the
colomba	dove; doves
colombo	dove; doves; pigeons
colonna	Colonna; column; columns; pillar
colonnata	colonnades
Colonnese	Colonnese (a family name)
color	color
colorare	colors; paints
colore	color; colors; of whom; those
colorito	colored
coloro	those
colpa	blame; crimes; fault; faults
colpevole	guilty
colpo	blow; blows
colson	they took
coltel	knife
coltello	knife; knives
colto	gathered; hit; picked; plucked; struck
coltrare	quilt
coltre	blanket
colubre	snakes
colubrina	small serpentine cannon
colubro	serpents
colui	He; He who; That one; he; he (that one); he who; him; that one; the one; the one (masculine)
columba	dove; doves
comandare	commanded; commands; to command
comando	command; commands
combattente	combatants; fighters
combattere	fight; fighting; fights; fought; may they fight; strikes; to fight; was fighting; you fight
come	Although; As; How; Once; When; although; as; as if; as soon as; how; just as; like; like a; since; that; when
comendare	praised; to commend
comercio	commerce
cometa	comet
comiato	leave-taking
comincere	begins
cominciare	I began; I begin; began; beginning; begins; begun; they began; to begin; was beginning; were beginning
comite	count
commanda	commands
commandare	command; commanded; commands; ordered; to command
commandata	command
commandere	commands
commando	command
commendare	commended; to commend; to praise
commendere	praised; you praise
commercio	commerce; intercourse
commessa	commissioned; committed; entrusted
commesso	committed; entrusted
commetere	praise
commettere	commanded; committed; entrusted; entrusts; to commit; to entrust
commiato	leave; leave-taking
comminciare	began; beginning; begins
commission	commission
commissione	commission
commisto	mixed
commodamente	comfortably
commodità	comfort; convenience; opportunity
commodo	comfortable; comforts; convenient; favorable; opportunity; suitable
commosso	moved
commun	common
commune	common
communemente	commonly
communicar	to give communion
communicare	to communicate
communico	I communicate
communo	common
commuovere	moved; was moved
compagna	companion; company; mate
compagnia	company
compagno	companion; companions; comrade
compania	company
comparabile	comparable
comparare	to compare
compare	appears
comparire	appear; appearance; appeared; appearing; appears; is compared; to appear
comparsa	appeared
compartire	bestows; sharing
compasso	patterns
compensare	compensate me
compensarto	to compensate you
compenso	compensate
compentare	compensates
comperare	to buy
comperollo	bought it
compiacciare	may please oneself; may satisfy; please
compiacere	please; pleased; to please
compiaceriare	would please her
compiare	pleasing
compiere	accomplished; please; pleases
complesso	embraces
comporre	arranged; composed; composes; contrived; formed; laid to rest; placed; reconciled; settled; to compose; to prepare; to reconcile
comportare	allows; bears; contains; may (he/she) allow; put up with; to tolerate; tolerate; tolerates
comprare	buy; buys; to buy; would buy
comprendere	may be understood; perceives; realizes; to understand; understand; understands; understood
compresso	pressed
comprire	I find; I understand; perceive; understand
compromesso	compromise
compunto	pricked; repentant
con	With; with
conca	basin
concedere	I grant; I will grant; allowed; allows; concede; concedes; granted; granting; grants; may grant; to grant; would grant; you grant
concento	harmonies; harmony
concetta	conceived
concetto	Concepts; conceived; conception; idea; plan
conchiudere	Concluded; I conclude; conclude; concluded; concludes; they conclude
conciede	grants
conciedere	grant
concilio	council
concio	repaired
conciper	to conceive
concludere	Concluded; I conclude; conclude; concluded; decides; to conclude; will conclude
conclusion	conclusion; conclusions
conclusione	conclusion; conclusions
concordare	to agree
concorde	concordant
concordere	harmonious
concordia	concord
concorrere	agreed; agrees; to compete
concubina	concubine; concubines
condanna	sentences
condannare	condemned; condemns; they condemn; to condemn
condennare	condemned
condizion	condition
condizione	condition; state; terms
condotta	command; led
condurre	I brought; brings; brought; brought himself; conducted; guided; he leads; lead; leading; leads; leads (himself); led; led herself; may lead; might lead; tempered; they led; to carry out; to lead; treated; we will lead; you led
condutto	led
conduttore	leaders
confacciare	may conform; suits
confalone	banner
confalonier	standard-bearer
confederato	confederates
conferire	confer; to confer; to confide; to discuss
confermare	confirmed; confirms
confermatore	confirmer
confessare	confess; confessed; confesses; to confess
confesso	confessed
confetto	confectionery; sweets
confidare	trusting; trusts
confidenza	confidence
confin	borders
confinare	borders
confine	border; borders; boundaries
conflitto	conflict; conflicts
confondare	confuses; confuses himself
confondere	confused; confuses; confuses oneself; mixed; mixed up; mixes
conforrere	comfort; comforts
conforta	comforts
confortare	comfort; comforted; comforting; comforts; encourages; to comfort
conforte	comforts; encouragements
conforto	comfort
confortollo	comforted him
confusamente	confusedly
confusion	confusion
confusione	confusion
confuso	confused
congedo	leave
congelare	freezes
congiungere	joining; joins
congiunto	joined; relative; united
congiura	conspiracy
congiurare	conspired
coniglio	rabbits
coniugale	conjugal
connubio	marriage; union
Conobbel	he/she recognized him
conocchia	distaff; distaffs
conosbere	I knew; recognized; they knew; they recognized
conoscente	acquaintance
conoscenza	acquaintance; knowledge; recognition
conoscere	I knew; I know; I recognized; acknowledges; having recognized; he knew; is recognized; knew; knew him; know; knowing; known; knows; make known; may know; not recognizing; recognize; recognized; recognizes; seeing; they recognized; to know; to recognize; unknown; was known; would know; you knew (subjunctive); you know
conosciuto	known
conosciutol	having known him
conquassato	battered
conquido	conquers
conquire	conquered; won over
conquiso	conquered; overcome
Conrado	Conrad
Consalvo	Consalvo; Consalvo (proper name)
consapevole	aware; knowing
consegna	entrusts
consegnare	delivered; handed over
conseguire	may achieve
consenso	approval; consent
consentire	agreed; agreeing; agrees; allow; allowed; allows; consented; consents; may allow; may consent; permitted
conservare	to preserve
considerare	Considering; consider
consigliare	advice; advise; advise me; advised; advises; consults; counsel; resolves; they advise; they advised; to advise
consigliere	counselor
consiglio	advice; advises; council; counsel; counsels; plan; remedy
consistere	consists
consistorio	consistory
consistoro	consistory
consolare	comforting; comforts; to console
consolato	comforted
consolazion	consolation
consonare	is fitting
consorte	consort; consort (wife); husband; spouse; spouses; wife
constante	steadfast
Constantina	Constantina
consueto	customary
consumare	consumes; to consume; to consume oneself
consume	consumes
consumere	consumes
consumgare	consumed; worn out
consumo	consume; consumes; waste; you spend
consunto	consumed; worn out
contado	countryside
contaminare	contaminate; contaminated; contaminates; to contaminate
contamino	contaminate
contare	count; counted; recounted; to count; to tell; told; will count
contario	contrary
contato	counted
conte	Count; count; count (nobleman); counts; courteous; known; recounts; tale
contea	county
contemere	contemplate
contemplare	beholds; contemplates; contemplating; to contemplate
contemplio	contemplates
contendere	competes; contend; contending; contends; obscures; strives
contenere	I refrained; contained; contains; contend; contended; contested; disputed; disputes; forbade; is contended
contentare	to content; to content oneself; to satisfy; was contenting himself; were satisfied
contentarte	to satisfy you
contento	content; contented; contentment; happy; pleased; satisfied
contentosso	contented herself; was content
contereo	would count
conteriare	would count
contesa	contests; disputes
contese	disputes; fought; refused
conteso	dispute; disputed; quarrel; resistance; strife; struggle
contessa	countess
contesta	woven
contestabile	constable
contestare	woven
contesto	interwoven; woven
contezza	knowledge
conti	Count
continente	continent
continenza	demeanors; self-restraint
continoare	continuing
continuamente	continually
continuare	continued; continuing; continuous; to continue
continuo	continual; continuous
conto	account; count; tale
contra	Against; against; contrary to; toward
contrada	area; homeland; region
contrade	districts; regions
contradice	contradicts
contradire	contradict; deny; to contradict
contraditto	contradicted
contrafare	counterfeited
contrafatto	counterfeit
contrare	Against; against; contrary to; toward; toward her; towards
contrario	adverse; adverse winds; contrary; contrast; on the contrary; opponents; opposed; opposite
contrarre	contracted
contrasegne	signs; tokens
contrastare	contends; opposes; resists; to oppose; to resist
contrastettere	struggled
contrasto	conflict; contends; opposition; oppositions; resistance; struggle
contratto	contract; contracted
contrizion	contrition
contro	against
conturbare	to disturb; troubled
conturbato	disturbed; troubled
convegna	befits; it is necessary
convegnare	agree; be fitting; befits; is fitting; it befits; it may befit; suits; that befits
convenere	fitting
convenevole	suitable
conveniare	agreed
conveniente	fitting; suitable
convenire	It was necessary; agreed; are fitting; befitted; happened; has agreed; is fitting; is necessary; it is fitting; it is necessary; it was fitting; it was necessary; it will be necessary; may be fitting; suit; suits; was fitting; was necessary; will befit; would be fitting
convenzion	agreement; agreements
convere	turned
convergere	turned
converrare	it will be necessary for me
converriare	would be necessary for him; would suit
converse	converted; turned
conversiare	we converse
conversion	conversion
converso	turned
convertare	transforms
convertire	to convert; turn; turns
conviemma	it is fitting for me
conviengere	is fitting; it is fitting for him; it is necessary
convienso	is fitting; it is fitting
conviente	It is fitting; is fitting; is necessary; it is fitting; it is fitting for you; it is necessary; must be; suits
conviento	it is fitting; you must
convitare	to feast together
convito	banquet; banquets; feast
convivo	banquets
coperchio	cover; lid
copersa	covered
coperso	covered
coperta	covered; saddlecloth
coperto	cover; covered; hidden; shelter
copia	Abundance; abundance; copy; number; opportunity; quantity; supply
copiare	abundance
copioso	abundant
coppa	cup; cups
coppia	couple; pair; pairs
copria	covered
copriare	covered
coprire	cover; covered; covered (herself); covering; covers; deck; hidden; to cover; to cover oneself
copula	union
cor	courage; heart; hearts; horn; the heart
coracine	coracines (a type of fish)
Coradino	Conradin
coraggio	courage; heart
coraggioso	courageous
corallo	coral; corals
corazza	armor; breastplate; breastplates; cuirass
corbo	blind; raven; ravens; service tree
corcare	lies; lies down; lying down; may set; to lie down
Corcarsi	to lie down
corcata	lying
corcato	lying down
corcosso	lay down
corda	rope; ropes; string; strings
cordoglio	grief
Cordova	Cordova
cordovese	of Cordoba
core	courage; heart
Corebo	Cor(o)ebus; Corebus; Coroebus
Coreggio	Correggio
corglio	to take
Corimbo	Corymbus
Corineo	Corineus
Corinna	Corinna
corna	branches; horns
cornacchia	crow; crows
Corneto	Corneto
corno	horn; horns
Cornovaglia	Cornwall
cornuta	horned
coro	Chori; assembly; choir; chorus; hearts; northwest wind
corona	Crown; crown; crowns
coronar	to crown
coronare	to crown
coronato	crowned
corpo	bodies; body
corporal	bodily
corporale	bodily
corporeo	corporeal
corpulento	corpulent
correano	they ran
correare	they were running; were running
correggere	corrects; corrects itself; rules
correggiare	corrects
Correggio	Correggio
corrente	current; slip; stream
correre	I will gather; Running; course; flowed; flows; he runs; may run; pluck; ran; run; running; runs; they run; to gather; to pick; to run; to strike; traveled; was running; were running; will gather
corridor	horse; runner; steed
corridore	corridors; racer; runner; runners; steed; steeds
corrier	courier; messenger
corriero	courier
corrispondente	corresponding
corrispondere	corresponds
corrompare	corrupts
corrompere	corrupts
corron	run; they run
corronso	they ran
corrotto	corrupted
corrucciare	grows angry
corrumpero	to corrupt
corruttore	corrupter
corsa	crossed; ran; run; sailed; would have run
corsar	corsairs; pirates
corsaro	pirates
Corser	they ran
Corsi	Corsicans
corsia	deck
corsier	charger; courser; flying; runner; steed; warhorse
corso	Corsican; course; having run; in speed; pace; race; ran; run; running; rushed
corte	court; courtyard
cortese	Cortés; courteous; generous
cortesemente	courteously
Cortesi	courteous
cortesia	courtesies; courtesy; kindness
corteso	courteous
cortigiano	courtiers
cortina	curtain; curtains
corto	courts; short; shorter; shortest; shortly; soon
corucciare	grows angry
Corvino	Corvino's; Corvinus
corvo	crows; raven; ravens
cos'	what else
cosa	anything; deeds; matter; something; thing; things; what
Cosca	Cosca
coscia	thigh; thighs
coscienza	conscience
così	So; Thus; also; as; as well as; like this; so; so well; thus
cospetto	presence
cosso	cooked
costa	coast; rib; sides; slope; there
costallo	pay for it
costante	Constans; constant; steadfast
Costantin	Constantine; Constantine's
Costantino	Constantine
Costantinopoli	Constantinople
Costanza	Constance; Constancy; constancy
Costanze	Constances
costare	cost; costs; side
costeggiare	coasts; skirting
Costei	This woman; she; this woman
costeiere	she; that woman; this one (feminine); this woman
costeo	her; she; that woman; this woman
costere	this woman
costernato	dismayed
costituire	established; to establish
costo	cost; costs; expense
costor	these people
costore	these (people); these people
costoro	these (people); these ones; these people
costringere	compelled; constrained; forced; forces; forcing
costrutto	advantage; built; meaning
costua	this one
costui	This man; This one; this man; this one; this one (him)
costuire	This man; This one; this man
costuma	custom
costumare	well-mannered
costumato	well-mannered
costume	custom; customs; habit; manners; was accustomed
costuo	This man
cota	whetstone
cotale	such
Cotali	Such
cotanta	so much
cotanto	so great; so much; such great
cotenna	skin
cotesto	this
coton	cotton
cotone	cotton
cotta	coat
cotto	cooked
coturnico	quails
covare	broods
coverta	deck
cozzaro	they clashed
cozzo	collision
Crasso	Crassus
creare	created; elects
Creator	Creator
Creatore	Creator
crebrere	they grew
crebro	dense; frequent
credeano	believed; they believed
credeanse	they believed themselves
credeasi	believed (himself/herself) to hear
credenza	belief; credence; opinion; trust
credeo	believed
credere	Believe; Believing; I believe; I will believe; I would believe; belief; believe; believe (subjunctive present, 2nd person plural); believe me; believed; believed themselves; believes; believes (herself to); believing; entrusts; he believed; is believed; may believe; my; she believed; they believe; they believed; thinks; thought; to believe; trusted; trusts; we believed; will believe; would believe; you believe; you would believe
crederia	would have believed
credesson	believed
credesta	you believed
credibile	credible
credito	credit
credurre	credulous
cremonese	of Cremona
Creonte	Creon
crescere	grew; grow; growing; growing up; grown; grown up; grows; may grow; to grow; was growing; will grow
cresciuticare	having grown up
Creso	Croesus
crespa	curly; frowning; wrinkled
crespo	curly; wrinkled
Creta	Crete
Cretense	Cretan (woman)
Cretesi	Cretans
crin	hair
crine	hair; mane
crini	hair; hairs
crinito	haired
crisolito	chrysolite; chrysolites
cristalline	crystalline
cristallino	crystal-clear
cristallo	crystal; crystals
cristian	Christian; Christians
cristianesmo	Christianity
Cristianissimi	most Christian
Cristianitade	Christendom
cristiano	Christian; Christian knights; Christians
Cristo	Christ
croccare	creaks
croccia	clucks
croce	cross
crocetta	little cross
croco	crocus
crocodile	crocodiles
Croisberia	of Croisberia
crollare	to shake; to topple
crollasto	you shook
crollo	fall; shake; shaking
croscere	crashes down
crosta	layer
Crotone	Croton
cruciato	tormented
crude	cruel; fierce; raw
crudel	Cruel; cruel; cruel one
crudele	cruel
crudelmente	cruelly
crudeltà	cruelty
crudeltade	Cruelty; cruelty
crudeltare	cruelty
crudere	raw
crudetta	cruel (feminine plural)
crudo	cruel; fierce; raw
cu	his; that (feminine singular); where
cucco	cuckoo
cucina	kitchens
cuffia	cap; helmets; hood
cugin	cousin; cousins
cugino	cousin; cousins; female cousins
cui	by which; by whom; for which; for whom; from which; from whom; in which; of which; of whom; to which; to whom; which; whom; whose; with whom
culto	cultivated; cultivated land
cultore	cultivators
Cumea	Cumaean
cumulo	piles
cun	whom
cundutto	led
cuo	hides
cuocere	baked; burns
cuoco	cook
cuoio	hide; leather; skin
cuopere	cover; covers
cuopra	covers
cuoprire	covers
cuore	heart
cupidigia	greed
cupido	Cupid; desirous
cupo	dark
cura	attention; care; cares; cares about; he cares; worry
curare	I care; care; cared; cared about; cares; cares about; may care; to care; treated
curioso	curious
curto	short
curva	curved
curvo	curved
custode	guardian
cuticagna	scalp
D'	of
da	By; From; Of; Of a; On; Since; about; after; as; aside; by; by itself; for; from; has to; have to; in; like; must; of; of a; of the; on; on behalf of; since; that must; through; to; to follow; to go; to make; with
dado	die
Dafne	Daphne
daino	deer; deer (plural)
Dalinda	Dalinda
Dam	Give
dama	lady
Damasco	Damascus
Damiata	Damietta
damigella	damsel; maiden; maidens; young lady
damigello	young man
damma	doe; does
Dammogire	Dammogire
damo	girl; young ladies
dan	give
danar	money
danario	money
dandolere	giving her
danese	Dane; Danish
Danismarca	Denmark
danna	condemns
dannare	condemns; damages; to condemn
dannato	condemned; damned
danneggiare	to harm
danno	damage; damages; give; harm; harms; they give
dannoso	harmful
Danoia	Danube
Danubio	Danube
danza	dance; dances
danzare	dancing
darallo	will give to her
Dardinel	Dardinel
Dardinello	Dardinello
dardo	arrow; arrows; darts
dare	Give; Given; I give; I will give; by; by the; by your; damage; from; from the; gave; give; give (subjunctive); give me; give yourself; give yourselves; given; gives; giving; harm; is given; ladies; may give; must; news; said; they gave; they give; they were giving; they will give; they would give; to give; to give it; to give me; to give you; to give you of it; to strike; turned; turns; two; will give; would give
darele	to give him; to give himself
darglilare	to give it to him
dargline	to give him some
darglio	to give him
daria	would give
darma	give me
dasso	is given
data	given
datase	given herself
datemi	give me
dato	given
datolo	given it to her
Dauni	Dauni
davante	ahead; before; from before; in front; in front of; in front of her
davanti	in front; in front of
Dazia	Dacia
de	Of; Of the; about; for; from; from the; gave; must; of; of our; of the; some; than; that; with; with the
de'	must; must be; of his; of the
dea	goddess
debb'io	must I
debbano	must; should be
debbia	must
debbiàn	we must
debbiare	may; may have; must; should
debbio	must; must be
debbovere	I must tell you
debil	weak
debitamente	duly
debito	debt; debts; deserved; due; duty; obligation; obligations; owed
debitor	debtor
debitorce	debtors
debitore	debtor
debol	weak
debole	faint; weak; weakest
debolezza	weakness
decapitare	beheaded
Deci	Decii
decidere	decided
decimo	Tenth
decina	group of ten; ten; tens
deciso	decided
declinare	bends down; declining; descends; flows into; lowering; sets; setting; they lower; turning
decline	subside; turn aside
decoro	adornment; dignity
decrescere	to decrease
Dedalo	Daedalus; intricate
dedicare	dedicate
dee	goddesses; must; must have
deforme	deformed
defrare	cheat
defraudare	defraud; to defraud
defunto	dead; deceased
deggiare	may give; must
deggio	I must; I owe; must
degnamente	worthily
degnare	would deign
degno	deigns; worthy
deh	Ah; Alas; Oh; alas; oh; please
deh!	Alas!
dèi	must; you must; you must have
delega	delegates
delfino	dolphins
deliberare	decided; to decide
deliberosso	decided
delibire	is tasted; tastes
delibrare	deliberates
delicato	delicate
delitto	crime
delizia	delights
delizioso	delightful
Delo	Delos
delubro	temples
deluso	deceived; disappointed
demerito	demerit
demerto	demerit
demesso	downcast
demon	demon
demone	demons
demonio	demon; demons
Demostene	Demosthenes
denare	money
denigrare	denigrated
denno	gave; must
denso	dense
dente	teeth; tooth
dentrare	within
dentro	Inside; inside; within
denudere	lay bare
depende	depends
deporre	deposed; deposited thing; laid down; put aside; removed; set aside; to lay down; to put down
depredare	plundered; plundering; to plunder
depresso	low
deputato	deputies
derata	gain
dereliggere	abandoned
deretan	hind
deretano	rear end
derivare	comes; derived; derives; to derive
descendente	descendants
descendere	descends
desco	table
descrivere	describe; described
deserto	abandoned; desert; deserted; deserts
desia	desires
desiaio	I desired
desiare	desired (subjunctive); desires; they wished for
desiata	desired
desiato	desired; longed for
desiderare	desired; desires; to desire
desiderato	desired
desiderio	Desiderius; desire
desidero	desires; wishes
desideroso	Desirous; desirous
desio	desire; desires
desiollo	she desired him
desioso	desirous
desir	desire; desires
desira	beloved; desire
desirare	desires
desire	desire
desirio	desires
Desmonda	Desmond
desolato	desolate
desperazion	desperation
despitto	spite
dessare	of her
dessentare	gave
desso	him
desson	disadvantage
destare	awake; awaken; awakens; had stirred; wake up; wakes; wakes up; would wake up; you gave
destarsa	to wake herself
destin	destiny; fate
destina	decides
destinare	destines; intends; plans
destino	destiny; fate; fates
desto	alert; awake; awakened
destra	right; right (as in the right side); right (feminine plural); right (hands); right hand
destrero	steed
destrezza	dexterity; skill
destrier	steed; steeds; warhorse
destriere	steed; steeds; warhorses
destriero	steed
destro	agile; nimble; ready; right; skillful; the right one
destruzion	destruction
destruzione	destruction
detrimento	detriment
detto	called; gave; might give; said; words; would give
dettosi	having declared himself
devevere	you had to
devisare	declares; explains
Devonia	Devonia
devorare	devour; devours; to devour
devorato	devoured
devotamente	devoutly
devoto	devoted; devout
devozione	devotion
di	Above; At; From; Here; In; Of; Of the; Of those; about; again; below; by; day; daylight; days; from; here; in; in comparison to; must; of; of a; of it; of the; of them; of this; of which; of whom; on; than; that; to; to go; to stay; with
diabolico	diabolical
diadema	crown
diamante	diamond; diamonds
Diana	Diana
dianzare	a little while ago; a little while before; before; earlier; just before; previously
dianzi	a little while ago; a moment ago; before; earlier; just now
dianzo	a little while ago; a short while ago; a while ago; before; earlier; just before; previously; shortly before
diaspro	jasper
Diavol	Devil; devil
diavolo	devil
dibattere	flaps; struggles
dicare	to dedicate
dicea	said; was saying
diceagliare	says to him
diceaglio	he says to him; she said to him
dicean	they were saying; were saying
dicembre	December
dicer	saying
dicessere	they would tell
dichiarare	declares
dicido	declares
Dicilla	Dicilla
diciotto	eighteen
diciottomila	eighteen thousand
Dictea	Dictean
Dido	Dido
Didon	Dido
dié	day; gave
diece	ten
dieci	ten
diecimila	ten thousand
Diegli	gave him
diella	gave her
diello	gave him
diero	gave; they gave
dieron	gave
dietro	Behind; after; back; backward; backwards; behind
difenda	defends
difenderallo	will defend it
difendere	Defend; defend; defended; defending; defends; defense; protected; to defend
difension	defense
difensor	defender
difensore	defender
diferire	I defer; I postpone; delay; postponed; to delay; to postpone
difesa	defended; defense; defenses; protected
difesere	defended
difetto	defect; fault
differente	different
differenza	difference; differences; distinction
differillare	deferred it
differire	I defer; I will defer; be postponed; delayed; delaying; delays; differs; postpone; postponed; postponing; they postponed; to delay; to postpone; will defer
differito	deferred; postponed
diffetto	defect; fault; lack
difficil	difficult
difficile	difficult
difficilmente	with difficulty
difficultà	difficulty
diffinire	to settle
diffinito	settled
diffondere	expand; expanded; spread; spreads
diffusamente	in detail
difidare	to distrust
difidenza	distrust
difondere	spreads
diforme	different
difudere	spread
difuso	spread
digesto	digested
digiun	fast; fasting
digiuna	fasting
digiuno	fast; fasting; free
diglere	Tell him
dignità	dignity
digno	most worthy
digresso	digression
digrignare	gnashing
digrigno	you gnash
diguazzare	splashes
dilagare	flooded; spreads
dilatare	widening
dilazion	delay
dileguare	disappears; dissipated; dissolves; to disappear; to vanish; vanished
dileguato	disappeared
dileguosso	vanished
diletta	beloved; delights
dilettare	beloved; delighted; delights; might delight; to delight; would delight
dilettevol	delightful
dilettevole	delightful; pleasant
diletto	beloved; delight; may delight; pleasure; you delight
dilettoso	delightful
diligente	diligent
diligenza	care; diligence
dilungare	differs; having distanced; lingering
dilungato	prolonged
dimana	morning
Dimand	He asked
dimandare	asked; asking; to ask
dimandonne	asked
dimanere	asked; morning; the next morning; tomorrow
dimano	tomorrow
dimare	asked
dimenare	shaking
dimestico	households
diminuto	diminished
Dimmi	Tell me
dimora	abode; delay; dwelling; dwells; resides; stay; stays
dimorare	I reside; stayed; to delay; to dwell; to stay
dimorire	you may stay
dimoro	I delay
dimostrare	I show; may show; show; showed; showing; shown; shows; to demonstrate; to show; to show myself; to show oneself; you show; you showed
dimostrasta	showed
dimostre	shown; shows
dimostrossare	showed himself
dinante	before
dinanzi	Before; In front of; before; from before; in front; in front of
dinotare	indicating
Dio	God; god
Dio.	God
diodarro	warrior
Dionigi	Denis; Dionysius
dipartenza	departure
dipartiare	separated
dipartillo	detaches it; separates it
dipartir	departure
dipartire	depart; departed; departing; departs; divided; left; to depart; to separate; was departing
dipartito	separated
dipingere	depicts; may paint; painted; paints; to paint
dipinto	painted
dipoi	afterward; afterwards; then
diporto	pleasure
dire	I gave; I mean; I said; I say; I tell; I will call; I will say; I will tell; I would say; Say; a little while ago; afterward; afterwards; before; call; called; day; days; desire; desires; dictates; gave; gave (themselves); give; he gave to him; he said; he says; he was saying; he/she was saying; himself; is called; is said; it is said; may say; may tell; owe; remark; said; say; say (subjunctive); saying; sayings; says; she said; she was saying; since then; speak; speaking; speech; tell; tell me; tells; ten; the said; then; they called; they gave; they must; they said; they say; they were saying; to say; to speak; to tell; to tell me; to tell you; told; turned; two; undid; used to say; was saying; was telling; we call; we say; were said; will call; will say; will tell; word; words; would say; would say it; you said; you say; you will say
direstare	would say
diretta	directly
dirglio	to tell him
dirimpetto	opposite
diritto	directed; directly; guided; straight
dirizere	directs
dirizzare	aims
dirmedere	to tell me it
diroccare	crumbling
dirogliere	I will say it
dirotto	copious; drenched; torrents
dirovare	I tell you
dirovvare	I will tell you
dirtel	to tell you it
dirtelare	to tell it to you
dirvare	to tell you
disacerb	soothes
disacerba	assuages
disacerbo	soothes
disacere	assuage; may assuage
disagio	discomfort; hardship; hardships
disamare	to stop loving
disarma	disarms
disarmare	disarmed; to disarm; unarmed
disarmato	disarmed; unarmed
disarme	disarm
disarmo	disarmed himself
disarmosso	disarmed
disbramare	to satisfy
disbrigare	to free; to free themselves
discacciare	drive away; driven away; might drive away; to drive away
discadere	fall
discarco	discharge
discendente	descendant
discendere	descended; descending; descends; dismounts; to descend; was descending
discere	discerns; distinguishes
discernare	may discern
discernere	could discern; could distinguish; discerns; to discern; to distinguish
discerno	discern; may discern
discesa	descended; descent; dismounted; landed
discesere	descended
disceso	dismounted
dischiomare	unhairs
dischiudere	released
discinto	ungirt
disciogdere	dissolved; released; unfastened; untied
discioggere	dissolves; may disband
disciogliere	dissolved; free; may resolve; untying
disciolire	melt
disciolto	dissolved; loose; loosened; released
disciore	to untie
disciorrere	to release; to untie; untie
disciorro	to dissolve
disciorso	detached
disciplina	discipline; hardship; lesson; training
discipul	disciple
discolorare	discolors
disconcio	discomfort
discondere	distances himself; is far away; is unsuitable; moves away; withdraws
disconvere	is not unbecoming; was inappropriate
discoperta	open
discoperto	discovered; open; openly; uncovered
discopriare	would reveal
discoprire	revealing; to discover; to reveal; to reveal to you; to uncover
discor	discourses
discorda	discordant
discordare	discords
discordere	discordant
discordia	Discord; discord; discords
discordio	discordant
discorrere	discourses; discoursing; discusses; ponders; ranging; reasoning; recounts; relates; roaming; running; runs down; wanders; was discoursing; was flowing
discorso	considered; courses; discourse; reasoning; run; speech
discortesa	discourteous
discortese	discourteous
discortesia	discourtesy
discostare	moving away
discosto	away; distant; far; far away
discrescere	diminishes
discretamente	discreetly
discreto	discreet; prudent; trustworthy
discrezion	discretion
discrivere	describing
discuoiare	unwraps
discuoprare	be uncovered; reveal
discuoprio	reveals
disdegnare	disdains
disdegno	scorn
disdegnoso	scornful
disdire	denied; to contradict himself
disegnare	aimed; aims at; decreed; depicts; describes; designed; designs; drawing; draws; he designed; intends; planned; planning; plans; plotted; sentenced; they were designing; was planning
disegno	I depict; design; designs; had planned; intention; plan; plans
diseguale	unequal
diseguare	unequal
diserrere	unleashes
disfamere	unsatisfy
disfare	defeated; defeats; destroyed; to destroy; undone
disfatta	defeated; destroyed
disfatto	defeated; undone
disfecere	destroyed; undid
disfidare	challenged; to challenge
disfiderare	challenged
disfogare	to vent
disgiungere	parted; separated
disgiunto	separated
disgravare	relieved
disgrazia	disfavor; misfortune
disia	desires
disian	they desire
disiando	desiring
disiare	desiring; longing
disiato	desired; longed-for
disiavare	desired
disii	desires
disio	desire; desires; wishes
disioso	desired; desirous
disipare	dissipated; dissipates
disipato	dissipated
disir	desire
disira	desire
disire	desire
disiro	desires
dislacciare	unlaced; unlaces
disleal	disloyal; faithless
disleale	disloyal
disluggare	distances
dismontare	dismounted; dismounting; to dismount
disnodare	to untie
disnor	dishonor
disnore	dishonor
disonestare	dishonest; dishonorable
disoneste	dishonest; dishonorable
disonesto	dishonest; dishonorable
disonor	dishonor
disonore	dishonor
disordinare	disorders
disordinato	disordered
disordine	disorder
dispare	disappears; separates
dispari	unequal
disparire	disappears; unequal
disparta	aside
disparviare	disappeared
dispendere	discharges
dispendio	expense
dispensa	devotes; dispenses; is spent; provision; pursues; spends
dispensare	dispensing; distributed
dispenso	may you spend; spends; you distribute
disperare	despair; despairs; to despair
disperato	desperate
disperazion	despair; desperation
disperazione	desperation
disperdere	scattered
dispergere	may scatter
dispetto	affront; annoyance; despite; resentment; spite
dispettoso	spiteful
dispiacere	displeased; displeases; displeasure; is sorry; may displease; may it displease
dispiacevol	disagreeable; displeasing; unpleasant
dispiccare	detached; detaches; to detach; unhooks
dispietato	merciless; pitiless
displicenza	displeasure
dispogliare	stripped; to strip; to strip off
dispogliato	undressed
disporre	I resolved; arranged; arranges; decided; decides; determined; dispose; dispose of; disposed; disposes; inclined; intended; intends; may dispose; prepares; ready; resolved; resolves; set; set (himself) to; set out; to arrange; to dispose; to dispose of; to settle; well-proportioned
disposto	disposed; inclined; resolved
dispregiare	despising
dispregio	contempt
disprezzare	despise; despised; despises
dispùta	disputes
diss'	said
disseglire	and told him
Dissel	said it
disserrare	releases; unleashes; unleashes himself; unleashes itself
disserre	unlock
dissimil	dissimilar
dissimile	dissimilar
dissimulare	concealing; dissimulated; dissimulating
dissonere	they said
dissuada	dissuades
distaccare	detaches; to detach; to separate
distante	distant
distanza	distance; distances
distempre	unhinges
distendere	extends; spreads; stretched out; stretches; stretching out; will stretch out
distesa	spread; spread out; stretched out
disteso	stretched out
distinguere	I will distinguish; distinguished
distinto	adorned; distinct; distinguished; divided; separated
distogliere	diverted
distolgere	may turn away
distornare	diverted; to divert
distornato	diverted
distornere	turn away
distorre	twisted
distrarree	spent
distratto	distracted
distretto	confinement; distress; district
districare	free
distruggere	destroyed; destroying; destroys; to destroy; will destroy
distruggo	destroy
distruzion	destruction
disturbare	disrupts; disturb; disturbing; to disrupt; to disturb
disturbo	hindrance
disuase	dissuaded
disugual	uneven
disuguale	unequal
disusato	unused
disvantaggio	disadvantage
ditemere	Tell me; Tell me it
dito	finger; fingers
ditta	dictates
dittare	dittany
ditto	said
diurno	daylight; diurnal
diva	divine; goddess; goddesses
divampare	blazes up
dive	gods
divegnare	becomes
divenire	I became; became; become; we became
diventare	became; become; becomes
diver	different; diverse; various
divere	different; diverse; various
diverriare	would become
diversamente	differently
diverso	different; various
divideo	was dividing
dividere	divided; divides; explains; separated; split; splits; to divide; to split
divienare	becomes
divieto	prohibition
divin	divine
divinare	divining
divino	divine
divisa	device; divided; divides; livery
divisamente	separately
diviso	divided
divo	deified; gods
divorare	devours; to devour
divorire	devour
divorzio	separation
divotamente	devoutly
divoto	devout
divozione	devotion
divulgare	made known
divulgollo	spread it
Dobada	Dobada
doble	doubloons
doccia	stream
dodici	twelve
dofere	defend
doglia	grief; grieve; labors; pain; pains; sorrow
dogliare	I complain; I grieve; I lament; aches; grief; grieve; grieves; lament; may ache; may grieve; may hurt; may it grieve
dogliere	would grieve
dogliutare	lamented
dolce	Sweet; sweet; sweeter
dolcemente	gently; sweetly
dolcezza	sweetness
dolente	grieving; mournful; mourning; sorrowful; suffering
dolere	complained; complains; grieved; grieves; hurts; it grieved; lament; lamented; laments; to complain; to grieve; to hurt; to suffer; was complaining; was grieving; was hurting; was lamenting; were grieving
dolermare	to complain
dolermo	to complain about; to complain about myself
dolersa	to complain
dolerso	to complain
dolerto	to complain about yourself
dolo	fraud
dolor	grief; pain; sorrow; sorrows
dolore	grief; pain; sorrow
doloroso	mournful; painful
doluto	lamented
doma	tamed; tames
doman	tomorrow
domana	tomorrow
domanda	ask; asks; asks for; question; questions; request; requests
domandare	I ask; I asked; ask; ask for; asked; asking; asks; they ask; they asked; to ask; to ask for; was asking for; will ask; will ask for; you ask
domandator	asker
domando	asks for
domani	tomorrow
domare	tamed; to tame
domatore	tamer
dome	subdued; subdues
domere	must
domestico	familiar; household
dominare	ruled; to rule
domìne	domains
domini	domains
dominio	domain; dominion
domìno	dominion
Domiziano	Domitian
dommere	We gave
don	gift
donare	gave; give; given; gives; giving; might give; to give; to give me; will give
donato	given
donda	whence
donde	from where; whence; where
dondo	whence
done	gifts; give; gives
donna	Ladies; Lady; Women; ladies; lady; wife; wives; woman; women
donno	lord; master
dono	I give; I grant; as a gift; gift; give (as a gift); give as a gift
donollo	gave it
donzella	damsel; girl; maiden; maidens; young ladies; young lady; young woman
donzellare	maiden
Donzelle	maidens
donzello	squire; young men; young noblemen
dopo	After; after; afterward; afterwards; behind; later
doppiere	torches
doppio	double
dor	of; of the backs; they sleep
Doralice	Doralice; Doralice (proper name); Doralice's
dorato	gilded; golden
Dorchin	Dorchin
Dordona	Dordogne; Dordona; of Dordona
Dordreche	Dordreche
Doria	Doria; Doria (Andrea Doria, the Genoese admiral)
Doriconte	Doriconte
Dorifebo	of Dorifebus
Dorilon	Dorilon
dormare	may sleep; sleeps
dormia	slept; was sleeping
dormiare	they were sleeping; were sleeping
dormio	was sleeping
dormire	sleep; sleeping; sleeps; slept; they sleep; to sleep; was sleeping
dorrare	will regret
dorre	I will complain; will hurt; will mourn
dorrire	would lament
Dorsezia	of Dorset
dorso	back
Dossi	Dossi
dosso	back; backs; ridge
dotare	endowed
dotato	endowed
dote	as a dowry; dowry
dotta	fear
dotto	expert; instructed; learned; skilled; skillful
dottore	doctor; doctor's
dottrina	doctrine
dove	Where; where; whereas
dovean	had to be
doveanmi	should have been to me
doveano	had to; should have been; were to be
dovere	I had to; due; duty; give; had to; had to be; had to be born; had to come forth; had to fear; had to pass; have to; having to; he had to; is owed; may give; must; must (subjunctive); must I; must have been; of the; ought; ought not; ought to; owe; owed; owes; should; should (do); should (have to); should (himself); should be; should have; should have been; should have had; should have to; should not have; they had to; they would have to; to do; to have to; was to; was to be; we must; were due; were to resound; will have to; will regret; would have to; you had to; you must; you must (be)
dovessere	should be
dovrìa	would have to
dovrianone	would have to
dovrimere	would have to
dovunque	wherever
dovuto	due
draco	dragon
drago	dragon; dragons
dragon	dragon
Dragontina	Dragontina
dramma	bit; dram
drapel	group
drappel	band; company; group; troop
drappello	band; group; small group; squad; troop
drappo	cloth; cloths; fabrics
Dresino	the man from Dresino
drigere	right; straight
dritta	direct; right; straight
drittamente	directly
dritto	direct; right; straight
drizzare	aims; directed; directs; guides; headed; rises; steers; straightens up; they directed themselves; to direct; to erect; to steer; turned; turns
drizzaro	they directed
Drizzati	having directed
drudo	lover
Druenza	Druenza
Drusilla	Drusilla
dua	two
duamila	two thousand
dubbio	doubt; doubtful
dubbioso	doubtful; hesitant
dubio	doubtful
dubitare	I doubt; doubt; doubted; doubted (subjunctive); doubting; doubts; fear; hesitates; to doubt; would doubt
duca	Duke; duke
ducal	ducal
ducato	ducats; duchy
duce	dukes; guide; leader; leaders
ducento	two hundred
duchea	duchy
Dudon	Dudon
Dudone	Dudon; Dudon's
Dudrinasso	Dudrinasso
due	Two; two
dugento	two hundred
dui	these two; two
Dulfin	Dulfin
dunque	Therefore; then; therefore
duo	complains; grieves; it grieves; laments; mourns; two
duodecimo	twelfth
duol	grief; grieves; it grieves; pain
duole	sorrows
duollare	he grieves; he laments
duollo	grief
Duolmi	I grieve
duolmo	I grieve
duolo	grief; mourning; sorrow
Duolsi	laments
duolso	grieves
duomilare	two thousand
durare	harsh; lasted; lasting; lasts; should last; to endure; to last; will last; would last
durerire	would last
durezza	hardness
Durindana	Durindana; Durindana (Orlando's legendary sword); Durindana (Orlando's sword); Durindana (Orlando's sword, also known as Durendal); Durindana (a legendary sword); Durindana (the name of Orlando's sword); Durindana (the name of a legendary sword); Durindana (the name of a sword); Durindana (the name of the sword); Durindana (the sword Durendal); Durindana (the sword of Orlando/Roland); Durindana (the sword)
durire	last; may last
duro	firm; hard; harder; hardest; harsh; lasts; remains; stubborn; you persist
durre	learned
dwsiare	desired
dwstare	awakening; they awoke; to awaken; to wake up
e	And; and; that
ebbelo	had it
ebbere	had; they had
ebbile	I had it
ebbon	They had; they had
ebbro	drunk
Eborace	York; of York
Ebrei	Hebrews
ebreo	Hebrew
ebro	drunk
Ebuda	Ebuda; Ebuda (a legendary island); Ebuda (an island)
ebule	dwarfs
eccedere	exceeded; exceeds; surpasses
eccellente	excellent
eccellenza	excellence; excellences
eccellere	exalted
eccelso	exalted; lofty
eccesso	excess; excesses
eccetere	there is
eccettare	except
eccetto	Except; except
Ecci	There is
eccidio	massacre
eccitare	to incite
ecclesiastico	ecclesiastical; ecclesiastics
ecclisse	eclipse
ecco	Behold; Echo; Here; Here is; behold; here; here is; here/behold
eccolare	here he is
eccolo	here he is
eccotire	Here you are
eccovi	here you are
eccoviare	Here are; Here is; Here you are; Here you have
Ecuba	Hecuba
edera	ivy
edere	ivy
edero	ivy
edificare	builds; built; to build
edificio	building
editto	edicts
effeminato	effeminate
effetto	deed; deeds; effect; effects; in effect; in fact; outcome; purpose
efficace	effective
egeo	Aegean
eggregio	distinguished
Egisto	Aegisthus
Egitto	Egypt
egli	He; he
egra	sick
egregio	distinguished; excellent; outstanding
egrego	distinguished; excellent
egro	sick
egroto	sick
eguale	equal
el	he
Elbanio	Elban; Elbanio; Elbanio (a proper name); Elbanio (proper name); Elbanius; of Elbanius
elefante	elephants
elegante	elegant
eleggere	I chose; choice; choose; chooses; chose; chosen; elected; had chosen; may choose; to choose; would choose; would have chosen
elegia	elegies
eleisonne	have had eleison
elemento	elements
elemosina	alms
elena	Helen
elera	ivy
eletto	chosen; chosen ones
elettro	amber
Eleusina	Eleusinian
elezion	election
Elia	Elijah
Elicona	Helicon
Elicone	Helicon
Elio	Helius
Elissa	Elissa
Elissabetta	Elizabeth
ella	She; it; of her; she
elle	They; that she; they; they (feminine)
elleggiare	let one choose
ellesso	chose
elletto	chosen
ello	it; she
elmetto	helmet; helmets
elmo	helmet; helmets
eloquente	eloquent
eloquenza	eloquence
elsa	hilt; hilts
Elvezio	Helvetian; Swiss; the Helvetian
emenda	amendment; emends
emendare	correcting; made amends for; to correct
emendere	amendment; amends; might amend; to amend
emergere	emerged; emerges
Emilia	Emilia
eminente	eminent; high; lofty; prominent; towering
emisperio	hemisphere
emispero	hemisphere
empere	filled
empia	filled; impious
empiendo	filling
empieno	filled
empierannere	will fill with them
empiere	filling
empiettere	filled
empio	cruel; fills; impious; implious; wicked
empion	fill
empire	to fill
empissenere	he filled
empo	wicked
emporre	filled
emulazion	emulation
emulo	emulator; rival
emungare	drains
emungere	drained; was wiped away
emunto	drained
Encelado	Enceladus
Endimion	Endymion
Enea	Aeneas
Enoch	Enoch
enorme	enormous; huge
Enrichi	Henrys
Enrico	Henry
Enrigo	Henry
entrambi	both
entrare	Entered; enter; entered; entering; enters; may enter; they entered; they might enter; to enter; would enter
entrarre	to enter into it
entrata	entrance; entry
entre	enter; enters
entro	I enter; enter; inside; within
eoi	eastern
Eolo	Aeolus
epe	bellies
epigramma	epigram
equale	As; Like; Such; What; as; like; such as; what
equestre	equestrian
equino	of horses
Eraclio	Heraclius
eragliare	It was to him
eran	were
erane	he was
eravamere	were
eravare	were
eravere	there was
erba	grass; grasses; herb; herbs
erbetta	grasses; herbs; little herbs
Erbia	Erbia
erbosa	grassy
erboso	grassy
Ercol	Hercules; of Hercules
Ercole	Hercules
Ercule	Hercules
Erculea	Herculean; Herculian
erculeo	Herculean
Erculi	Herculeses
erede	heir
ereditario	hereditary
Erelia	of Erélia
eremita	hermit
eremito	hermit
eremo	hermitage
eressere	erected
eretto	erected
ergare	raises it
Erifilla	Eriphyle
Erimanto	Erymanthus
Eritrei	Eritreans; Erythraean
eritro	Erythraean
erma	deserted; lonely
Ermante	Ermant; Ermante
ermo	Ermus; Hermus; lonely; solitary; uninhabited
Ermofilo	Hermophilus
Ermonide	Ermonide; Ermonides; Hermonides
Erode	Herod
eroe	heroes
eroico	heroic
eron	were
erra	wanders
errabondo	wandering
errando	wandering
errante	errant; wandering
errare	had erred; they will wander; to err; to wander; wandering; was wandering
errato	erred
erroneo	mistaken
errore	deception; error; errors; mistake; mistakes; sin; venture; wandering
erta	slope; steep; steep slope
Erto	steep
esalare	exhales; to evaporate; to exhale
esalato	exhaled
esale	breathes out
esaltare	exalt; exalted; exalting; praising; to exalt
esaltazion	exaltation
esaltazione	exaltation
esaminare	examination
esamine	examinations
esanguo	bloodless
esaudire	may be granted
esaudito	granted
esausto	exhausted
esbon	had; they had
escedere	excluded; excuse; excused
escludere	Excluded; excluded; expelled; to exclude; was excluded
escluso	excluded
escon	come out; they go out
escorre	exit; go out
escusa	excuse; excuses
escusabil	excusable
escusare	excused; to excuse
escuse	excuses
escuso	excuse
esecrabile	execrable
eseguire	to carry out
esempio	example; examples
esemple	examples
esemplo	example
Esenia	of Essex
esente	exempt; free
esequie	funeral rites
esequir	to execute
esequire	to carry out; to execute
esequito	carried out
esercitare	exercised
esercito	armies; army
esilio	exile
eslere	are accustomed
Esopo	Aesop
esortare	exhorts
esorto	I exhort; exhorts
espedire	cleared; departed; disentangled; dispatched; expedite; expedited; ready; to clear; to dispatch; to free; to get through; would expedite
espedito	expedited; expeditious; ready; swift
espedizione	expedition
Esperia	Hesperia
Esperide	Hesperides
esperienza	experience; experiences
esperimento	demonstration; experiment; test
esperio	Hesperia
espero	western
esperto	experienced; expert; skilled
esplicare	explain; to explain to myself
esplìmere	explain
esporre	I set forth; explained; explains; exposed; exposes; revealed; to explain; while exposing
esporvere	to expose you
espose	explained
espressamente	expressly
espresso	explicit; expressed
esprimere	clear; express; expressed; expresses; expressly; out-and-out; overt; shown; to express
espugnabile	impregnable
espugnare	conquer; to conquer; will conquer
essa	her; it; of it; she
esse	They
essequito	carried out
essere	Be; Being; I am; I had been; I have been; I was; I were; I will be; Is; It is; It was; They are; They were; alone; although; although it is; am; and; and be; are; be; be (2nd person plural subjunctive present of essere); be (subjunctive present plural); be (subjunctive present, 2nd person singular); be (subjunctive present, third person plural); be (subjunctive present, third person singular of 'essere'); be (subjunctive present, third person singular); be (subjunctive); be it; been; being; did; ditches; do; either; erred; errs; ever was; guilty; had; had (it) proclaimed; had arrived; had been; had come; had fallen; had given themselves; had gone; had lasted; had passed; had placed themselves; had placed yourself; had seemed; has; has been; has gone; have; have been; have gone; having been; he had; he had advised himself; he was; his; how; is; is (subjunctive present of essere); is (subjunctive present of essere, used in impersonal constructions); is (subjunctive); is accustomed; is accustomed to; it; it is; it was; it were; knew; knew how to; know; let him be; made; may; may I be; may be; may have; may have been; may have gone; may it be; may it be to me; may stay; may they be; might be; of whom; only; she was; six; state; stay; still; sun; that; that I; that he was; the; there; there are; there be; there was; there were; they are; they had; they had been; they have been; they may be; they were; they will have gone; to be; to be of it; to be to you; to have been; trenches; wandered; wanders; was; was named; we heard; we were; we will be; wealth; were; were (subjunctive); were going; where; whether; whether it be; whether it were; will be; will have; will remain; will stay; with her; with him; would be; would have; would have been; would have descended; you are; you drink; you were
essi	They; of them; them; they
esso	He; he; him; him/it; himself; it; of him; of it; of them; them; they; with
estate	summer
Este	Este; of Este
estendere	extended; extends
Estensi	Este family
esteriore	external
esterno	external; foreign
esterrefatta	terrified
estima	esteem; esteems; values
estimadere	he estimated
estimare	considered; esteemed; esteems; estimates; he considers; judges; supposes
estimo	I deem; I think; counts; esteem
estinguere	dead; extinct; extinguish; extinguished; extinguishes; to extinguish
estinto	dead; extinct; extinguished; killed
estivo	summer
estolla	raises him up
estollere	raises
estrana	foreign
estrano	foreign; strange
estrare	foreign
estremitade	extremity
estremo	extreme; farthest; final; last; outermost; utmost
estro	ardor
estullire	raises; raises itself
esule	exiles
et	and
età	age; life
etade	age
etata	age
Etearco	Etearco
etere	eternal
etereo	ethereal
eternamente	eternally
eterno	eternal; eternally
Etiope	Ethiopian
Etiopi	Ethiopians
Etiopia	Ethiopia
etiopo	Ethiopian
Etnea	Aetnaean
Eto	Eto
Etolia	Aetolia
etra	sky
Etrusci	Etruscans
Ettino	of Ettino
Ettor	Hector; Hector's; of Hector
Ettorre	Hector; Hector's; of Hector
Euristeo	Eurystheus
Europa	Europe
Eusino	Euxine
Eutar	Eutar
Eva	Eve
Evadne	Evadne
Evangeli	Gospels
evangelio	Gospel; gospel
evangelista	evangelist
evangelistare	evangelist
evangelo	gospel
evidente	evident
Eviza	Ibiza
Ezellin	Ezzelino
Ezellino	Ezzelino
Ezzellin	Ezzelino
fabbro	blacksmith
fabrica	building; construction
fabricare	made
fabrico	builds
Fabrizio	Fabrizio
fabula	tale
fabuloso	fabled; fabulous
faccia	appearance; does; face; faces; may do; may make; page; side
Facciàn	Let us do
facciare	let him come forward
face	I did; I made; made; made (yourself); torch; you might make
facea	he/she was doing; made
Faceal	made
facean	made; they were making
facella	little torch; torch; torches
facendolere	doing it
facessere	made
facil	easier; easily; easy
facile	easily; easy
facilere	easy
facilità	ease
facilmente	easily
facondia	eloquence
facondo	eloquent
facultà	wealth
facultada	means; wealth
facundia	eloquence
faenza	Faenza
faggio	beech; beech trees; beeches
fagiano	pheasants
falange	phalanx
falanteo	Phalanto
Falanto	Falanto; Phalantus
falarica	firebrands
falcato	sickle-shaped
falce	scythe; sickle
falcio	scythes
falco	falcon
falcon	Falcon; falcon
falcone	falcon
falda	edge; flake; shield
falde	plates
faldiglia	farthingale
Falerina	Falerina
falla	do it; fails; misses
fallace	deceitful; deceptive
fallacia	deceit
fallare	fail
fallastare	failed
fallimento	failure
fallir	failing; fault; mistake
fallire	fail; failed; failing; my fault; to fail
Fallitogli	having failed him
fallo	I err; crime; deed; error; fault; in error; in vain; miss; mistake; sin; without fail; wrongdoing
falsare	counterfeit; to pierce
Falsiron	Falsiron; Falsiron (a proper name)
Falsirone	Falsirone
falsitada	falsity
falso	false; falsehood; most false; treacherous; unjust
fama	Fame; fame; renown; report; reputation
Famagosta	Famagusta
fame	hunger; of his servants
famelice	ravenous
famelico	ravenous
famiglia	families; family; household
famiglio	servant; servants
famoso	famous
fan	They make; as; do; give; make; make themselves; they do; they make
fanciul	boy
fanciulla	girl; maiden
fanciullo	boy; boys; child; childhood; children
fango	mud
fangoso	muddy
fannoso	they make themselves
fanso	They make; they make themselves
fantasia	fantasies; imagination
fantasma	ghost
fantastico	imaginary
fante	foot soldier; foot soldiers; infantry; infantryman; infantrymen; servant
fanteria	infantry
Faraone	Pharaoh
fare	Having made; He/She does; He/She makes; I did; I do; I had; I made; I will do; I will do it; I will make; I would do; Make; They make; appearance; are; became; become; becomes; carried; caused; deed; deeds; did; did (it); did it; did make; do; do (imperative); do (you all) make; do (you) make of it; do it; does; doing; doing (of it); done; eloquent; error; face; fairies; falsify; fate; fates; fault; firm; had; had (himself) placed; had (something) put on; had committed; had done; had made; has; has done; have effect; have made; having approached; having caused to be raised; having done; having made; he made; he would do; her; his; is made; issued; it; it is lacking; let (he/she/it) do; let us do; made; made (himself); made himself; made of it; make; make me; make you; make yourself; makes; making; may do; may it do; may make; may they make; might make; my staying; of it to you; of so great; of the; of them; page; signal; speaks; strikes; struck; that; they did; they do; they made; they make; they may do; they were making; they will make; they would do; to commit; to do; to do to me; to do with it; to have (something) done; to him; to make; to make her; to make him; to make himself; to make of it; to make oneself; to make you; to make yourself; to show; took; torch; was; was becoming; was being held; was being made; was doing; was made; was making; we made; we make; we were; we will make; were doing; were making; will be; will do; will make; will make himself; will make themselves; will we do; would be held; would do; would have made; would make; would they do; wounded; wounds; wrongdoing; you do; you made; you make; you will do; you will make
faretra	quiver
Farfarello	a devil's name
fargle	to make him
faria	would cause to be born; would do; would make
fariano	would do
farma	to make me
farmo	to make me
farna	of them; to make of it
Farnese	Farnese
Faro	Lighthouse
farollo	I will make it
farsa	farces; to be done
farsetto	doublet
farso	to become; to do
Farurante	Farurante; Ferragut
fascia	band; binds; surrounds; swaddling clothes; wraps
fascina	bundles of sticks
fasso	becomes; is made; makes for himself; thrusts himself forward
fastel	bundle
fastello	bundles
fastidio	annoyance
fastidire	to annoy
fastidito	annoyed
fasto	ostentation; pomp
fastoso	proud
fata	Fairy; fairy
fatagion	spell
fatal	fatal; fateful
fatale	fatal
fatare	enchanted
fatato	enchanted
fatica	burden; difficulty; effort; fatigue; labors; toil; with difficulty
faticoso	arduous
fato	fate; fates
fatta	done; had made; made
fattare	having made for herself; made to me
fattezza	features
fatto	completely; deed; deeds; did; done; fact; had made; in fact; made; the fact
fattol	made him
fattola	and made her
fattolare	and caused her
fattone	made of it
Fattor	Maker
fattore	Maker; having done; having made
fattosel	made it fall
fattosi	having made himself
fattura	creation; spell
fauco	throat
fauno	faun
Fausto	Fausto; Faustus
fautor	supporters
fautrice	supporter
favella	speaks; speech
favellare	you speak
favello	I speak; speak
Favenza	Faenza
favilla	sparks
favola	tale
Favonio	Favonius
favor	aid; favor; in favor of
favore	favor; favors
favorevole	favorable
favorire	may favor; to favor
favorita	favored
fé	did; faith; made; would make
fe'	did; faith; had; made
febbre	fever
febeo	of Phoebus
Febo	Phoebus
febra	fever
feccia	dregs
feccio	made
fecelare	made her
fecere	made
fecion	made; they did
fecondare	fertile
fecondo	fertile; fruitful
fed	faithful
fede	belief; faith; faithfulness; loyalty; protection; trust
fedel	faithful; faithful one; loyal
fedele	faithful; loyal; the faithful
fedelmente	faithfully
fedeltà	faithfulness; loyalty
Federico	Federico; Frederick
Federigo	Federigo
Fedro	Phaedrus
fege	made
feggiare	strikes
fegnere	made
felice	Happy; favorable; fortunate; happy
felicità	happiness
féllo	cruel; she did it; treacherous; wicked
fellon	traitor; treacherous; villain; wicked one
fellone	traitor; treacherous; villain; villainous
fellonia	treachery
Felsina	Bologna; Felsina
feltro	felt
femina	female; feminine; woman; women
femine	women
feminella	little woman
femineo	female; feminine; womanly
feminil	feminine
feminile	female; feminine
femino	female; woman
femmina	female
fen	made
fenda	split
fende	split
fendente	slash
fender	splitting; to split
fendere	cleaves; split; splits; splitting; to split
fene	made
fenice	phoenix
Fenicia	Phoenicia
fenile	haylofts
fennere	made
fenno	did; made; they made
feo	did
fer	did; hit; made; stand
fera	beast; strikes; wild animal; wild animals; wild beast; wild beasts; wounds
fere	became; did; did make; had; made; made themselves; strike; strikes; was made; wild beasts; wounds
ferètro	bier
ferìa	struck; was striking; would strike
ferìare	they struck; was striking; would strike; would wound
Feril	him/it
ferìo	struck
ferire	striking; struck; to strike; to wound; wounded; wounding; wounds
ferita	wounds
ferito	wound; wounded
feritor	the wounded one
feritore	wounder
ferivare	struck
fermadere	she stops; to stop
fermarare	will stop
fermare	Stop; firm; fixed; fixing; placed; settle; stop; stopped; stopping; stops; to establish; to stop; to stop yourself; will stop
fermaro	they placed
fermarvise	to stop there
fermasso	you stopped
fermezza	firmness; steadfastness
fermiare	stop
fermo	determined; firm; fixed; mainland; steady; still; stop
fermollare	stopped them
Fermossi	stopped
fermosso	stopped
fero	Fierce; brought; did; fierce; made; strikes; they called; they made; wild beast; wounds
feroce	fierce
ferocità	ferocity
feron	They made; made; they made
feronare	became
Ferrante	Ferdinand; Ferrante
Ferrara	Ferrara
Ferrarese	Ferrarese
ferrata	iron
ferrato	iron-clad; iron-plated; iron-tipped; shod
Ferraù	Ferragut; Ferraguto; Ferrau; Ferraù; Ferraù (proper name)
Ferrauto	Ferraut
ferrigno	iron
ferro	anchors; blade; iron; iron (sword); iron (weapon); iron weapons; irons; sword; swords; weapons
Ferruffin	Ferruffin
Fersa	of Fersa
ferso	inflicted; made; made themselves; they made themselves; were made
fertile	most fertile
fervide	ardent; fervent
fervido	fervent
fêssa	made
fessare	split
fêssire	had made; made
fesso	crack; cracked; slit; split
fessonere	became
festa	celebration; celebrations; feast; feasts; festival; festivity; made; you made
festeggiare	celebrating
festere	you did
festuca	speck
fetean	stank
fetido	fetid; stinking
fetore	stench
Feza	Fez
fi	him; his; if; made; may be; of it; of which; the; them; there; they; which; will be
fia	has been; may be; will be; would be
fiacca	weak
fiaccare	broke; shattered; to break
fiacco	breaks; weak
fiacola	torches
Fiaminghi	Flemish people
fiamma	flame; flames
fiammeggiare	to blaze
fiammella	little flame
Fiammetta	Fiammetta; Fiammetta (a woman's name); Fiammetta (proper name, female given name)
fian	are to him; will be
fianco	flank; flanks; hip; hips; side; sides
Fiandra	Flanders
fiare	end; him; is; may be; of the; shall be; there; to him; will be; would be
fiasco	flask; flasks
fiata	time; times
fiato	breath; times
fibbia	buckle
fibra	fibers
ficcare	sinks; sticks; thrusts
fidare	I trust; faithful; loyal; safe; to trust; trusted; trusting; trusts; trustworthy
fide	faithful; trusted
Fidia	Phidias
fido	faithful; loyal; most faithful
fiede	strikes
fien	will be
fieno	hay; will be
fier	fierce; proud
fiera	fierce; proud; strikes; wild; wild animal; wild animals; wild beast; wild beasts; wounds
Fieramonte	Fieramonte
fiere	fierce
fierezza	fierceness; pride
fiero	fierce; fiercer; proud; wild
Figarolo	Figarolo
figere	pierces
figge	plants
figlia	daughter; daughters
figliare	to give birth
figlio	Son; children; daughter; son; sons
figliolino	little children
figliuol	son
figliuola	daughter
figliuole	children; sons
figliuolo	Son; son
figmento	figment
figura	appearance; figure; figures; shape
figurare	depicted; he depicts; showed
fil	edge; edge (as in the edge of a blade); string; thread
fila	spins; threads
Filandro	Filander; Filandro; Philander
filare	spin
filial	filial
Filippo	Philip
Filistei	Philistines
Fillide	Phyllis
filo	line; thread; threads
Filomena	Philomela
filosofo	philosophers
filza	hanks (of yarn); strings
Finadur	Finadur
Finadurro	Finadurro
finalmente	Finally; finally
fine	at; at last; at the end; bitter; end; even; finally; fine; fine (quality); finest; outcome; to; until; very fine
Fineo	Phineus
finestra	window; windows
finezza	fineness; refinement
finger	depict
fingere	I pretend; feigned; feigning; feigns; imagines; pretend; pretended; pretending; pretends; to feign; to pretend
finiare	were finishing
finio	ended
finire	Finished; I will finish; end; ended; ends; finish; finished; finishes; let us finish; may end; to end; to finish; will end; would end; would finish; would have finished
fino	Until; as far as; as long as; at last; at the end; end; ended; even; finally; fine; finest; in the end; quickly; the end; they are; to; to here / so far; to the end; until; up to; up to now; very fine
finocco	fennels
finta	feigned
finto	feigned; pretended
finzion	feigning; fiction; fictions; pretense
finzione	fictions; pretense
fio	fee; payment; penalty; price; toll; will be
fioccare	hails down
fiocco	tufts
fioco	faint
fior	flower
Fiordaligi	lilies; the Lily
fiordaligo	fleur-de-lis
Fiordi	Fiordiligi (a proper name, shortened form)
Fiordiligi	Fiordiligi; Fiordiligi (a female proper name); Fiordiligi (proper name)
Fiordispina	Fiordispina; of Fiordispina
fiore	flower; flowers
fiorentin	Florentine
Fiorentini	Florentines
Fiorenza	Florence
fioriare	was flowering
fiorir	blooming
fiorire	flourish; flourishes; flowering; to blossom; was flourishing
fiorita	blooming
fiorito	flourishing; flowery
fiorivano	were flourishing
fisa	fixed
fischiare	whistling
fisiterio	sperm whales
fiso	fixed; fixedly; intently
fissa	fixed
fissamente	fixedly
fissare	fixed
fisso	fixed; pierced; set
Fiton	Python
fitto	buried; firmly embedded; fixed; pierced; stuck; thick
fiumana	river; stream
fiume	river; rivers
fiumicel	little river
fiutare	sniffing
Fizan	Fizan
Fizano	of Fizan
flagella	lashes
flagellare	flagellates; lashes; scourges; torments
flagello	scourge
Flaminio	Flaminio
flavo	yellow
flebil	plaintive; tearful; weeping
flesso	bent
flessuoso	flexuous
Flisco	Fieschi
Flora	Flora
Florian	Florian
flusso	flow; flowed
flutto	wave; waves
fo	I make; do; make
foca	seals
focaio	flint
foce	mouth; mouth (of a river); mouths
foco	fire; fires
focoso	fiery
fodero	sheath
fogge	fashions; styles
foggia	fashion; manner
foglia	leaf; leaves
foglio	page; sheet
Folco	Folco
fole	tales
folgore	lightning; thunderbolts
folla	foolish; mad
folle	foolish; mad; madly; madman
folletto	sprite
follia	madness
Follicon	Follicon
Follicone	Follicone
folto	dense; dense crowd; thick
Folvirante	Folvirante
Folvo	Folvo
fonda	slings
fondare	founded; to found
fondato	founded
fondere	founded; poured
fondo	bottom; depth; depths; pours
fontana	fountain; fountains
fonte	fountain; source; sources; spring; springs
for	except; were
fôra	It would be; pierces; would be; would have been
forare	pierced; they pierced; to pierce; were; would be; would have been
forato	pierced
Forbesse	Forbesse
forbire	to polish
forbito	polished
forca	gallows
force	scissors
forcuto	forked
fore	pierces; were
forere	outside
foresta	forest; forests
forestier	foreigner; foreigners
forestiere	foreigners
forestiero	foreign; foreigners
forma	form; forms; molds; shape; shapes
formare	form; formed; forming; forms; shaped; shapes; to form
formato	formed
formidabil	formidable
formidabile	formidable
formidato	feared
fornace	furnace
Fornaci	kilns
fornire	Completed; Having completed; completed; completes; equipped; furnished; supplied; to furnish; to provide
fôro	forum; pierce; they pierced; were; would be
forse	Perhaps; perhaps
forsennato	mad
forte	brave; courageous; firmly; greatly; hard; loudly; so; soundly; steadfast; strong; strongest; strongly; tightly; very strong
fortezza	fortitude; fortress; fortresses
fortificare	fortifying; to fortify
fortuìto	fortuitous
fortuna	Fortune; chance; fate; fortune; luck; storm
fortunato	fortunate
fortune	fortunes; misfortunes
forza	Force; by force; force; forces; necessary; necessity; power; strength; violence
forzare	forced
fosco	dark
fossa	ditch; grave; moat
fosser	were
fossere	had been; were
fossi	had been; were
fossiare	had been; was; were
fossimare	were
fossino	were
fosso	ditch; ditches; trenches; was
fossonere	were
fostare	were; you were
fosto	were; you were
fotere	we were
fovere	made
fra	Among; Between; amid; among; between; in; within
fra'	among
fracare	shatters
fracassa	shatters
fracassare	shatters; smashed; smashes; to smash
fracasso	clash; crash; shattering; wreckage
Fracastorio	Fracastoro
fraccassare	smashes; to smash
fraccasso	crash; smash
fragil	fragile
fragile	fragile
fragna	breaks
fragne	shatters
fragore	noise
fral	fragile
frale	fragile; frail
France	Frances
francesca	French; French (manner)
Franceschi	French; Frenchmen
Francesco	Francis; French
francese	Frenchman
Francesi	French
franchezza	freedom
Franchi	Franks; of the Franks
Francia	France
francioso	French
franco	Frankish; French; bold; courageous; frank; free; noble; the French
Francolin	Francolin
Franconia	Franconia
frangare	break
frangia	breaks; shatters; tears
Frangonsi	break
frasca	branch; branches; bush; foliage
frascato	huts; leafy branches
frasco	whistle
frassino	ash tree; ash trees
frata	brother; friar
frate	Brother; Friar; brothers; friars
fratel	brother
fratello	brother; brothers
frateo	brothers
frater	brother
fraternamente	brotherly
fraterno	brotherly; fraternal
fratesca	monastic
fraticel	little friar
fraude	Fraud; fraud
fraudo	frauds
fraudolente	deceitful; fraudulent
freccia	arrow
fredda	cold
freddo	cold
fregiare	adorned
fregiato	adorned
fregio	band; border; frieze; ornament; ornaments
freme	rages
fremer	to roar; to tremble
fremere	growls; rages; roaring; roars; shudders; to tremble; trembles
fremito	trembling
fremre	roar
fren	bridle; rein
frenare	reined in; restrains; to rein in; to restrain; was reining in
frenesia	frenzy; madness
freno	brake; bridle; rein; restraint
frequentare	frequented
frequente	frequent
fresco	cool; coolness; fresh; fresh air; recently; very fresh
fretta	haste; hurry
frettoloso	hasty; hurried
frettoso	hurried
frigide	cold
frigio	Phrygian
Frisa	Friesland; Frisia; Frisian
Friso	Phrixus
frison	Frisian
Frisone	Frisian
Frisoni	Frisians
frode	fraud; frauds
frodo	fraud
fromba	sling; slings
fronda	branches; foliage; fronds; leaf; leaves
frondo	leaves
frondosa	leafy
frondoso	leafy
Fronesia	Prudence
Frontalatte	Frontalatte
fronte	boldness; bow; brow; face; facing; forehead; front; in front of
Frontin	Frontin; Frontin (a horse's name); Frontin (proper name of a horse)
Frontino	Frontino; Frontino (a proper noun, the name of a horse); Frontino (the name of a horse); Frontino (the name of the horse)
fronzuto	leafy
frotta	crowd; crowds; groups; herd; in a crowd; troop; troops
fruire	enjoy; may enjoy; to enjoy
frusta	worn out
frutta	benefits; fruits
fruttifero	fruit-bearing; fruitful
frutto	benefit; fruit; fruits; result
fruttuoso	fruitful
fucil	flint
fucina	forge; forges
fue	was
fuga	escape; flight
fugace	fleeing; fleeting
fuggedere	escapes
Fuggesi	flees; he flees
fuggìano	they fled
fuggìare	fled; flees; they were fleeing; was fleeing; were fleeing; would flee
Fuggine	Flee (from it)!
fuggire	escaped; escapes; fled; flee; fleeing; flees; may flee; might flee; they were fleeing; they will flee; to flee; was fleeing
fuggiro	fled
fuggitivo	fleeting
fuggo	flee; they flee
fugire	fled; flee
fugitivo	fugitive
fugito	fled
fugliare	was to him
fugoso	eager to leave
fulgente	shining
fulgore	flash; splendor
Fulgosa	Shining
Fulgoso	Fulgoso
fulgur	lightning; lightning bolt
fulgura	lightning
fulgurare	flashing
fulminare	lightning; thundering; to strike with lightning
fulminato	struck by lightning
fulmine	lightning; lightning bolt; thunderbolt
fulmineo	lightning-like
fumare	smoke; smokes; to smoke
fummo	was commanded to me
fumo	smoke
fumoso	smoky
funa	rope
funèbre	funeral; funereal
funèbro	funereal
funeral	funeral
funesto	be afflicted; cursed; deadly; gloomy
fungo	mushroom
funnere	of it
funo	ropes
fuoco	fire; fires
fuor	out; out of; outside
fuora	out; outside
fuorare	Except; except; out; outside
fuore	Out; beyond; except; from outside; out; out of; outside; outside of
fuorere	beyond; except; out; out of; outside; outside of
fuori	out; outside
fuoro	outside
fur	were
fura	steals
furare	steals; to steal; were
fure	there were; were
furia	Fury; fury
furiare	was raging
furibondo	furious
Furie	Furies
furioso	furious
furire	raging
furo	Were; were
furonare	were
furondere	They were; were
Furor	Fury
furore	frenzy; furies; fury; rages
furtiva	secretive
furto	theft; thefts
Fusberta	Fusberta; Fusberta (the name of Rinaldo's sword); Fusberta (the name of the sword)
Fusco	Fusco
fuso	spindle
fussa	were I
fussere	were
fussonere	were
fusta	ships; vessel; were
fustare	were
fusto	pole
futur	future
futuro	future
gabbia	cage; crow's nest
Gabriel	Gabriel
Gabriele	Gabriel
Gabrina	Gabrina; Gabrina (a proper name)
Gade	Cádiz; Gades (Cadiz)
gagliarda	brave; vigorous
gagliardia	bravery; valor
gagliardo	brave; brave ones; mighty; strong; sturdy; valiant; vigorous
gai	gay; joyful
Gaibana	Gaibana
Galaciella	Galaciella
Galafron	Galafron; Galaphron's
Galafrone	Galafron's; Galafrone; Galaphron
Galasso	Galahad
Galatea	Galatea
galea	galley; galleys
galego	Galician
galeotto	galley slaves; helmsman
Galerana	Galerana
Galeso	Galesus
Galizia	Galicia
galla	apples
galleotto	galley slaves
Galli	Gauls
Gallia	Gaul
gallica	Gallic
Gallizia	Galicia
Gallo	Gaul; Gaulish
galoppa	gallops
galoppare	galloping; gallops
galoppo	gallop
Galvano	Gawain
gamba	leg; legs
Gambera	Gambera
Ganelon	Ganelon
Ganelone	Ganelon
Gange	Ganges
ganghero	hinges
Ganimede	Ganymede
ganimedio	catamites
Gano	Gano
gara	competition; quarrels; race; rivalry
Garamante	Garamante; Garamante (a person from Garama, a people of North Africa)
Garamanti	Garamantes
garbino	southwest wind
Garbo	of Garbo; style
Gardo	Gardo
Garigliano	Garigliano
Garonna	Garonne
garrire	to quarrel
garrulo	chattering
garzon	boy; young man; youth
garzone	boy; servant; youth; youths
gatta	cat
gatto	cat; cats
gaude	joys
gaudio	joy
Gauno	Gauno
gavazza	revels
Gazolo	of Gazolo
ge	and; of her; of the; the; who
Gebenna	Gebenna
gelata	frozen
gelide	icy
gelo	chill; frost
Gelosia	Jealousy; jealousy
geloso	jealous
geme	groans; moans
gemello	twins
gemere	groans; laments; moans
gemito	groans; moan
gemma	gem; jewel
gemmato	gem-studded; gemmed; jeweled
gemme	gems
gener	son-in-law
generare	born; gave birth to; gives birth to
genero	son-in-law
generoso	generous
Genevra	Geneva; Genevra; Genevra (a female given name, referring to a character)
geniale	marital; nuptial
genio	genius
genitale	genitals
genitor	father; parent
genitore	mother; parents
genocchia	knees
genocco	knees
Genovesi	Genoese
gente	lineage; of peoples; people; peoples
Gentil	Noble
gentile	gentle; kind; noble
gentilezza	courtesy; kindness; nobility
gentilomo	gentleman
gentiluomo	gentleman
Georgio	George
german	brother
Germani	Germans
germano	German; Germanus; brother; brothers
germe	germ
germogliare	to sprout
gesmine	jasmines
gesso	chalk
gesta	deeds
gesto	deed; deeds; gesture; gestures
getta	throws
Gettan	they throw; throw
gettare	casts; they throw; throws
getto	castings; throw; throws
Getulia	Getulia
ggi	you must
Gherardo	Gherardo
ghermito	seized
ghiacciato	frozen
ghiaccio	ice; ices
ghiara	gravel
ghibellino	Ghibelline
ghirlanda	garland; garlands; wreaths
ghiro	dormice; dormouse
gi	the
già	Already; already; ever; formerly; indeed; once; previously; was going; yet
giaccio	ice
giaccion	lie
Giacea	lay
giacer	to lie
giacere	ice; lain; lay; lie; lies; may lie; to lie; to lie down; will lie
giaciuto	lying
giallo	yellow; yellow ones
giamai	ever; never
giamaio	ever
giamare	ever
Gian	Gian; Giovanni
gìanare	were going
Gianbaron	Gianbaron
gianda	acorns
Giande	acorns
gianetto	horse
Gianni	John
Giaradada	Girardada
giardin	garden; gardens
giardino	garden; gardens
giave	holds
gielo	frost; ice
gigante	giant; giants
giganteo	gigantic
gigantessa	giantess
gigantesso	giantess
Gigli	Lilies; lilies
Gigliante	Giant
Giglio	Lily; lily
giglo	lilies
Ginami	Ginami
ginepre	juniper
ginepro	junipers
ginetto	jennet
Ginevra	Geneva; Genevieve; Genevra; Ginevra; Ginevra (a female given name, equivalent to Jennifer or Guinevere)
Gini	Gini
ginocchio	knee; knees
ginocco	knees
gio	young men
giocare	joyful; pleasant; was playing
gioco	fun; game; games; joke; play; trick
gioconda	joyful
giocondo	cheerful; joyful; pleasant
giogo	mountain pass; ridge; summit; yoke; yokes
gioia	jewels; joy; joys
gioioso	joyful
gioir	rejoicing
gioire	rejoices
gioirna	to rejoice in it
gioisso	might enjoy
giornata	day; day's journey; days; days' journeys
giorno	day; daylight; days; daytime
giostra	joust; jousts
giostrante	jouster; jousters
Giostrar	to joust
giostrare	joust; jousted; jousting; jousts; to joust
giostro	joust; jousts; you joust
giotto	joyful
giovan	young
giovane	young; young man; young people; young woman; young women
giovanetta	young girl
giovanezza	youth
Giovanni	John
giovare	avail; availing; avails; benefits; helped; helps; is beneficial; is of use; is pleasing; is useful; it benefits; it is pleasing; it was useful; to avail; to be of use; to be useful; to help; was of use; was useful; were useful
giovarte	be useful to you
giovato	benefited
Giove	Jove; Jove (Jupiter); Jupiter; be of use; may be useful
gioven	young; young man
giovene	young; young man; young men; young people; young woman; youth; youths
giovenere	young
giovenetto	young
giovenil	youthful
giovenile	youthful
gioventù	youth
giovere	be useful; benefits; helps; is beneficial; may benefit; may please
giovin	young man
giovine	young; young man; young men
giovinetto	young; young man; young men; youth; youthful
giovinezza	youth
gir	go; to go; to turn
gira	go; to go
girare	I will go; extends; go; sails; spins; to go; to spin; to turn; turn; turned; turning; turns; wandered; wandering; was turning; were going; winds
gire	to go
girella	rowel
girevole	winding
girifalco	gyrfalcon
girmene	to go away
giro	circle; circles; turn; turns
giron	circle
Girona	Girona
girone	district; encirclement
girosso	circled; he turned around
girsene	to go away
gìse	went
Gismonda	Gismonda
gìso	already
gisso	might go; went
gita	gone
gitare	gone
gito	gone
gitol	title
gitone	gone
gitta	throws
Gittar	to throw
gittare	cast; he threw; they threw; they throw; threw; throw; thrown; to cast; to throw
Gittaro	they threw
gittato	thrown
gittollo	threw him
giù	down; downward
giubbone	doublet
Giuda	Judas
Giudea	Judea
giudicare	judge; judge (imperative, second person plural); judged; judges; to judge
giudicaro	they judged
giudìce	judge; judges; judgments
giudicio	judgment
giudizio	judgment
giugal	marital; yoke
giugna	arrives; may arrive
giugnare	arrives
giugnere	arrived; to reach; would have reached
Giuliano	Julian
giumenta	mare
giunco	reed; reeds; rushes
Giungean	arrived; were arriving
giungere	Added; Arrived; Having arrived; They arrived; arrive; arrived; arrives; brought; having arrived; joined; joining; joins; may arrive; may reach; overtaken; reach; reached; reaches; they arrived; they met; to add; to arrive; to join; to reach; to reach me; was arriving; would arrive there
giungonare	arrive
giunsere	arrived
giunta	Arrived; arrival; arrived; at first encounter; encounter; joined
giunto	arrived
giuoca	plays
giuocare	plays; to play
giuoco	game; games; play; trick
giuovere	benefits
giupa	quilted jerkins
giura	swears
giuramento	oath; oaths
giurare	I swear; I swore; had sworn; swear; swearing; swears; swore; sworn; they swore; to swear; would swear
giurato	sworn
giuriare	you swear
giusare	down
giuso	below; down; downward
giustamente	justly; rightly
giustizia	justice
giusto	appropriate; exactly; fair; just; most just; right; righteous
giuvenca	heifer
Giva	was going; went
givare	was going; was grazing; went
givo	was going
Glauci	Glaucus
gleba	clods of earth; fields
gli	He; It; It is; The (masculine singular definite article used as a subject pronoun 'it' in impersonal construction); To him; for him; from him; he; her; him; him it; his; it; of him; on him; the; them; to her; to him; to him it; to him/her; to them
gliele	it to him; them to him; them to him/her
glielo	it to him
glieno	of it to him; to him of it
glil	her
glo	him; his; it (clitic, referring to the situation or the armor); of the; the; them; to her; to him; to the; to them
globo	globe; sphere
Glocestra	Glocestra; Gloucester
gloria	glories; glory
gloriare	gloried
glorioso	glorious
gna	Germany; bears; come (2nd person singular present subjunctive of venire, used here as 'you come'); nor; not; of him; of them; of whom; their; them (clitic pronoun); to them; worth; worthy
gne	worthy
gni	worthy
Gnido	Cnidos
go	to him
gobbo	humped
goccia	drop; drops
gocciolare	drop
Godea	was enjoying
godercile	to enjoy them
godere	He enjoys; enjoy; enjoyed; enjoying; enjoys; may enjoy; rejoice; rejoices; takes pleasure; they were enjoying; to enjoy; to enjoy yourself; was enjoying; was rejoicing; will enjoy
goderemoce	we will enjoy ourselves
godetto	enjoyed
Gofredo	Godfrey
goi	already; was going; went
gola	Gluttony; throat
golfo	gulf
gomona	hauser; hawser; hawsers
gonella	skirt
gonfalon	banner
gonfalone	banner; banners
gonfiangere	swell
gonfiare	inflated; swollen; to swell
gonfiato	swollen
gonfio	swollen
gonna	dress; garment; gown; skirt; skirts
gonnella	skirt; skirts
Gonzaga	Gonzaga; Gonzaga (a member of the Gonzaga family); Gonzaga (family name)
gora	stagnant water
gordiano	Gordian
gorgiera	gorget
gorgo	whirlpool
gota	cheek; cheeks
Goti	Goths
Gotia	Gothia
goto	cheeks
govere	was going
governare	governed; governs; to govern
governo	arrangement; care; command; governance; government; guidance; helm; rudder; steering
gozzo	crop; throat
gracchia	caws
gracchiare	caws
gracchio	caws
Gradasso	Boastful; Braggart; Gradasso; Gradasso (a proper name); Gradasso (a proper name, a character in the poem); Gradasso (proper name of a Saracen king); Gradasso (proper name of a Saracen knight); Gradasso (proper name of a character); Gradasso (proper name); Gradasso (the name of a character); boastful; haughty; with Gradasso
gradire	welcome
gradito	appreciated; welcome; welcomed
grado	degree; despite; level; levels; pleasing; pleasure; position; rank; step; steps; thanks; will; will (it be)
graffiare	scratched; scratches; scratching; to scratch him
graffio	hook
graffo	scratches
grama	wretched
grame	wretched
gramo	sorry
Gran	Great
grana	scarlet
Granata	Granada
Granatin	Granatin
Granchio	Crab; crab
grande	Great; big; deep; far; grand; great; heavy; large; very great; very large
grandezza	greatness
grandine	hail
Grandonio	Grandonio
grano	grain; wheat
granoso	grainy
grasso	fat; fertile
grata	dear; grateful; grating; pleasing; welcome
grate	most pleasing
gratificare	to gratify; to please
grato	dear; grateful; pleasant; pleasing; welcome
grattare	scratches
gravare	burdened; burdens; to burden; to weigh down; was weighing down; weighed down; weighs; weighs down; weighs on; weighs upon; will burden
grave	burdened; burdensome; grave; great; grievous; harsh; heavy; less heavy; low (in pitch); most serious; pregnant; serious; seriously; severe; solemn; very heavy; very serious; weigh
gravemente	seriously
gravido	pregnant
grazia	Grace; favor; grace; gratitude; pardon; request; thanks
grazie	Graces; Thanks; favors; graces; thanks
Graziosa	Graceful
grazioso	graceful; gracious
greca	Greek; Greek (feminine plural)
Greci	Greeks
Grecia	Greece
greco	Greek; Greek wine; Greeks; the Greek
greco—levante	northeast
grege	flock
gregge	flock; flocks; herd
greggia	flock
greggio	flock
grembio	lap
grembo	bosom
gremio	lap
greppo	slopes; steep slopes
greve	heavy
grida	Shouts; cries out
gridare	calls; cries; cries for; cries out; might shout; shout; shouted; shouting; shouts; shrieks; that I might shout; they shout; to cry out; to shout; was shouting
grido	cry; shout
grieve	grievous; heavy
grifagno	fierce; raptorial; taloned
griffagno	clawed
griffo	beak
Grifo	griffin; snout
Grifon	Griffin; Grifon; Gryphon
grifone	Griffin; griffin
Griganti	Giants
Grillo	Grillo (a proper name); cricket
grippo	grippi (plural of grippo, a type of small sailing vessel)
groppa	back; back (of a horse); back (of an animal); croup; croup (of a horse); croups; haunches; hindquarters; rump
groppo	backs; hindquarters; knot; squall
grossezza	swelling; thickness
grossissimo	very thick
grosso	big; bigger; bulky; ignorant; large; rough; thick
grotta	cave; caves
grotto	caves
gru	crane
grua	crane; cranes
grugnito	grunt
gua	worthy
guadagnare	earned; earns; gained; gains; to earn; to gain; won
guadagnarme	to earn for myself
guadagnastare	you gained
guadagnato	earned
guadagno	advantage; earn; gain; gains; may gain; may win; profit; you gain
guadagnollare	he earned it
guadare	fords
Guadiana	Guadiana (a river in the Iberian Peninsula)
guado	ford
guaio	troubles; woes
Gualciotto	Gualciotto (proper name)
Gualtiero	Walter
guancia	cheek; cheeks; expression
guancial	pillow
guanciare	cheek
guanto	glove
guardare	Beware; I look; I looked; Look; Watch out; glance; guard; guarded; look; look at; looked; looked at; looked at each other; looking; looks; looks at; may guard; protect; they looked; to guard; to guard oneself; to look; to look at; to look at them; to watch; watch; watched; watches; you guard
guardatevere	beware
guardatura	look
guardavare	they watched
guardia	charge; custody; guard; guards
guardian	guardian; herdsman; keeper
guardiano	guards
Guardommi	looked at me
guare	long
guarilla	healed her
Guarino	Guarino
guarire	may heal; to heal
guarnire	he armed
guarnito	well-equipped
Guascogna	Gascony
Guascon	Gascon
guascone	Gascon
Guasconi	Gascons
Guasparro	Gasparro
guastare	broken; ruins; spoils; to ruin
guastino	spoils them
guasto	broken; damage; damaged; damages; injured; ravaged; ruined; spoiled
guata	gazes at; looks at
guatare	looks at; was looking
guato	gazes at
guazzo	puddle
Guelfi	Guelphs
guernimento	equipment; trapping
guernita	equipped
guernito	adorned; equipped; furnished; well-equipped
guerra	war; wars
guerreggiare	to wage war
guerrier	Warrior; warrior; warriors
guerriera	warrior women; warriors
guerriero	warrior; warrior (feminine); warrior woman; warriors; warriors (feminine plural)
Guglielmo	William
Guicciardo	Guicciardo; Guicciardo (proper name)
guida	guidance; guide; guides; leads
guidardon	reward
guidardone	reward
guidare	guide; guided; guides; lead; leading; leads; led; to guide; to lead; would lead
guiderdon	reward
guidere	guide; leads; reward; you lead
Guidetto	Guidetto
guidi	Guidi
Guido	Guido; Guy
Guidobaldo	Guidobaldo
Guidon	Guido; Guido (proper name); Guidon; Guy
Guidone	Guido; Guidon; Guidone; Guidone (proper name, a character); Guy
guisa	manner; way
guizzare	dart; darts
guizzo	darts
gustare	having tasted; tasted; tastes; to taste
gusto	pleasure; taste; tastes
hallo	have; him it; him there
hammere	has me
Han	They have
hara	pigsty
have	had; has
he	has
Hernando	Hernando
holla	I have it
hollo	I have him
i	The; the
i'	I
iacinto	hyacinth; hyacinths
Iacobi	James
Iacobo	James
Ianni	John
Iason	Jason
Iasone	Jason
iattura	misfortune
ib	and; from; her; him; him (clitic, referring to 'it' or 'him'); his; in; it; my; of him; them; them (clitic pronoun); there; to drink
ibera	Iberian
Ibernesi	Irish
Ibernia	Ireland
ibero	Iberian; Iberian (river)
Icaro	Icarus
Ida	Ida; Ida (Mount Ida)
idaspe	of the Hydaspes
idea	Idea; ideas; of Ida
Idee	Idean
idi	ides
Idio	God
idioma	language
idolo	idol
Idomeneo	Idomeneus
idonia	suitable
ier	yesterday
Ierarchia	hierarchy
ieri	Yesterday; yesterday
Ieronimi	Jeromes
iersare	yesterday evening
Iersera	yesterday evening
Ierusalem	Jerusalem
Ierusalemme	Jerusalem
Iesù	Jesus
ig	I (clitic subject pronoun, first person singular); and; down; go; he; he plays; her; him; himself; his; ingratitude; it; lay; not; of him; of the; the; the (masculine plural definite article); the (plural masculine); them; there; to; to him; to him/her/it
ignaro	ignorant
ignavo	cowardly
ignobil	ignoble
ignominia	disgrace; ignominy
ignorante	ignorant; ignorant ones
ignoranza	ignorance
ignorare	ignoring
ignoto	unknown
ignude	naked
ignudo	bare; naked
ih	her; him; his; in; the; them; to him
il	I; The; The one; To her; To him; and the; as; at; for him; he; her; him; his; in the; it; it (feminine singular direct object pronoun referring to 'acqua'); it (referring to 'la morte'); it (referring to the army); it (referring to the lance); it (referring to the monster); of the; the; the (feminine plural definite article); the (feminine plural); the (feminine singular definite article); the (masculine plural definite article); the (masculine plural); the (plural feminine); the (plural masculine definite article); the (plural masculine); the (plural); the (relative pronoun, referring to 'quella'); the others; them; them (feminine plural clitic pronoun); them (feminine plural object clitic); there; they; through the; to her; to him; to the; to them; which; who; whom; whose
Ilarione	Hilarion
Ilia	Ilium (Troy)
illeso	unharmed
illicio	holm oaks
illicito	unlawful
illuminare	illuminated
illuminato	illuminated
illusione	illusion
illustre	illustrious
ima	lowest
imaculato	immaculate
image	image
imagin	image
imaginare	imagine; imagined; imagines; imagining; to imagine
imaginato	imagined
imaginazion	imagination
imaginazione	imagination
imagine	image; images
imaginoso	imaginative
imaginosso	imagined
imago	image
Imavo	Imaus
imbarcare	embarks
imbarco	embarked
imbasciaria	embassy
imbasciata	embassies; message
imbasciato	message
imbasciator	ambassador
imbasciatore	ambassadors
imbascieria	embassies
imbelle	unwarlike
imbiancare	turn white; turned pale; turns white
imboscare	hides
imbracciare	brandishes; he arms himself with; he/she arms; holds; to take up
imbriaco	drunk
imbroccare	hits
imbrunare	darkens
imbrunire	to darken
imeneo	marriages
imitare	imitate; imitated; imitates; imitating; to imitate
imitato	imitated
imitatore	imitator
imitavare	imitated
immacchiare	stains himself
immaculato	unstained
immagin	images
immago	image
immane	most enormous
immansueto	unmanageable
immantinente	immediately
immenso	immense
immergere	immersed; immerses; plunges
immerso	immersed
imminente	imminent
immobil	immobile; immovable
immobile	immovable
immollare	moistens oneself; soak; soaks; you wet; you wet it
immondo	filthy; unclean
immortal	immortal
immortale	immortal
Immortalitade	immortality
immota	motionless
immote	motionless
immotere	motionless
immoto	motionless
immutabil	immutable; unchanging
imo	bottom; lowest
impaccia	hinders
impacciare	encumbers; hinders; to interfere; to meddle; troubles
impaccio	difficulty; hindrance; trouble
impallidilla	made pale
impallidire	grows pale; to turn pale
imparare	learned; learns; peers; to learn
impare	learns
impasto	famished
impaurire	frightens; to frighten
impaziente	impatient
impazzare	to go mad
impedimento	hindrance; obstacle; obstacles
impedire	blocks; hinder; hindered; impeded; might hinder; to impede
impedito	blocked; hindered
impendere	to hang
impenetrabil	impenetrable
impenetrabile	impenetrable
impennare	you feather
imperator	emperor
imperatore	emperor; emperors
imperatrice	empress
imperial	imperial
imperiale	imperial
Imperio	Empire; command; empire; power
impero	Empire; command; empire; empires
impeso	hanged
impetere	obtained; obtains
impeto	force; impetus; impulse; onslaught
impetrare	obtain; obtained; to obtain
impetuosamente	impetuously
impetuoso	impetuous
impiagare	you wound
impiago	wounds
impiastro	plaster
impicca	hang
impiccare	Hang; hang; hanged; to hang
impietà	cruelty
impinguare	fatten
implacabil	implacable
implacabile	implacable
imporre	entrusted; having imposed; imposed; ordered
importa	matters
importante	important
importanza	importance
importare	mattered; matters
importo	matters
importuna	importunate
importuno	importunate; troublesome
impossibil	impossible
impossibile	impossible
impossibilere	impossible
impotente	powerless
impresa	deed; deeds; enterprise; enterprises; task; undertaking; undertakings
impression	impression
imprimere	impressed; imprinted; imprints; printed; struck
impronta	imprints
improverare	to reproach
improverarso	to be reproached
improvidere	unexpectedly
improvisare	sudden; unexpected
improviso	sudden; suddenly; unexpected; unexpectedly; unforeseen; unprepared
improvviso	sudden
impudente	shameless
impudico	shameless; unchaste
impugnare	grasping; grasps; to grasp
impunito	unpunished
imputare	imputed; to attribute; to impute; to impute to me
imputato	accused
imputerare	will be attributed
in	At; In; Nor; about; against; ahead; among; around; as; at; at first; at the bottom; before; beyond; down; downward; even; for; from; from it; him; if; in; in exchange for; in front of; in person; in place of; in such a way; in the; in the midst of; in which; in whom; in(to); in/against; in/at; in/into; in/on; into; into the; nor; of; of it; of the; of them; on; onto; since; the; there; to; to the ground; toward; until; up; whether; with
inabitare	uninhabited
inabitato	uninhabited
inaccessibil	inaccessible
inaccessibile	inaccessible
inaccorto	unwary
inaffiare	watering
inaffo	wets
inalzare	to raise
inamorare	enamors; fell in love
inamorato	enamored; in love
inamorosso	fell in love
inanimare	might inspire
inante	ahead; before; before him; beforehand; forward; further; in front; in front of; onward
inanto	ahead; before; forward; in front
inanzare	before; forward; in front
inanze	before; forward
inanzi	ahead; before; forward; further; in front; in front of; onward
inanzo	before; forward; in front
inarcare	to arch
inarrare	he/she offers up; implores; to inlay
inaspare	to wind
inasperare	exasperates
inasprare	grows fierce
inaura	gilds
inavedutamente	unawares
inavvertenza	carelessness
inavvertire	unnoticed
incalzare	presses
incantamento	enchantment; spells
incantare	enchanted
incantato	enchanted
incantator	enchanter; sorcerer; sorcerers
incantatore	enchanter; enchantress; sorcerer; sorceresses
incanto	enchantment; enchantments; enchants; magic; of enchantments; spell; spells; the spell
incappare	you might encounter
incarcare	heaps
incarco	burden
incarnare	embody; incarnate
incatenare	chained; chains
incatenato	chained
incauto	incautious
incendere	burns
incendio	fire; fires
incenso	incense
incerto	uncertain
incesto	incest; incestuous
inchebbere	displeased; it displeased; it grieved
inchiesta	investigation; quest
inchinare	bends; bowed; bowing; bows; inclined; inclines; lowers; slopes; to bow; was bowing
inchinere	bow down; lower
inchino	bow
inchiostro	ink; inks
inciampare	stumbles
inciampo	stumble; stumbling block
incisare	engraved
inciso	inscribed
inclinare	inclined
inclinazion	inclination
inclita	renowned
inclitare	renowned
inclite	glorious
inclito	famous; glorious; illustrious; renowned
incoccare	gets stuck
incognita	unknown
incognito	unknown
incolpare	blames
incolpo	blame
incominciare	began; begin; begins; begun; they began; to begin
incomminciato	begun
incomparabil	incomparable
incomparabile	incomparable
incomposto	uncontrolled
incontinente	immediately
incontinenza	incontinence
inconto	uncombed
incontrare	He encounters; against; came toward; comes across; comes to meet; encounter; encountered; encounters; goes to meet; is opposite; meet; meeting; meets; met; offers; to encounter; to meet; toward; towards; would encounter
incontro	at the encounter; collision; encounter; in exchange; in return; meeting; opposite; toward
incontrosso	met
incoronare	crowned
incorrere	incur
incostante	fickle; inconstant
incostanza	inconstancy
incredere	displeases; grieves; it grieves
incredibil	incredible
increscere	displeases; grieve; grieved; grieves; it annoyed; it grieved; it grieves; may it displease; may it grieve; that it may annoy him; to grieve; was wearying
incrudelire	becomes cruel
incrudere	grows more cruel
incudere	anvil; anvils
incudo	anvils
incultare	uncultivated
inculto	uncultivated
incurabil	incurable
incurva	curved
incurvare	bends
indare	in vain
indarno	in vain
indefesso	tireless; unceasing
indegnamente	unworthily
indegno	unworthy
indere	thence
indi	Indians; Then; from there; of the Indians; then; thence; thereafter; therefrom; to the Indians
India	India
indice	index; signs
indicio	indication; sign
Indico	Indian
indietro	back; backward; backwards
indifferente	indifferent
indiscreto	indiscreet
indissolubil	indissoluble
indissolubilmente	indissolubly
indivino	diviner
indizio	clue; evidence; indication; indications; sign; trace
Indo	Indian; Indus; from there; then; thence
indolcire	soften
indomito	unconquered; undaunted; untamed
indorato	gilded
indosso	I put on; on; on (himself); on (his) back; on (his) body; on (one's) back; on (wearing); on himself; on oneself; wearing; worn
indotto	led
indovinare	guess; guessed
indovino	prophet; prophetic; soothsayer
indugia	delay; delays
indugiare	delay; delayed; delaying; delays; lingered; they delay; to delay
indugiarme	to delay myself
indugio	delay; delays
indulto	granted
indura	hardens
indurare	to harden
indurato	hardened
indurre	I brought; brought; induced; induces; inferred; leads (itself) into; to induce; to put forward; was induced; was inducing
industre	industrious; skillful
industria	effort; industry
industro	industrious
indutto	led; spread
inebriato	intoxicated
ineffabil	ineffable
ineffabile	ineffable
inegual	uneven
inequale	unequal
inerme	unarmed
inermo	unarmed
inerte	inert
inerto	inert
inerzia	Sloth; inactivity
inescato	baited
inesperienza	inexperience
inesperto	inexperienced
inespugnabile	impregnable
inessicabil	inexhaustible
inestare	grafts; is grafted
inestinguibil	inextinguishable
inestricabil	inextricable
inetto	unfit; unsuitable
inevitabil	inevitable
infallibile	infallible
infamare	infames; to defame
infamato	defamed
infame	infamous
infamia	disgrace; infamy
infando	unspeakable
infante	child; infant; infants; princess
infantile	childish
infausto	unlucky
infecere	infected
infecondo	barren
infede	faithless; unfaithful
infedele	unfaithful
infelice	unfortunate; unhappy
inferior	inferior; lower
inferiore	inferior; lower
inferire	to convey; to infer
inferma	ill; infirm
infermare	ill
infermo	ill; infirm; sick; sick man; sick person; sickly; the sick; weak
infernal	hellish; infernal
infernale	infernal
Inferno	Hell; hell; infernal
infesto	hostile
infettare	infects
infetto	infected
infiammare	ignites; inflamed; inflames; inflaming; to inflame
infiammarso	inflamed himself
infiammato	inflamed
infidele	unfaithful (people)
infido	faithless
infilzare	impaled
infin	as far as; eventually; finally; to; until
infinare	until; up to
infine	finally
infinito	countless; endless; infinite; innumerable
influenza	influence
influsso	influence
infondere	infuses
informare	I informed myself; inform yourself; informed; informs; to inform oneself
informarse	to inform oneself
informato	fully informed; informed
informazion	information
infortunio	misfortune
infra	among; between
infranto	broken
infusare	infused
infuso	infused; poured
ingannare	deceive; deceived; deceives; deceiving; to deceive; will deceive
ingannaron	they deceived
ingannato	deceived
inganno	deceit; deception; deceptions
ingannollare	deceived him
ingegno	genius; ingenuity; intellect; intelligence; mind; minds; talents; wit
ingemmare	adorns with gems
ingenioso	ingenious
Inghelterra	England
Inghilterra	England
inghiottire	to swallow
inghiozzare	swallows
inginoccare	knelt
inginocchiare	kneeling; to kneel
inginochiosso	knelt down
ingiottire	to swallow
ingiuria	injury; injustice; insult; insults; offense; wrong; wrongs
ingiuriare	to insult
ingiuriato	insulted; wronged
ingiurio	insults
ingiurioso	harmful; insulting; offensive
ingiustamente	unjustly
ingiusto	most unjust; unjust
Inglese	English; Englishman
Inglesi	English; English (people); English people
Ingleterra	England
ingoi	swallow
ingombrare	burdens; clutter; encumbers; filled
ingombre	encumber
ingorda	greedy
ingordamente	greedily
ingordigia	greed
ingordo	gluttonous; greedier; greedy
ingorgare	dammed up
ingozzare	swallows
ingrassare	fattened; fattens
ingratitudine	ingratitude
ingrato	most ungrateful; ungrateful; unpleasant
ingrossare	grows; grows thick; swells; thickens; to grow
iniciare	initiate
Inico	Iñigo
inimica	enemy; hostile
inimicare	making an enemy of; to make an enemy of; to make enemies of
inimicizia	enmity
inimico	enemies; enemy; hostile; of the enemies
iniquamente	unjustly; wickedly
iniquità	iniquity
iniquo	iniquitous; unjust; wicked
innamorare	falls in love; fell in love; in love; lovers; makes (him) fall in love
innamorato	in love
innanellato	curled
innanzi	in front
innato	innate
innavedutamente	inadvertently
innocente	innocent; innocent ones
innocenza	innocence
innumerabil	innumerable
innumerabile	countless; innumerable
Ino	Ino
inondare	floods
inopia	lack; poverty
inopinato	unforeseen
inopio	scarcity
inospitale	inhospitable
inospito	inhospitable
insaguinare	to bloody oneself
insalare	salts
insanguinare	bloodying; to blood-stain; to bloody
insaniare	madness
insano	insane; mad
insegna	banner; banners; ensign; ensigns; insignia; shows; signs; standards
insegnare	I will teach; banner; ensign; may teach; sign; taught; teach; teaches; to teach; will teach
inselvare	gets lost in the woods
inselvere	grows wooded
insembre	together
insensato	senseless
insensibil	insensible
insepulgere	unburied
insepulto	unburied
insidia	ambushes; snares
insidioso	treacherous
insieme	at once; together
insiememente	together
insin	as far as; even; to; until; up to
insinare	as far as; even up to; to; until; up to
insino	even; to the point of; until; up to
insolito	unusual
insomma	in short
insopportabil	unbearable
Insta	urges
instabil	unstable
instabile	unstable
instante	imminent; moment
instanza	instance
instare	insisted; insisting; persisted; pressing; urges; urging
Insubri	Insubrians
insultare	insults
insulto	assault; insult; insults
insupportabil	insupportable
intagliare	to engrave
intaglio	carving; engraving
intanto	Meanwhile; meanwhile
intatto	untouched
integro	intact; unbroken; whole
intelletto	intellect; mind
intempestivo	untimely
intendere	I intend; I learned; I understand; aims; attends to; having heard; hear; heard; hearing; hears; intend; intended; intends; is heard; is understood; learned; learns; may understand; meant; they consider themselves; to know; to understand; understand; understands; understood; was heard; will understand; you will hear
intenere	softened; to soften
intenerire	to soften
intenerito	softened
intenso	intense
intento	attentive; focused; intent; intention; purpose
intenzio	intention
intenzion	intention
intenzione	intention
inter	happens
interamente	completely; entirely
intercettare	intercepted
intercetto	intercepted
interdettare	forbidden
interdetto	forbidden
interdire	forbade
interiora	entrails
interiore	inner
intermettere	was interrupted
intermezzo	interlude
interno	inner; internal
intero	entire; whole
interporre	interposed; interposes; intervened
interpretare	interpret
interprete	interpreter; interpreters
interrogollo	He asked him
interrompere	interrupted; interrupts; might interrupt
interroppe	interrupted
intervallo	interval
intervenire	attended; occurred
interviere	happens
intesa	She heard; constructed; devoted; directed; heard; learned; understood
intestina	intestines
intesto	interwoven
intiepidire	cool down; to cool down
intiero	whole
intintare	dipped
intolerabil	intolerable
intolerare	unbearable
intoppare	runs into
intoppo	hindrance; obstacle
intorno	Around; around
intorto	twisted
intrepide	fearless
intrepido	fearless
intricare	entangles itself; gets entangled; to entangle
intricato	entangled; intricate
intrico	tangle; tangles
intrinseco	close (as in intimate, familiar)
intrinsichezza	intimacy
introdurre	introduced (himself); introduces
introdutto	introduced
intromettere	admitted; interfere
intronare	deafened; stunned; to deafen
intronato	deafened; stunned
intruonare	deafened; thunders into
inumane	inhuman
inumano	inhuman; inhumane
inundar	to flood
inusitato	unusual
inutil	useless
inutile	useless
invadere	put it in a vase; seized
invan	in vain
invananido	in vain
invanare	in vain
invano	in vain
invecchiare	grew old; grows old
invece	instead
invendicare	unavenged
invendicato	unavenged
inventore	inventor
invenzion	invention
invenzione	inventions
invêr	toward
invere	toward
invernato	winter
invêrre	toward; towards
inverso	toward
invescare	gets entangled
investigare	to investigate
inviare	go; he/she sets off; sends; sets off; to send
invide	envious
invidere	envies; envying
invidia	Envy; envies; envy
invidiare	to envy
invidioso	envious
invido	envious
inviluppare	to entangle
inviolabil	inviolable
inviolabile	inviolable
invisibil	invisible
invisibile	invisible
invitare	I invite; invite; invite themselves; invited; invited guests; invites; to invite
invito	challenge; invitation; invitations
invitto	unconquered; undefeated
invogliare	entices; inclines
invola	snatches away
involare	escapes; snatches; snatches away; steals; steals away; to steal
involato	stolen
involto	wrapped
involvere	entangles; envelops
invulnerabile	invulnerable
io	I
Iobbe	Job
iocondo	Iocondo; Jocondo; Jocund; Joyful; jovial; joyful
Ione	Ion
iota	iota
Iove	Jove
iperbore	hyperborean
iperboree	hyperborean
iperboreo	Hyperborean
Ipermestra	Hypermestra
Ipocrisia	hypocrisy
ippalca	Hippalca; Ippalca; Ippalca (a female character name); Ippalca (a female character's name); Ippalca (proper name)
ippogrifo	hippogriff
Ippolita	Hippolyta
Ippoliti	Hippolytes
Ippolito	Hippolytus
Ippona	Hippo
ir	go; to go
ira	Wrath; anger; angers; go; going; ire; of angers; the angers; to go; went; wrath; wraths
iracondo	wrathful
irata	angry
irato	angered; angry; enraged
Ircania	Hyrcania
ircano	Hyrcanian
irgliero	to go to him
Irlanda	Ireland
Iroldo	Iroldo
irondine	swallow
irondino	swallow
irraggiare	radiates
irrazionale	irrational
irreparabil	irreparable
irrigare	irrigates; waters
irrisione	mockery
irritare	void
irrito	frustrated
irsuta	bristly
irsuto	bristly; hairy
irte	bristling
irto	bristling
is	are; he/she/it is; himself; is; or; six; was; were; would have been
Isabella	Isabella
Isauro	Isaurus
ischermo	defense
Ischia	Ischia
ischiarare	as a slave
isciogliere	released
isconoscente	ungrateful
iscorso	rushed
iscritto	in writing
iscrizion	inscription
isculegere	carved
isculto	engraved
iscusa	excuse
isdegno	disdain; scorn
isfidare	to challenge
isforzare	to force
Islanda	Iceland
ismagliare	to unlink
ismosso	dislocated
isnella	slender
isnellere	slender; swift
isnello	slender; swift
isola	Island; island; islands; of the island
isolano	islanders
Isole	Islands
isoletta	islet; little island; small island
Isolier	Isolier
Isoliero	Isoliero
Isotta	Isolde
Ispagna	Spain
ispane	Spanish
Ispano	Spaniard; Spanish; the Spaniard
ispaventato	frightened
ispido	bristly
ispirare	inspires
Israel	Israel
Issabella	Isabella
Issabetta	Isabetta
istante	instant
istanza	request; urgency
istato	state
isteare	may remain
istessa	herself
istessare	herself; itself
istesso	itself; same
istettare	himself
istigare	incited; incites; instigation
istigarme	inciting me
istimare	believes; he/she estimates
istimo	esteem
istinto	instinct
istordito	stunned
istoria	histories; history; stories; story
istoriato	decorated with scenes
istranamente	strangely
istrano	strange
istretto	narrow; narrowed; tight
Istro	Ister (Danube); Ister (the ancient name for the lower Danube River)
istruggere	informed; instructed; prepared; trained
istrumento	instrument; instruments
istruttare	instructed
istrutto	informed; instructed; trained
istruzion	instruction
it	gone
ita	gone
Italia	Italy
italiano	Italian
italo	Italian
ite	go
iterare	to repeat
iterata	repeated
iterato	repeated
iti	gone
ito	gone
Iuba	Juba
iubilo	joy; rejoicing
Iudei	Jews
iudico	judges
Iugurta	Jugurtha
Iulia	Julia
Iulio	Julius
iumenta	mare
iumente	mares
iumento	beasts of burden
Iunone	Juno
iuridizion	jurisdiction
iurisdizione	jurisdictions
iusta	just
iustizia	justice
iusto	just
Iuvenal	Juvenal
iuvenca	heifer
iva	was going; went
ivano	went
ivare	were going
ivi	there
Ivone	Yvain
la	It; She; There; her; it; it (feminine singular object pronoun referring to the sword); it (feminine singular, referring to 'patria'); the; them; there; to her; whom
labbia	face; lips; words
labbiare	lips
labirinto	labyrinth; labyrinths
labra	lips
Labretto	Labretto
labro	lip; lips
laccio	bond; bonds; halter; knot; laces; noose; snare; snares
lacciuolo	snares
laco	lake
lacrima	tear; tears; weeps
lacrimare	to weep; weeping; wept
lacrimoro	they wept
lacrimoso	tearful
Lada	Ladas
ladre	thieving
ladro	thief; thieves; thieving
ladron	thief
ladroncel	little thief
ladrone	robbers; thief; thieves
ladroneccio	robbery
laghetto	small lake
lagna	complains
lagnare	complain; complains; lamented; lamenting; laments
Lago	Lake; lake; lakes
lagrima	tears
lagrimare	weeping
Laiazzo	Laiazzo; Lajazzo
laido	ugly
lama	blade
Lamagna	Germany
Lambra	the Lambra
lamentare	complaining; complains; lament; laments; to complain; to lament
lamento	lament; laments
Lamirante	the admiral
lampa	lamp
lampada	lamp; lamps
lampade	torches
lampeggiare	flash; flashes
lampo	flash; flashes; lightning; lightning bolts; lightning flashes
lana	wool
Lance	spears
lancia	lances; spear; spears
lanciare	he threw himself; lance; spear; they hurled themselves; throws; throws herself; throws himself
Lancillotto	Lancelot
lancion	lance
lancione	lances
Landriglier	Landriglier
lanfo	milk-white
Lanfusa	Lanfusa
Langhiran	Langhiran
Langue	languishes
languere	languishing; wilting
languia	was languishing
languidetto	languid
languido	Languid; languid
languir	to languish
languire	languishes; weakens
languisco	I languish
lania	tears
lanterna	lantern
lanugine	down
lanuto	woolly
Laodamìa	Laodamia
Larbin	Larbin
lare	chub (a freshwater fish); is allowed; is permitted; it is permitted; washed
Largalifa	Largalifa (proper name)
Largaliffa	Largaliffa
largamente	generously
larghezza	width
largito	granted
largo	abundant; clear; generous; very generous; wide
Larissa	Larissa
larva	apparitions; ghosts; masks; shapes
lascare	will leave; would leave
Lascari	Lascaris
lasceriare	would leave behind; would let
Lascia	Leave; leave; leaves
lasciadere	Leave him; you left
lasciamere	leave me
Lasciamo	we leave
Lasciàn	Let us leave
lasciànlare	Let him; let her
Lasciànle	Let's leave them
lasciare	I leave; I left; I stop; Leave; Leaving; Let us leave; allowed; allows; caused; having left; he/she left; leash; leave; leave you; leaves; leaving; left; let; let (himself) fall; let fall; let go; let go of; let it; let themselves; let us leave; lets; lets fall; lets go; make; released; she left; they leave; they left; they let; they let fall; to leave; to let; was leaving; we leave; we left; will leave; will let; would leave; you allow; you leave
lasciaremmove	would leave
lasciassere	they left
lasciateco	leave us
lasciato	left
lasciavare	left
lascio	left
lasciolla	left it there
lasciollare	he left her; left her; left him
lasciollo	He let him; left him
Lascionne	He left of it
lascivare	lascivious
lascivia	wantonness
lascivo	lascivious; lustful; playful
lassa	weary
lassare	abandons; alas; be allowed to finish; ceases; is loosened; leash; leave; leaves; let it be allowed; lets; omit; to leave; unfortunate; weary; you leave
lasso	Alas; I leave; I leave behind; alas; faint; leave; leave it; may leave; weary
lassollo	left him
lastra	slabs
Latin	Latinus
Latini	Latini; Latins
latino	Latin
lato	place; side; sides; wide
Lattanzio	Lactantius
latte	milk
Lauda	praises
laudabil	praiseworthy
laudabile	praiseworthy
laudare	praises
laudato	praised
laude	praise
laudo	I praise; praises
Laura	Laura
lauro	laurel; laurel (trees); laurels
lauto	sumptuous
lavacro	baptismal font; bath
lavare	to wash; washes
lavor	work; workmanship
lavorare	I weave; to work; worked; works
lavoratore	workers
lavorio	work
lavoro	work; workmanship
le	The; from her; her; it; it (feminine singular, referring to 'la cosa'); it (feminine singular, referring to 'la lancia' - the lance); lions; of the; such; the; the (feminine plural); them; to her; to her/it; to it
leale	loyal
leardo	gray
lece	is permitted
lecito	permitted
ledea	Ledean
leena	lioness
lega	alliance; binds; league; leagues; ties
legame	bonds
legan	tie
legare	alliance; bind; binding; binds; bound; they bind; tied; ties; to bind; to bind oneself; to tie; we bound
legaro	bound
legarta	to bind you
lege	law
legge	law; laws
leggere	bed; law; light; lightly; read; reading; reads; to read; was read
leggiadra	graceful
leggiadramente	gracefully
leggiadre	graceful
Leggiadria	Grace; grace; gracefulness
leggiadro	graceful
leggier	light; lighter
leggiere	light; lighter; nimble
leggiermente	lightly
leggiero	easily; light; lighter; lightly; nimble; swift
leggon	they read
legione	legion
legitima	legitimate
legitimo	legitimate; legitimately
legittimo	legitimate
legna	firewood
legnetto	little boat; little ship
legno	boat; ship; ships; timber; timbers; vessel; wood; wooden ships; woods
lei	her; it; it (referring to Fortune); she; to her
lembo	hem
lena	breath; strength
Lenno	Lemnos
lentare	slackening
lente	slow
lento	flexible; slackens; slow; slowly; ties
Leon	Leo; Leon; Leon (a proper name, referring to Leone, a character); Lion; lion; lions
Leonardo	Leonardo (da Vinci)
leoncin	lion cubs
leone	Leo; Leon; Leon (proper name); Lion; a lion; lion; lions
Leonello	Leonello
leonessa	lioness
Leonetto	Leonetto
Leoniceno	Leoniceno
Leonora	Leonora
leopardo	leopard
lepra	hare
lepro	hares
Lerì	Lerici
Lerna	Lerna
lesione	injury
Lestrigone	Laestrygonian
Lestrigoni	Laestrygonians
Lete	Lethe
leteo	of Lethe
letizia	joy
lettera	letter; letters
letto	bed; beds
lettura	readings
Leucadio	Leucadian
leva	is lifted; lifts; lifts her; raises; takes away
levadere	raises; rises; you removed
Levala	take it
levamare	cut off
Levan	they lift
Levante	East; Levant; Levant (the East); east; east wind; the East
levare	I lifted; I removed; I will remove; gets up; having removed; leaps; lift; lifted; lifting; lifts; may remove; may rise; raise; raised; raises; raises himself; raising; remove; removed; removes; removing; rise; risen; rises; rising; rose; take away; takes away; they get up; they lifted; they rise; they rose; to lift; to raise; to raise herself; to remove; to remove from me; to remove from you; to rise; to take; to take away; took away; took off; was removing; wash away; will lift; would remove
levarmare	to remove myself
levarsa	to rise
levarsela	to take it away
levarselare	to remove it (from oneself); to take it away from one's mouth
levasso	might remove
levata	lifted; raised; removed; taken away
levato	lifted; raised; removed; risen
levatole	having removed from her
leve	lift
Levògli	He removed from him
levolla	lifted her; lifted them
levollo	he lifted it; lifted him
levomma	lifted me
levonne	took away from there
levossa	rose
levossi	he/she/it rose; rose
levosso	he rose; he/she rose; raised; rose
levrier	greyhound
lezzo	stench
li	The; There; his; of the; the; their; them; there; to him; to them; which; who; whom
Libanio	Libanio
libbra	balances
Libecchio	Libecchio (southwest wind)
libello	libels
liberale	generous; liberal; liberal arts
liberamente	freely
liberare	Freed; I freed; free; freed; to free
liberato	freed
liberatore	liberators
libero	free; freed
libertà	freedom
libertade	freedom; liberty
Libia	Libya
Libicana	Libyan
libico	Libyan
libidinoso	lustful
libretto	booklet
libro	book; books
licaonia	Lycaonian
lice	is permitted
licenza	leave; license; permission
licenziare	dismissed
licenzioso	licentious
Lidia	Lydia
lido	of Libya; shore; shores
lieto	cheerful; glad; happy; joyful
lievare	lift; lifts; raises; rises
lieve	easy; fickle; light; slight
lievemente	lightly
lige	loyal
lignaggio	lineage
ligustre	privet flowers
ligustro	privet; privets
lima	file; files; gnaws; torments
limare	files
limo	mud
limpidezza	clarity
limpido	clear
lin	flax
Lincastro	Lancaster; Lincastro
linea	line
linfa	water
lingua	languages; tongue; tongues
Linguadoca	Languedoc
linguaggio	language
Linmissò	Linmissò
lino	Linus; linens
liocorno	unicorn
Lion	Rhone
Lionetto	Lionetto
Lipadusa	Lipadusa
Lippa	Lippa
liquefatto	liquefied
liquido	liquid
liquor	liqueur; liquid; liquor
liquore	liqueur; liquid
lira	lyre; lyres
Liri	Liri (a river in central Italy)
liscio	makeup; smooth; smooths
lista	list; strip; stripes
listare	striped
lite	dispute; disputes; quarrel; quarrels; shores; strife
litigio	disputes; quarrel; quarrels
lito	shore
litorale	shore
Lituani	Lithuanians
livido	black and blue; livid
livore	spite
lizza	Lizza; Lizza (proper noun, likely a place name); lists
lo	Her; It; her; him; him/it; himself; it; of the; the; the (feminine plural); the (him); the one; them; there; to her; to him
locare	placed; to place
loco	place; places; room
locotenente	lieutenant
lodare	He praises; praise; praised; praises; praising; to praise; to praise him/her/it; to praise you; will praise oneself; would praise
lodarme	to praise me
lodato	praised
lode	praise; praises
lodere	would praise
lodevole	praiseworthy
Lodicea	Lycia
lodo	I praise; praise; praises
lodollo	he praised him
Lodommi	He praised me
logge	loggias
loggia	loggia
Logistilla	Logistilla
loglio	darnel
logoro	to the lure
lograre	to enjoy
Lombardi	Lombards
Lombardia	Lombardy
lombardo	Lombard
lombo	loins
Londra	London
longiquo	distant
Longobardi	Lombards
Lontan	far away
lontananza	distance
lontano	afar; distant; far; far away; farther; from afar
lontra	otter
loquace	talkative
lor	They; for them; from them; of them; their; them; to them
lordo	dirty; stained
lorica	armor
loro	each other; of them; their; theirs; them; themselves; they; to them
losco	dim; squinting
loto	mud
Lotrecco	Lotrecco
lotta	struggles; wrestling; wrestling matches
lu	him
luca	Luke; dawns; shines
Lucani	Lucanians
lucare	shines
luce	eyes; light; lights; shines
lucea	was shining
lucente	shining
lucido	bright; clear; polished; shining; shiny
Lucifer	Lucifer
Lucina	Lucina; Lucina (proper name)
Lucrezia	Lucretia; Lucrezia
Lucrezie	Lucretias
Ludovico	Ludovico
lue	plague
luglio	July
Lugo	Lugo
lugubro	mournful
lui	by him; for him; he; him; himself; it; to him
Luigi	Louis; Luigi
lume	lamp; light; sight
lumicino	little lamp
lumiera	lamp; light; lights
luminario	luminary
luminoso	bright; luminous; shining; shiny
lumo	Lights; eyes; lights
luna	Luna; Moon; moon
lunga	at length; for a long time; long
Lungavilla	Longavilla
lunge	afar; far; far away; farther
lungere	far
lunghezza	length
lungi	far
lungo	Along; Long; along; long; longer; somewhat long; very long
luogo	place; places; position
luogotenente	lieutenant
lupo	she-wolf; wolf; wolves
Lurcanio	Lurcanio
lusinga	flatteries; flattery
lustro	centuries; five-year periods; lustres; lustrums; shine; shines
lutta	struggle
lutto	mourning; mournings
ma	But; but
macchia	patch; spots; stain; stains; thicket; thickets
macchiare	stained
macchione	thicket
macco	in abundance
Macedonico	Macedonian
macel	slaughter
macello	slaughter; slaughterhouse
macero	rotten
machina	machine
machinare	to plot against him
machine	machines; war engines
macigno	boulder; millstone
macilente	thin
macinare	to grind
macometano	Mohammedans
Macon	Macon; Muhammad
Macone	Mahomet; Muhammad
macro	empty; thin
Macrobi	Macrobians
Madalena	Magdalena
Madarasso	Madarasso
madonna	Madam; ladies; lady; madam; my lady
madre	Mother; mother; mothers
Maestà	Majesty; majesty
maestade	Majesty; majesty
maestria	skill
maestro	Maestro; Master; main; master; masters; northwest wind; teacher
Maga	Sorceress; sorceress
Maganza	Maganza; Maganza (family name); Maganza (proper noun referring to a place, specifically the city of Mainz); Mayence
maganzese	Maganzese; Maganzese (a person from Maganza); from Maganza; of Maganza
Maganzesi	Maganzese (inhabitant of Maganza); Maganzese (people of Maganza); Maganzesi; of Maganza; of Maganza (people from Maganza); people from Maganza; people of Maganza
maggio	May
maggiore	greater; greatest; larger; of his ancestors
maggiormente	more
Maghi	Magi
magico	magical
magione	house
maglia	chain mail; chainmail; mail; mail (armor); mail (as in chainmail)
magna	great
magnanima	magnanimous
magnanimità	magnanimity
magnanimo	Magnanimous; magnanimous
Magno	Great; Magnus; great; the Great
mago	Magi; magician; sorcerer; wizard
mai	Never; ever; never
Maia	Maia
mainara	to lower (the sails)
Mainardo	Mainardo
Maiorca	Majorca
Maiorica	Majorca
Malabuferso	Malabuferso
malaccorto	ill-advised
maladetta	accursed
maladetto	accursed; cursed
Malaga	Málaga
malagevol	difficult
malagevole	difficult
Malagigi	Malagigi; Malagigi (a character's name, a magician in the poem); Malagigi (a character's name, referring to the sorcerer Malagigi); Malagigi (a character, the sorcerer Malagise); Malagigi (a proper name); Malagigi (a proper name, a character in the poem); Malagigi (a proper name, a sorcerer in the epic); Malagigi (a proper name, one of the paladins in the epic tradition); Malagigi (a proper name, one of the paladins of Charlemagne); Malagigi (a proper name, referring to a character); Malagigi (proper name); Malagigi (proper name, a character in Orlando Furioso); Malagigi (proper name, a character in the poem)
Malagur	Malagur
Malaguzzo	Malaguzzo
Malamocco	Malamocco
malandrin	brigands; robbers; rogues
malandrino	rogue; rogues; thieves
Malatesta	Malatesta
malcauto	careless
malcontentare	discontented
malcontente	discontented
malcontento	discontent; discontented
male	against; against their will; bad; badly; barely; despite; evil; evils; hardly; harm; ill; ill-fated; illness; in spite of; misfortune; poorly; reluctantly; scarcely; the evil; trouble; unfortunate; wrong; wrongly taken
Malea	Malea
maledere	cursed
maledetto	accursed; cursed
maledire	cursed; curses; cursing; to curse
maleficio	crime; evil deed
Malega	Malega
malenconia	melancholy
malfattor	malefactor; wrongdoer
malfattore	evildoers
Malgarino	Malgarino
malgrado	despite
malia	sorcery; spells
Malignità	Malignity
maligno	evil; harmful; malicious; malign; malignant
Malindo	Malindo (proper name)
maliscalco	constable
malivolenza	ill will
malizia	cunning tricks; malice
Mallea	Mallea
malnato	ill-born
malo	Malò; bad; evil
malsicuro	insecure
malvage	evil; wicked; wicked ones
malvagio	bad; evil; wicked
malvolentieri	reluctantly
Malzarise	Malzarise (a proper name, likely a Saracen warrior)
Mambrino	Mambrino
mamma	Mom
mammella	breast; breasts
Mamuga	Mamuga
manca	few
mancamento	lack
mancare	Gone; be missing; ceases; fail; failed; failing; fails; is missing; lack; lacked; lacking; lacks; left; left (hand); may fail; may lack; might fail; run out; runs out; should fail; should lack; they are lacking from me; to fail; was lacking; was missing; we fail; were lacking; will fail; will lack
mancato	failed
mancator	breaker; lacking
mancheriare	would lack
mancia	reward; tip
mancina	left
mancino	left
mancipio	slave
manco	at all; be lacking; even; fail; faint; lack; lacking; least; left; left (one); less; less than; lesser; missing; nor; not even; short (of); will be lacking; without
manda	sends
mandare	I send; I sent; having sent; may send; might send; send; sending; sends; sent; sent down; to send; was sending; you send; you sent
mandassine	sent
mandato	order; sent
mande	may send; send; sends
manderiare	would send
mandire	sends there
mandonna	sent them
mandra	flock; herd
mandre	herds
Mandricardo	Mandricardo; Mandricardo (proper name)
maneggiare	to handle
Manfredi	Manfredi
Mangiana	Mangiana
mangiare	ate; eat; eaten; eating; eats; to eat
manico	handle
maniera	manner; manners; way; ways
maniero	trained
manifestare	clear; reveals
manifesto	clear; evident; known; makes manifest; manifest; manifesting; shown
manigoldo	executioner; rogue; scoundrel
Manilardo	Manilard; Manilardo
maniscalco	blacksmith
manna	manna
mano	hand; hands; his
mansuefece	tamed
mansueto	gentle; tame
mante	mantles
Mantegna	Mantegna
mantel	cloak
mantello	cloak
mantenere	maintained; maintains; to maintain; to sustain; will maintain
mantico	bellows
manto	Manto; cloak; cloaks; mantle
Mantua	Mantua
mantuan	Mantuan
manucare	burns; devours
marano	rogue
maraviglia	marvel; wonder
maravigliare	I marvel; be amazed; marvel; marveling; marvels; to marvel; wonder; wonders
maraviglioso	amazed; marveling; marvelous
maravigliosso	wondered
Marbalusto	Marbalusto
marca	March; mark; regions
Marcello	Mark
marchese	marquis; marquises
Marchia	March
marchio	mark
Marco	Marcus; Mark
Marcomir	Marcomir
mare	but; of the sea; sea; seas
marea	tide
maremma	coastal areas; marshes; shores
Marfisa	Marfisa; Marfisa (a proper name); Marfisa (a proper name, a female warrior character); Marfisa (a proper name, referring to a character in the poem); Marfisa (proper name)
Margano	Margano
Marganor	Marganor
Marganorre	Marganorre; Marganorre (proper noun)
Margherita	Margaret
margin	bank
margine	edge
margo	edge
Maria	Mary
Maricoldo	Maricoldo
marin	marine; sea
marina	coast; sea; shore
marinaio	sailors
marinar	sailor
marinario	sailors
marino	marine; sea; seafaring
mario	Marius
maritaggio	marriages
maritale	marital
maritare	married; marries; marrying; to give in marriage; to marry
marito	husband; husbands
marmo	marble; marbles
Marmonda	Marmonda; Marmonda (proper noun, name of a person or place)
marmore	marble
marmorea	marble
marmoreo	marble
Marocco	Morocco
Maron	Maron; Vergil
Marone	Marone
Marra	Marra; mattock
marrano	villain
marre	hoes
Marsi	Marsians
Marsilia	Marseille
Marsilio	Marsilio; Marsilius; Marsilius's
marta	Martha
Martan	Martan; of Martano
Martano	Martano; Martano (proper name); Martano (proper name, referring to a character); Martano's
Martasin	Martasin
Martasino	Martasino
Marte	Mars
martel	hammer
martella	hammers
martellare	hammering; hammers
martello	alarm; hammer
martinello	windlasses
Martino	Martin
martir	martyr; martyrdom; martyrdoms
martire	Martyr; martyrdom; martyrdoms; torment; torments
martoro	torment
Marullo	Marullo
marziale	martial
marzo	March
mascalzone	rogues; scoundrel
mascella	jaw; jawbone; jaws
maschio	male; males
masnada	band
masnadiere	brigands
massa	mass
masse	boulders
massiccio	massive
massile	of Massilia
massimamente	especially
Massimigliano	Maximilian
Massimino	Maximinus
mastin	mastiff
mastro	falconer; master; master (craftsman); master craftsman; master craftsmen; masters
Matalista	Matalista
materia	cause; material; subject matter
materno	maternal
Matia	Matthias
Matilde	Matilda
matin	morning
matina	Morning; morning
matino	morning
matra	mother
matrigna	stepmother
matrimonio	marriage
matrona	matron
matteo	Matthew
mattina	morning
matto	crazy; mad; madman
maturamente	maturely
maturo	mature; ripe
matutino	dawn; morning
Maumette	Mahomet; Muhammad
Maumetto	Muhammad
Maurina	Maurina's
mauritano	Moorish
Maurizio	Maurice
Mauro	Moor; Moorish
Mausolo	Mausolus
mazza	club; clubs; mace
mazzafrusto	flail
me	by me; for me; from me; in me; me; myself; of me; to me; with me
me!	me
me!ro	me
meato	opening
Meca	Mecca
meco	with me
medaglia	medals
Medea	Medea
medere	himself
medesimo	himself; same; themselves
medesma	same
medesme	ourselves (feminine plural); same
medesmo	himself; same
Medi	Medes
Media	Media
medicare	to cure; to treat
Medici	of the Medici
medicina	medicine; remedy
medico	doctor; doctors; physician
medicollo	he treated him
mediocro	mediocre
meditore	his
medolla	marrow; marrows
medollo	marrow
Medor	Medor; Medoro
Medoro	Medoro
Megera	Megara
meglio	Better; best; better; the better
meglior	better
megliorare	improve
megliore	better
mel	better; honey; it to me
mela	honey
Melara	Melara
Melibea	Melibea
Melibeo	Meliboeus
Melicerta	Melicerta
Melissa	Melissa; Melissa (proper name)
Mella	Mella
mello	it to me
melo	apple
melodia	melody
membra	limbs
membre	limbs
membro	limbs; members
membruto	big-limbed
Memfi	Memphis
memorabil	memorable
memoranda	memorable
memorare	memorable
memoria	memory
men	least; less; less than; than
mena	deals; drives; he/she/it leads; leads; moves; strikes; swings; thrusts; wields
Menade	Maenad
menare	brings; brought; deals; dealt; lead; leads; led; moved; moves; strikes; striking; swings; throws; to bring; to lead; to move; to use; to wield; was bringing; was swinging; wielded; wielding; wields
menaro	led
menaron	they led
menasta	led
menato	led
mendace	false; lying
mende	faults
mendica	begging
mendicare	to beg
mendice	beggars
mendico	beggarly; begging
mene	leads him
Menelao	Menelaus
menin	him
meno	and even less; fewer; lead; leads; least; led; less; the less
mensa	meal; table
mense	tables
mente	attention; lie; lies; mind; minds; you lie
mentire	to lie; was lying; you will lie
mentito	false
Mentitor	liar
mento	I lie; chin
mentre	While; while
menzion	mention
menzione	mention
Menzo	Menzo (the river Mincio); Mincio
menzogna	lie; lies
meonia	Meonian
mer	merlons
meraviglia	wonder; wonders
meravigliare	amaze; marvels; to marvel
mercadante	merchant
mercante	merchants
mercanzia	goods
mercatante	merchant; merchants
mercé	Mercy; goods; grace; merchandise; mercy; reward; thanks; thanks to
mercede	mercy; payment; reward
mercedere	mercy; reward
mercenario	mercenaries; mercenary
merchio	earn
Mercurio	Mercury; mercury
mere	I change; brings; brings me; lead; leads; merlon; mute; silent; speechless; to the walls
meretere	prostitute
meretrice	prostitute; prostitutes
mergo	diver
meridional	southern
meriggia	midday heat; south; south winds
merire	with me
merita	merits
meritamente	deservedly
meritare	deserve; deserved; deserves; deserving; to deserve; to merit
meritato	deserved
merito	I deserve; merit; merits; payment
Merlin	Merlin
Merlino	Merlin
merlo	battlements; merlon; merlon (of a battlement)
merte	deserve; deserves; merit; merits
merto	deserts; deserve; deserves; merit; reward
meschin	poor wretch; wretch; wretched
meschina	wretched
meschino	wretched
meschio	wretched
meschita	mosques
mese	month; months
messa	harvest; masses; messenger; placed; put
messagger	messenger; messengers
messaggera	messenger; messenger (feminine)
messaggero	messenger; messenger (feminine)
messaggiera	messenger
messaggiero	messenger (feminine)
messaggio	message; messages; messenger; messengers
messe	messengers
Messi	messenger
Messia	Messiah
Messina	Messina
messo	messenger; placed
mesta	sad
meste	sad
mestier	profession; trade
mestiero	business; necessary; use
mestizia	sadness
mesto	most sad; most sorrowful; sad
meta	boundary; end; half; limit
metade	half
metallo	metal; metals
Metauro	Metauro (river)
metcere	mixes
metro	measure; meter
mettere	I put; To bet; applies; be put; having placed; masses; may be put; may place; may put; messenger; messengers; place; placed; places; put; put aside; put on; put themselves; puts; puts herself; putting; sent; set; sets; they lay; they put; they set themselves; thrown themselves; to put; to put oneself; to set; will put there
Mezenzio	Mezentius
mezzanotte	midnight
mezzo	and a half; half; means; meantime; middle; midst; through; time
mezzodì	midday; noon; south
mezzogiorno	midday; noon; south
mi	I; me; myself; to her; to me; to myself; yourself
Micene	Mycenae
Michel	Michael; Michelangelo
Michele	Michael
Migdonia	Migdonia
migliaio	thousands
miglio	mile; miles; millet
migliore	best; better
mil	a thousand; thousand
mila	thousand
Milano	Milan
milia	thousand
militare	military
militiànare	we serve as soldiers
milizia	army; military; military service; militia; warfare
milla	a thousand; thousand
mille	A thousand; a thousand; thousand; thousands
millesimo	thousandth
millesma	thousandth
Milon	Milo
Milone	Milo's
mimmo	mimes
mina	mine; mines
minaccia	threat; threatens; threats
minacciante	threatening
minacciare	threatened; threatening; threatens; to threaten
minacciarme	to threaten me
minacciogliere	threatened her
minaccioso	threatening
minato	contaminated
Minerva	Minerva
minestra	soups
minimo	least; slightest; smallest
minio	minium (red lead pigment)
ministro	minister; ministers; servant
minore	inferior; least; less; lesser; lower; smaller; smallest; younger
Minosse	Minos
Minosso	Minos's
minuire	diminish; diminishes; diminishing
minuita	diminished
minuta	small; tiny
minuto	common; fine; little; minute
mio	My; mine; my; my (feminine plural); my (ones)
mira	aim; aims; look; looks; looks at
Mirabaldo	Mirabald
mirabil	admirable; marvelous; wonderful; wondrous
mirabile	admirable; marvelous
mirabilmente	wonderfully; wondrously
Miracol	miracle
miracolo	miracle; miracles
miracolosamente	miraculously
miracoloso	miraculous
miraculosamente	miraculously
miraculoso	miraculous
Mirammo	we admired
mirande	admirable
mirando	admirable
mirare	Look at; Looking at; aimed; aiming; aims; beheld; gazed; gazes at; he was watching; look; look at; looked; looked at; looked at himself; looking; looking at; looks; looks at; may see; sees; they gaze at; they look at; they looked at; they saw; to behold; to look; to look at; was gazing at; was looking at; watch; watching; wonderful; you saw
mirarte	to watch you
mirasta	you watched
mirato	looked; looked at
miratol	looked at him
miravale	he saw them
Mirforda	from Mirforda
miriare	we look at
Mirmidon	Myrmidons
mirollo	saw him
mirra	Myrrha; myrrh
mirto	myrtle; myrtles
misare	Wretched; wretched
mischina	wretched (feminine)
miser	Wretched; wretched; wretched man
miserabil	miserable
miseramente	miserably; wretchedly
miserare	wretched
miserere	have mercy
miseria	misery; poverty
misero	wretched
miserrimo	most wretched
misserare	put
misterio	mystery
mistero	mysteries
mistiero	need
misto	mixed
mistura	mixture; mixtures
misura	measure; measures
misurare	to measure
misurerare	would measure
mitigare	to appease
mitra	mitre
mlo	him
mobil	changeable; mobile; moving
mobile	changeable
Modana	Modena
moder	modern
modere	modest
moderno	modern; modern ones
modestia	modesty
modesto	modest
modo	in such a way; manner; manners; way; ways
Modona	Modena
moglie	wife; wives
moglier	wife
mogliera	wife
mogliere	wife; wives
moia	dies
mola	mass; millstone; pile
molesta	molests; troublesome
molestare	annoys; bothers; to molest; torments; troubles
molestia	annoyance
molesto	annoying; harasses; torments; troublesome
molgere	troublesome
molino	mill; mills
molla	soft; wet
mollare	soften
mollo	soft; wet; yielding
molo	masses; pier
molta	many
moltiplicare	multiplying
moltiplicavanon	multiplied
moltitudine	crowd; multitude
molto	Many; Much; great; greatly; long; many; much; very; very much
Molza	Molza; Molza (proper name)
momento	importance; moment
Mompolier	Montpellier
Mompoliero	Mompolier
monaca	nun
monachetto	little monks
monaco	Monaco; monk; monks
monarchia	monarchy
monaster	monastery
monasterio	monastery
monastero	monasteries; monastery
Moncalieri	Moncalieri
monchio	mutilated
monda	clean
mondizia	cleanliness
mondo	clean; cleared; world
Monese	of Monese
moneta	coins
monetiere	moneyers
Monferrante	Montferrand
Monferrato	Monferrato
Mongia	Mount
Mongibello	Mount Etna
Mongrana	Mongrana; Mongrana (a place name, referring to the ancestral seat of the House of Chiaramonte); Montgrà
monile	necklace
monister	monastery
Monodante	Monodante; Monodante (a proper name); Monodante's; Monodontus (a proper name); of Monodante
monstruoso	monstrous
montagna	mountain; mountains
Montalban	Montalban; Montalbano; Montalbán
Montalbano	Montalbano
montana	mountain
montanar	mountain dweller
montano	mountain; mountainous
montare	Mount; boards; climb; climbing; climbs; mount; mounted; mounts; rises; rising; to climb; to climb up; to mount; was mounting
montaro	they boarded
monte	heap; mountain; mountains; mounts
Montealbano	Montealbano
Montefiore	Montefiore
monti	Mountains; mount; mountains; rises
monticel	hillock; little mountain; small mountain
Montino	Montino
monton	ram
montone	rams
montuoso	mountainous
monumento	monuments
mora	I may die; May he die; Moorish; die; dies; may die
Morando	Morando; Morando (proper name); hoping
Moratto	Moratto
Moravi	Moravians
morbido	soft
morbo	disease
mordace	biting; mordant
mordare	bite
mordente	biting
mordere	bit; bites; biting; bitten; they were biting; to bite
more	dies
Morea	Morea
morella	dark-colored (feminine singular)
moresca	Moorish
moresco	Moorish
Morgana	Morgana
Morgante	Morgante
Mori	Moors
Morini	Morini (a people of Belgic Gaul)
morire	Dead; I will die; dead; dead people; die; die (subjunctive); died; dies; dying; killed; may die; might die; to die; to die on you; was dying; will die
mormorare	murmuring
mormorio	murmur; murmurs
moro	I die; Moor; Moorish; die; the Moor
morso	bit; bite; bites; bits; bridle; rein
mortal	deadly; mortal
mortale	deadly; mortal; mortals
morte	Death; death; deaths
mortella	myrtle; myrtles
mortifer	death-bringing
mortifero	deadly; death-bringing; death-dealing
morto	dead; dead man; death; deaths; killed; the dead
Mosa	Meuse
mosca	flies; fly
moschea	mosque
Moschino	Moschino
Mosco	Moschus; Mosco (a proper name)
mossa	moved; movement; set in motion; starting blocks; waged
Mossesi	moved
mosto	must
mostra	display; review; show; show (subjunctive); shows
mostrammare	Show me
mostrare	I will show; Show; They show; should show; show; show it; show me; showed; showing; shown; shows; they showed; to show; was showing; will show; you show
mostrarre	showed
mostrassere	showed
mostratemere	Show me
mostravare	showed
mostrerottare	will show you
mostrire	show you
mostro	monster; monsters; show; shown; shows; you show
mostrolla	I show her
mostrollare	showed it to him
mostrollo	showed it to him
mostrossare	showed herself
mostruoso	monstrous
mota	moved
motere	with me
moto	movement; movements
Motor	Mover
motte	jests
motteggiare	joking; to mock
motto	a word; motto; sign; witty remark; word
movare	move
moveo	moved
mover	move; movement; moving; to move
movere	might move; moved; movement; moving; to move
movimento	movement; movements
mozzare	cut off
mozzo	cut; cut off; cut short; shortened
mpacciare	hinders
mpedire	hinders
muffa	mold
muffato	moldy
muggiare	to low; to roar
muggire	bellowing; roars; to moo
mugliando	bellowing
mugliare	bellowing
mulacchia	jackdaws
mulatier	muleteer
Mulga	Mulga; Mulga (a place name)
muliebre	womanly
mulo	mules; mullets
mulsa	coaxed
multa	fines; penalty
multilustre	many-antlered
multiplicare	increased; multiplies
multiplicato	multiplied
multitudine	multitude
munire	fortified
munizion	ammunition; supply
munizione	munitions
muorare	die; dies; may die
muorere	die; you die
muovare	move
muovere	bring; may move; move; moved; moved (he) launched; movement; moves; moving; to move
muovonsiare	they move
muraglia	wall
murato	walled
mure	wall
murmura	murmur; murmurs
Murmuranti	murmuring
murmurare	to murmur
muro	wall; walls
musa	Muses
musaico	mosaic
muschio	musk
Muse	Muses
musica	music
musico	musicians
muso	muzzle; snout
Mussuro	Mussuro
muta	changes
mutare	I changed; change; changed; changes; changing; moves; silent; to change; to move; transformed; was changing; we change; will change
mutato	changed
mutavano	they changed
mutazion	change
mutere	will change
muterire	would exchange
muto	change; changes; exchanges; mute; silent; speechless; you change
mutollo	would exchange
mutossere	changed herself
mutosso	moved
Muzio	Muzio
nabate	Nabataean
Nabatei	Nabataeans
Nabucco	Nebuchadnezzar
Nabuccodonosor	Nebuchadnezzar
nalrollo	told her
nano	dwarf
Napoli	Naples
nappo	cup; goblet; goblets
narancio	orange trees
Narbona	Narbonne
nardo	spikenard
nare	nostrils
narere	I narrated; I told
narramare	tell me
narrandolo	telling her
narrare	Having told; He/She tells; They narrate; he tells; narrated; narrates; narrating; telling; tells; to narrate; to tell; to tell you; told; was narrating; was telling
narre	narrate; tell; you tell
narrollare	he told him
narrollo	he narrated it; narrated to her; told him
narronno	narrated to us
Nasamona	of the Nasamones
Nasamoni	Nasamones
nascare	they narrate
nascendo	being born
nascente	rising
nascere	I hide; I was born; are born; be born; birth; born; is born; may be born; to arise; to be born; was being born; was born; will be born
nascerian	would be born
nascondere	are born; hid; hidden; hide; hides; may hide; to hide
nascoso	hidden
nascosto	hidden
nase	noses
nasere	I narrate
naso	nose
nassare	will narrate
nastro	ribbon
nasuto	big-nosed
Natalia	Natalia
natio	native
nativo	innate; native
natura	Nature; nature
natural	natural
naturale	natural
naturalmente	naturally
naufragio	shipwreck; shipwrecks
naulo	fare
Nausicaa	Nausicaa
nauta	sailor; sailors
Navagero	Navagero
navale	naval
Navarra	Navarre
nave	ship; ships
navigante	navigators; of the sailors; sailing; sailors
navigare	navigating; sails; to sail
naviliare	ship
navilio	boat; ship; vessel
navilo	ships
nazion	nation
nazione	nation; nations
ncalzare	urges
ncanto	enchantment
ncendere	inflames
ncontro	encounter
ncresbere	grieved; it grieved him; regretted
né	And; In; In the; Neither; Nor; about it; about them; along; and; and from it; away; by it; by it / from it; by them; even; for it; for us; from it; from it / of them; from them; from there; from there / out of it; from us; have; her; herself; him; him/it; himself; himself/herself; himself/herself (reflexive); in; in it; in the; in them; in which; in/into; into; into it; into the; it; neither; nor; not; not even; of her; of him; of him/it; of it; of them; them; themselves; then; thence; there; thereby; therefore; thereof; to; to it; to the; to them; to us; to you (of it); us; with it
ne'	Nor; in the; in their; into; into the; nor
nebbia	fog
nebuloso	foggy
necessario	necessary
necessità	necessity
necessitade	need
necessitare	compelled
Neera	Neera (a woman's name)
nefanda	abominable
nefande	abominable; unspeakable; wicked
nefando	abominable; unspeakable; wicked
negadtare	denied
negare	denied; deny; denying; to deny; was denying; will deny
negargle	to deny him
negarmare	to deny me
neghitoso	sluggish
negletto	neglected
negligente	negligent
negligenza	negligence
negozio	task
negra	black
negre	black
negro	Negro (river); black; black man
negromante	necromancer; sorcerer
negromanzia	necromancy
nembo	cloud
Nembrotte	Nimrod; Nimrod's
Nemea	Nemea
nemico	enemies; enemy
neo	blemish
nequizia	wickedness
nerbo	sinew; strength
nerboso	sinewy
Nereide	Nereids
Neri	Black (people)
nero	black; dark
Neron	Nero
Nerone	Nero
Neroni	Neros
nervo	nerves
nessuno	No; No one; any; no; no one; no other; none
Nestor	Nestor
Nestorre	Nestor
nettare	nectar
nettareo	nectar-like
netto	clean; cleanly; clear; completely
Nettunno	Neptune
Nettuno	Neptune
nevere	snows
nfedel	unfaithful
nfernare	hell
nferno	hell; inferno
ngoia	strangles
ngombrare	burdens
ni	them
nibio	kite
nibo	kites
Nicolò	Nicholas; Nicolò
Nicosia	Nicosia
nido	nest; nests
niega	denies
niegare	denies; deny; refuses
niego	denies; deny; refuses
niente	nothing
nieve	snow; snows
nievi	snows
nievo	snows
Nil	Nile
Nilo	Nile
nimica	enemies; enemy; hostile
nimicizia	enmity
nimico	enemies; enemy; hostile; hostile (feminine plural)
ninfa	nymph; nymphs
Nino	Ninus
nipote	grandchildren; granddaughter; grandson; grandsons; nephew
nipotin	little grandson
Nireo	Nireus
no	No; except; no; not; whether
nobil	noble
nobile	most noble; noble
nobiltà	nobility
nobiltade	nobility
nobiltata	nobility
nocchier	helmsman
nocchiere	helmsmen
nocchiero	helmsman
noccia	may harm
nòce	harms
nocea	was harming
nocedere	harm; might harm
nocente	guilty; harmful
noceo	harmed
nocere	harmed; harming; was harming
nochier	helmsman; sailor
nochiere	sailors
nochiero	helmsman
nociuto	harmed
nocivo	harmful
nocque	harmed
nocquer	harmed
nocquere	harmed
nocumento	harm
nodo	bond; knot; knots
noi	We; of us; us; we
noia	annoyance; boredom; bother; trouble
noiare	to annoy
noiarto	to annoy you
noioso	boring; irksome; tedious
nol	and not; cannot; him; him (him/it, i.e., the killer); him not; it; it (him); it (negative); it (not); it not; not; not him; not it
nolo	him (him not)
noma	names
nomade	nomadic; wandering
nomai	named
nomar	to name
nomare	called; named; to name; was named
nomata	named
nomato	named
nome	name; names; renown
nomerare	will call themselves
nominanza	fame; renown
nominare	Named; calls; named; named themselves; naming; to name; we name
nominosso	called herself; named herself; named himself; was named
nomo	name
Nomossi	was named
nomosso	named; named himself
non	Do not; Not; do not; except; no; not; not even
nona	ninth; ninth (hour)
nondimeno	nevertheless
nono	ninth
Norandin	Norandin; Norandino; of Norandino
Norandino	Norandino
Norbelanda	Norbelanda
Norizi	Noricans
Norizia	Norizia; Norway
Normandi	Normans
normando	Norman
normare	Norman
Nortfozia	Norfolk
Norvegia	Norway
nostrale	native
nostro	our; ours
nota	blame; fame; known; marks; notes; reproachful; signs
notaio	notaries
notare	called; is called; is named; known; names; note; noted; noticed; swimming; to be noted; to notice; to swim
notizia	information; knowledge; news; notice
noto	South Wind; South wind; known; notice; notices; south wind; well-known
notricare	feeds
notrire	nourished; nourishes
notrita	nourished
notrito	nourished
notte	Night; night; nights
nottola	owls
notturna	nocturnal
notturno	Night; nightly; nocturnal
nova	new
novanta	ninety
Novara	Novara
nove	last; nine
novel	new
novella	new; news; stories; tale; young; youthful
novellamente	newly; recently
novello	new
novembre	November
Novengrado	Nine degrees; Novigrad
noverare	to count
novità	novelty
novo	new
nozze	wedding
nsegna	banners
nsegno	teach
ntascare	pockets
ntelletto	intellect
ntendere	heard; understands; understood
ntenerire	softens
nterroppa	interrupted
ntese	understood
ntiera	entire
ntoppare	encounters
ntorno	around
ntrare	enter; entered
nu	Pale; bare; can; from it; from which; his; in; in the; in this; indeed; naked; new; no; nor; not; nothing; now; of him/it; of it; of the; than; their; there; thereof; to him; to us; us; where; whom
nube	Clouds; Nubians; cloud; clouds; of the Nubians
Nubi	Nubians; clouds
Nubia	Nubia
nubiano	Nubian
nubilose	cloudy
nubiloso	cloudy
nuca	nape
nudo	bare; naked
nugolo	clouds
nui	us; we
nulla	nothing
nullo	other; void
Numa	Numa
nume	deity; gods
numer	count; number; numerous
numerare	counted; counting
numero	company; number
numerorse	numbered
Numide	Numidian (lands)
numma	coins
nunzio	messenger
nuocciare	may harm
nuocer	to harm
nuocere	harm; harms; to harm
nuora	daughter-in-law
nuotare	swim; swimming; swims; to swim; was swimming; will swim
nuoto	swimming
nuovamente	again
nuovo	New; again; anew; fresh; ignorant; new; news; strange
Nursine	of the Nursian (referring to Nursia, a town in ancient Italy)
nutrice	nurse
nutrire	fed; nourished; nurtured; reared; to nourish
nuvolo	clouds
nvita	invites
nvitare	invited; invites
nvito	invitation; invites
o	O; O (either/or; used here as an exclamation or interjection, meaning 'Oh' or 'O'); O (exclamation); Oh; Or; Whether; either; o; oh; or; whether
obbligazion	obligation
obbligo	obligation
obbrobrio	disgrace; shame; shameful
obbrobriosamente	shamefully
obbrobrioso	shameful
Oberto	Oberto
Obici	Obizzi
obiezion	objection
Obizi	Obizi
Obizzo	Obizzo; Obizzo (proper name); Obizzo (proper name, a male given name)
oblazion	offering
oblazione	offering
obliare	forgets; forgetting; is forgotten; might forget; they forgot
obligare	to bind oneself; to obligate
obligato	obligated
obligazion	obligation; obligations
obligo	obligation; obligations
oblio	Oblivion; forget; oblivion
obliquo	oblique
oblivion	oblivion
oblivione	oblivion
occasion	opportunity
occasione	occasion; opportunities; opportunity
occaso	sunset; west
occhio	eye; eyes
occidente	west
occidere	you kill
occision	slaughter
occisione	killings
occormare	encountered
occorrere	appears; happened; may occur; meets; might be needed; occur; occurred; occurs
occorso	encounter; occurred
occultamente	secretly
occultare	hidden; to hide
occulto	conceals; hidden
occupare	occupied; occupies; occupy; overwhelmed; to occupy
occurrenza	occurrences
Oceàn	Ocean
Oceano	Ocean; ocean
Ocnei	Ocnei
Ocno	Ocnus
Ocricoli	Ocricoli
oda	hear; hears; may hear; ode
odano	hear
odare	be heard; hear; hears; is heard; may be heard; may hear; praise
ode	hears
odiare	Hear; I hated; are heard; hated; hates; hatred; hear; hears; to hate; you hated
odiato	hated
odine	hear
odio	hated; hatred
odioso	hateful
Odo	Odo
Odoardo	Edward; Odoardo
odon	are heard; hear themselves; they hear
odor	fragrance; odors; scent; smell; the scent; the smell
odorare	smell; to smell
odorato	fragrant
odore	fragrances; scent; scents; smell
Odorico	Odoric; Odorico
odorifera	fragrant
odorifere	fragrant
odorifero	fragrant
offenda	offend
offendea	offended
offendere	harms; injured; may harm; may offend; offended; offending; offends; offense; strikes; to offend; will offend; wounded; wounds
offeriare	offered; was offering
offerire	I offer; offer; offered; offering; offers; to offer; will offer
offerta	offer; offerings; offers
offesa	injuries; offended; offense; offenses; offensive; wrongs
offeso	harmed; offended; wounded
officina	workshops
officio	office (religious service)
offico	services
offrire	offered
offuscare	obscured; to obscure
offuscato	clouded; obscured
offusciare	obscures
og	any; each; every
oggetto	object
oggi	Today; today
oggimai	by now; from now on; henceforth; now
oglio	Oglio; oil
ognare	every
ogni	Every; any; each; every
ognita	every; of every; than any
ogniuna	each one
ogno	always
ognor	always; ever
ognora	always
ognorare	always
ognore	always; ever
ognuare	each one
ognun	Everyone; each one; everyone
ognuna	each; each one
ognuno	Everyone; each one; everyone
ognunqusione	everyone
oh	Oh; oh
ohimè	Alas; alas
ohimere	alas
olà	hey
Olanda	Holland
Oldrado	Oldrado
òli	asked him; him (clitic, combining 'gli' with preceding 'dimandò')
Olimpia	Olimpia; Olympia
Olimpio	Olympius
Olindro	Olindo; Olindro; of Olindro
olio	oil
oliva	olive tree; olives
Olivier	Oliver; Olivier
Oliviero	Oliver; Oliver's; Olivier; Oliviero
olla	pots
olmo	elm; elms
olocausto	holocaust
oltra	Beyond; besides; beyond
oltraggiare	insults; outraged
oltraggio	offense; outrage; outrages
oltramontano	ultramontane
oltre	Besides; Beyond; across; besides; beyond
oltremodo	exceedingly
oltro	Beyond; beyond; further
Olvito	Olvito
omai	by now; now
ombilico	navel
ombra	shade; shades; shadow; shadows
ombrare	to shade
ombrella	little shadows
Ombri	Umbrians
ombroso	shady
Ombruno	Ombruno
omere	shoulders
omero	Homer; shoulder
omicida	murderer; murderous
omicidiale	murderous
omicidio	Homicide; murder; murders
omicido	murderous
omiciuolo	little man
omino	men
omo	man
oncia	inch; ounce
onda	Whence; by which; for which; from where; from which; from whom; like waves; of the waves; so; so that; therefore; waters; wave; waves; whence; where; where / from which; whereby; whereupon; with which
onde	Whence; from which; whence; whereby
ondeggiare	surges; sways; to wave; undulated
ondo	from which; of whom; whence; whereby; wherefore; wherewith
ondoso	wavy
onestà	honesty
onestade	Honesty; honesty
onestamente	honestly
onestare	to make honest
onesto	honest; honorable; most honest; proper
onnipotente	omnipotent
onoran	they honor
onoranza	honor
onorare	I honor; honored; honors; they honor; they honored; to honor
onorato	honored
onore	honor; honors
Onorio	Honorius
onoro	I honor
onta	insult; shame
onte	insults; offenses; shame; shameful deeds; shames
onusto	laden
opaco	opaque
openione	opinion; opinions
opera	deed; deeds; work
operare	to operate; worked
operario	workers
opima	rich
opimo	rich
opinion	opinion; opinions
opinione	opinion
oportuno	opportune; suitable; timely
opporre	oppose; opposed; opposes; to compare; to oppose; to oppose to him; you oppose
opporso	to oppose
opportuno	suitable
opposto	opposed
oppressa	oppressed
oppresso	oppressed
opprima	oppresses; overwhelms
opprimere	oppress; oppressed; oppresses
opra	deed; deeds; operation; work; works
Oprar	to operate
oprare	acting; doing; to do; to use; to work; works
oprire	works
or	Now; and; gold; hour; if; now; of gold; or; than; time
ora	Now; an hour; at once; at the same time; from hour to hour; hour; hours; now; than; time
oracol	oracle
oramai	by now
Oran	Oran; Orans; of Oran
orandare	praying
orando	praying
Orano	Oran
òrare	breeze
oratore	orator; orators
Orazio	Horatius
orazion	prayer; prayers
orazione	prayer; prayers
orba	blind
orbi	blind
orbo	bereft
orca	orca; orca (sea monster); orca (the mythological sea monster); orca (the sea monster); orcas; the orcas
ordigno	device; devices
ordillo	arranged
ordinare	arranged; ordained; ordered; orders; planned; to order; to prepare
ordinato	ordered
ordine	arrangement; command; formation; order; orders; rank; ranks
ordir	to devise
ordire	I weave; arranged; plots; to weave; weaves; woven
ordito	woven
orecchia	ear; ears
orecchio	ear; ears
Oreste	Orestes
orezzo	coolness
orfano	orphans
Orfeo	Orpheus
Orgagna	of Orgagna
Orghetto	little bear
orgoglio	pride
orgoglioso	proud
oricalco	brass (trumpets); brass horns
oriental	eastern
orientale	eastern
Oriente	East; Orient; east
origin	origin
origine	origin
origliere	pillows
oriuole	clock
orizzon	horizon
orizzonte	horizon
Orlando	Orlando; Orlando (a proper name, the character Roland); Orlando (personal name); Orlando (proper name); Orlando (proper name, i.e., Roland); Orlando (proper name, the character Roland); Orlando (the character's name); Orlando (the name of the character, i.e., Roland); Orlando's; Roland
orlo	edge
orma	footprints; footsteps; trace; traces; track; tracks
ormai	by now; now
Ormida	Ormida
ornamento	ornament; ornaments
ornare	adorn; adorned; adorns; to adorn; will adorn; will adorn herself; will adorn themselves
ornasto	adorned
ornato	adorned; adornment; ornament; ornamented; ornaments; ornate
orni	ash trees
orno	ash tree
ornollo	adorned it
oro	Gold; gold; golden age; prayed
Orologi	clocks
Oronte	Orontes
Orontea	Orontea; Orontea (proper name)
orrendere	horrendous
orrendo	horrendous; horrible; horrific
orribil	horrible
orribile	horrible
orribilmente	horribly
orrido	horrible; horrid
Orrigille	Orrigille; Orrigille (a proper name); of Orrigille
Orril	Orril
Orrilo	Horrible; Orrilo
orrore	horror
orsa	bears; she-bear
Orse	Bears; Bears (constellation)
orsi	bears
orso	bear; bears
orsù	Come on
Orti	gardens
orto	garden
orza	larboard; port (side); tack; tack (nautical term referring to the side toward the wind); the windward side; to the windward; to the windward side; to windward; windward side
orzo	barley
osare	dare; dared; dares; daring; would dare
osassiere	dared
osbergo	armor; armors; hauberk
oscurare	darkening; to darken; to obscure
oscuro	dark; darken; darkens; darkest; darkness; obscure
Osonia	Osonia
ospite	guests
ospizio	hospitality
ossame	bones
ossedion	siege
osservanza	observance
osservare	observed; observes; observing; to observe; was observing
osservazion	observation
osso	bone; bones
osta	army; host; innkeeper
ostante	withstanding
ostare	hosts; innkeepers; to hinder; to oppose; withstands
ostel	hostel; inn
ostello	dwelling; hostel; inn; lodging
Ostericche	Austria
ostia	Ostia; host
ostier	innkeeper
ostiero	innkeeper
ostil	hostile
ostinare	obstinate
ostinata	stubborn
ostinato	obstinate; stubborn
ostinazion	obstinacy
ostro	purple; south wind
ostro—silocco	south-southeast wind
Oto	Otto
Otobon	Ottobuono
Oton	Oton; Otto
Otone	Otho; Otto
Otonlei	Otonlei
otta	time
ottanta	eighty
ottantamila	Eighty thousand; eighty thousand
ottantesimo	eightieth
Ottavio	Octavian
ottavo	eighth
ottenere	obtain; obtained; obtains; to obtain
ottenuto	obtained
ottimo	best; excellent
otto	eight
ottobre	October
Ottonlei	of Ottonlei
ove	Where; where; wherever
over	or
ovile	sheepfold
ovo	egg
ovunque	everywhere; wherever
ozi	leisures
ozio	Idleness; idleness; leisure
Pace	Peace; in peace; peace
pacificare	to make peace
pacifico	peaceful
paco	peace
padella	frying pan
padiglion	pavilion; pavilions; tent; tents
padiglione	pavilion; pavilions; tent; tents
Padova	Padua
padre	Father; father; fathers
padron	captain; master; master's
padrona	mistress
padrone	captain; master; masters
Padua	Padua
paesan	countryman; native
paesana	countrywoman
paesane	countrymen
paesano	countryman
paese	countries; country; countryside; homeland; land; region; regions
Pafo	Paphos
paga	pay
pagan	Pagan; pagan; pagans; the pagan
pagana	pagan
paganesmo	paganism
Pagania	Paganism; pagan land; paganism
pagano	pagan; pagans
pagare	Pagan; pagan; paid; pay; pays; the pagan; to pay; to pay for it
pagato	paid
paggio	page; pages
paglia	straw
paia	may appear; may seem; seem
paiare	seem; seems
paio	I seem; pair; seem
pal	stake
paladin	knight; knights; paladin; paladins
paladino	knight; knights; paladin; paladins
palafren	palfrey; steed
palafreno	palfrey; steed
palage	palaces
palagio	palace
palato	palate
Palavigine	Palavicini (feminine plural)
palazzo	palace; palaces
palco	balconies; ceiling; ceilings; floors; galleries; platform; stages
paledere	reveals
Palenza	Palencia
palesare	to reveal
palese	be revealed; clear; evident; in the open; make known; public; reveals; visible; well-known
Palestina	Palestine
Palidon	Palidon
palischermo	boat; dinghy; lifeboat; longboat; small boat
palla	ball; balls
Pallade	Pallas; Pallas (Athena)
pallido	Pale; pale
pallio	cloak
palma	palm; palm (as a symbol of victory); palm (as in the palm of victory); palm (of victory); palm tree; palm trees; palm wood; palms
palme	palms
palmo	palm; palm (as a unit of measure); palm (unit of measure)
palo	poles; stake
palpare	feels; may touch
palpebre	eyelids
palpitante	palpitating
palude	marsh; marshes; swamp; swamps
palustre	marshy
pan	bread
panacea	panacea
pance	bellies
pancia	belly
pane	bread
Panfilia	Pamphylia
pania	birdlime
Pannizzato	Pannizzato (a proper name, likely referring to a person)
panno	at his side; cloth; clothes; cloths; garments
pannocchia	ear (of grain)
Pannoni	Pannonians
Pannonia	Pannonia
Pansa	Pansa
pantan	marsh; mud
pantano	mud; swamp
pantere	panthers
panziera	breastplate
panziron	breastplate
papa	pope
papasso	chaplain
papaver	poppy
papavero	poppy
papo	popes
par	I speak; It seems; Seems; appears; as; compared to; equal; equal to; equally; he/she spoke; it seemed; it seems; level; like; not; pair; par; seemed; seems; side; speak; speaks; spoke; step; that; to her; to make; to parry; with
paradiso	paradise
paragon	comparison; comparisons; paragon
paragone	comparison; paragon; proof
paramento	wall hanging
parare	parrying; to parry
Parca	Fate; Fates
parcere	seems
Parche	Fates
parco	sparing
parde	leopards
pardo	Pardo; leopard
pare	seemed
parea	it seemed; seemed
parean	seemed; they seemed
pareano	seemed
parecchio	several
pareggiare	equal; equaled; equalizes; equals; matched; to equal
pareggio	equal; equals
parentado	kinship
parente	relative; relatives
parere	It seemed; appeared; appears; can; equal; it seemed; it seems; it would seem; judgment; might seem; opinion; opinions; pair; seem; seemed; seeming; seems; she seemed; similar; suffers; they seemed; to appear; to seem; to seem to me; to seem to you; to show; would seem
parete	wall; walls
Pargli	It seemed to him
pargliare	it seems to him; to him
pargoletta	little girl
pargoletto	little birds; little child; little children
pari	equal; equally; equals; even; similar
Parigi	Paris
Parigin	Parisians
parigine	Parisian
Parigini	Parisians
parigino	Parisian
parimente	equally; likewise
parlamento	conversations; parliament; talks
parlare	I speak; had spoken; say; speak; speaking; speaks; speech; spoke; spoken; talk; they talk; to speak; was speaking
parlarme	to speak to me
parlaro	speeches
parlere	speaks
Parma	Parma
parmare	it seems to me; seems to me
parme	I seem; It seems to me; it seems; it seems to me; seems; seems to me
parmere	seems
Parmi	It seems to me
Parmigiano	Parmesan
parmo	it seems to me
Parnasso	Parnassus
parne	seems
paro	beside; equal; even; match; pair
parola	speech; word; words
paroletta	little words
parrare	will appear; will seem
Parrasio	Parrhasius
parria	would seem
parriare	would seem
parrio	would appear
partare	leave
parte	aside; departs; direction; divide; in detail; in part; leaves; light; on behalf of; part; partly; parts; party; place; places; region; regions; share; side; sides; splits
partecipe	Participant
parteggio	take sides
partendere	he left; leaves
partenza	departure
partiare	they left
participare	to be shared
participaron	shared
participe	participant
partigiano	supporters
partire	depart; departed; departing; departs; departure; divided; divides; dividing; he left; he/she departed; leave; leaves; leaving; left; part; parting; place; separated; separates; sharing; side; split; splits; splitting; they leave; they left; to break off; to depart; to divide; to leave; to leave from there; to separate; to split; to withdraw; turned; was leaving; will leave; you depart
Partissi	left
partita	departed; departure
partito	agreement; choice; condition; course of action; decision; departed; divided; having departed; offers; options; plan; plans; plight; proposal; terms; the choice
parto	birth; childbirth; leave; offspring
partorre	gave birth; gave birth to
parturire	they give birth to; to give birth; to give birth to
paruta	appeared; seemed
parve	appeared; seemed
parverare	seemed
parvere	seemed
parvire	they seemed
pasare	it seemed to me
pascare	may feed; may graze; they may graze
pasceano	were grazing
pasceo	was grazing
pascer	to feed; to graze
pascere	they were feeding; to feed; to graze; was grazing
paschi	pastures
pasciare	feed
pasciere	fed
pascire	feeds; grazes; grazing
pasco	pasture
Pasife	Pasiphae
passaggio	passage
passare	Passing; cross; crossed; crosses; crossing; gone; had passed; having crossed; having passed; may pass; may surpass; might pass; pass; passed; passed through; passes; passes away; passes through; passing; past; pierced; pierces; steps; surpassed; surpasses; to cross; to go beyond; to pass; to pass through; to pierce; was passing; will pass; will surpass; you may go
passata	past
passato	passed; past; pierced
passeggiare	walks
passiare	let us pass
passion	passion
passione	affliction; passion; passions
passire	crosses; disheveled; may pass; pace; passes; step; we cross
passo	May (someone) pass; crossing; he may pass; pace; pass; passage; passes; path; step; steps
pasta	dough
pasto	food; meal
pastor	shepherd; shepherdess; shepherds
pastorale	pastoral
Pastore	Shepherd; shepherd; shepherds
pastorel	shepherd
pastura	pasture
pata	suffers
patente	open
pater	fatherly; paternal
paterno	paternal
patia	suffered; was suffering
patian	suffered
patimo	suffer
patire	I suffer; I will suffer; endure; suffer; suffered; to endure; to suffer; was suffering; will suffer
patiron	suffered
patischinare	suffer
patre	father
patria	fatherland; homeland
patriarca	patriarch
patrio	native; paternal
patrocinio	patronage
Patròclo	Patroclus
patron	captain; master; masters
patrona	mistress
patrone	master; masters; patrons
patto	agreement; agreements; by agreement; condition; conditions; deal; pact; terms
pattolo	Pactolus
Paulo	Paul
paura	fear; fears
pauroso	fearful
pausa	pause
paventare	fears
pavente	fear
paventoso	frightening
Pavia	Pavia
pavimento	floor; floors
pazienza	patience
pazzia	Madness; follies; madness
pazzo	Mad; crazy; mad; madman; madmen; madness
pecca	sins
peccare	I sinned; to sin
peccato	sin; sinned; sins
peccator	sinner
peccatore	sinner; sinners
pecchia	bees
pece	pitch
pecina	pitch
pecora	sheep
pedestre	on foot
pedone	foot soldiers; infantryman; infantrymen; on foot
peggio	worse; worst
peggiore	worse; worst
pegne	pledges
pegno	pledge
pei	by the; for the; through the
pel	By; For; Through; along; along the; by; by the; for; for the; fur; hair; of hair; the same; through; through the
pelago	sea
pelare	I pulled out his; plucked
pelarglere	to pluck him
pelegrin	pilgrim
pelestino	Palestinian
pelle	skin; skins
pellegrine	foreign
pellegrino	rare
pelo	fur; hair; skin
peltro	pewter
Pembrozia	Pembrozia
pena	barely; difficulty; fear; from pain; hardly; pain; pains; penalties; penalty; punishment; scarcely; sorrow; sorrows; suffering; sufferings; torment; torments
penare	to suffer
pendente	hanging
pendere	hang; hanging; hangs; hung; to hang
pendice	slope; slopes
penello	with a brush
Penelope	Penelope
Penelopea	Penelope
penètrare	penetrated; penetrates; to penetrate
penitenza	penance; repentance
penna	feather; feathers; pen; quill; tip; wing; wings
pennato	winged
pennel	paintbrush
pennello	brush; brushes
pennese	sailors
pennon	banner
pennoncello	pennant; small pennon
pennuta	feathered
pennuto	feathered
penoso	painful
pensare	He thinks; I think; I thought; She thinks; Think; Thinking; do you think; he plans; he thinks; he thought; he/she thinks; intends; might think; plans; they think; think; thinking; thinks; thought; to think; to think for themselves; unexpected; was thinking; you think
pensaste	you thought
pensato	planned
penseriare	would think
pensier	Thought; plan; thought; thoughts
pensiero	expectation; intention; mind; opinion; thought; thoughts
pensilo	let him think of it
pension	pension
pensollire	thought of it
pensoso	pensive; thoughtful; worried
pensossere	thought
pentacolo	pentacle
pentare	repents
Pentesilea	Penthesilea
pentimento	repentance
pentire	repent; repentant; repented; repenting; repents
pentito	repentant; repented
pepe	pepper
per	As; Because of; By; Despite; For; For this; For this reason; In order to; On; Therefore; Through; To; about to; again; along; as; as a reward for; as a sign of; as far as; because; because of; by; by chance; by force; by means of; by way of; by which; down; due to; everywhere; except; for; for this reason; for whom; from; in; in exchange for; in order to; in the past; on; out of; over; over/along; per; so that; therefore; through; throughout; to; to avoid; to see; to the ground; with
pera	may die; may perish; perish; perishes
perché	Because; Why; although; as; because; except; for; let alone; not; not even; of which; of whom; or; since; so that; than; that; though; whether; which; who; whom; why; with whom
perciò	Therefore; therefore
percondere	beaten; struck
percossa	Struck; blow; blows; struck
percossare	struck
percossere	struck
percosso	blow; struck
percoteo	was striking
percotere	beating; strikes; striking; was striking
percuota	strikes
percuotare	may strike; they strike
percuotere	strikes; to strike
percutere	struck
perdente	losing
perdere	I lost; forgive; forgiveness; forgives; had lost; is lost; lose; loses; losing; lost; may be forgiven; may forgive; mercy; pardon; sage; they forgave; they lost; to lose; to waste; was losing; wastes; wasting; we will lose; will lose; you lose; you lost
perderlare	to lose it
perderonla	they lost her
perdita	loss; losses
perditor	loser
perdon	forgiveness; pardon
perdonanza	pardons
perdonare	I forgave; forgive me; forgives; forgiving; spares; they forgive; to forgive; to forgive him
perdono	forgiveness; pardon
perdurare	forgave
Perduta	Lost; lost
perduto	lost
peregrin	pilgrim; pilgrims; wandering
peregrine	foreign; pilgrims; wandering
peregrino	foreign; pilgrim; pilgrim's; traveler; wandering
peregrio	pilgrim
perfetto	accomplished; perfect
perfezione	perfection
perfidia	perfidy; treachery
perfido	faithless; perfidious; treacherous
pergiurare	perjured
pergiuro	perjurer; perjury
pericol	danger
pericolo	danger; dangers
pericoloso	dangerous
perigliare	endangers oneself
periglio	danger; dangers; peril
perigliosa	dangerous
periglioso	dangerous; perilous
perir	perished
perire	may perish; perish; perished; to die; to perish; was dying; was perishing; would have perished
periro	died; perished
perito	skilled
periuro	perjurer
perle	pearls
permettere	allowed; exchange
permezzo	in the middle
permutare	to exchange
però	However; Therefore; Yet; but; however; pear tree; perish; therefore
perpetuamente	perpetually
perpetuo	everlasting; perpetual
perseguire	you pursue
perservare	to preserve
perseveranza	perseverance
persevrare	persists
Persi	Persian; Persians
persia	Persia
perso	dark; dark blue
persona	Persons; appearance; body; people; person; stature
personaggio	characters
persuadare	persuaded
persuadere	persuaded; persuades; to persuade
persuasione	persuasion
persutto	hams
pertenere	concerned
pertica	pole
pertinace	stubborn
pertinacia	obstinacy
pertugio	hole
pervenire	arrived
perverso	perverse; wicked
pesare	to weigh; weighs
pescara	Pescara; Pescara (a city in Italy); Pescara (a place name, here referring to the Marquis of Pescara)
pescareccio	fishing
pescator	fisherman
pesce	fish
peso	burden; loads; weight; weights
pessimo	worst
pestare	bruised; crushed; crushes; footprint; strikes; trace; track; tracks; trampled; treads
peste	battered; plague; trample; trampled
pestilente	pestilent
pestilenza	pestilence
pesto	Pesto (a place name, referring to Paestum); beaten; plagues; tread
petron	statue
pettina	comb
petto	breast; breasts; chest; chests; heart
pezzo	piece; pieces; stretch; while
Pia	Pia
piacciare	May it please you; may it please you
piacere	it pleased; may it please; may please; might please; pleasant; please; pleased; pleases; pleasing; pleasure; pleasures; the pleasure; to please
piacevol	pleasant
piacevole	pleasant
piacevolezza	pleasantness
piacquere	pleased
piaga	wound; wounds
piagato	wounded
Piagenza	Plasencia
piagere	I cry
piaggia	beach; beaches; shore; slope; slopes
piagnare	may weep; weep; weeps
piagnere	to cry; weeps
pian	plain; slowly; softly
piana	flat; plain
pianamente	quietly; softly
pianeta	planets
piangea	wept
Piangeano	they were weeping
pianger	weeping
piangere	cries; crying; mourned; to cry; to weep; was weeping; weep; weeping; weeps; wept; were weeping; while crying; will cry; you weep
piano	clear; field; flat; flat land; ground; level; plain; plainly; plains; slowly; softly
pianta	feet; plant; plants; soles (of the feet); stock
piantare	planted; to pitch
pianto	cried; cries; crying; lament; mourned; tears; weeping; weepings; wept
piantovere	I plant
pianura	plain; plains
piastra	armor; armor plate; breastplate; plate; plate armor; plates
piatanza	food (served in a monastery)
piato	quarrel
piatto	flat; hidden; in hiding; plate; plates; secretly
piazza	open area; open space; room; square; squares
Picardi	Picards
Picardia	Picardy
picardo	Picard
picca	pikes
picchiare	struck; they knock; to beat
picchiata	blows
piccin	little one
piccino	tiny
picciol	little; small
picciolino	little
picciolo	small
picco	peaks
piccolo	little; little one; small; tiny; tiny little one
Piceni	Picenes
Pico	Pico
piè	feet; foot; pious
piede	feet; foot; on foot
piegare	bend; bends; bent; folded; may bend; to bend; to bend you; turning; turns; yields
piegossere	bent
pien	Full; full
pienamente	fully
pienare	full
pieno	filled; full; fully
Pier	Peter
Pierio	Pierian
Piero	Peter
pietà	Pity; compassion; mercy; piety; pity
pietade	Pity; compassion; pity
pietata	pity
Pietate	Piety
pietoso	compassionate; pious; pitiful
pietra	stone; stones
Pietro	Peter
pietrosa	stony
pifare	pipes
piglare	may seize; may take; seize; take; takes; we take; you take
Piglial	He grabs
pigliare	I take; Take; grabs; he takes; seizes; take; taken; takes; taking; they take; they took; to catch; to seize; to take; took; we took; will take; would take up
piglierare	I will take; will take
pigliere	takes
piglin	take
piglio	grip; seize; seizure
pigrizia	laziness
pigro	lazy; slow
pilastro	pillar; pillars
pilodare	hairy
pilota	pilot; pilots
pin	pine; pine tree
Pinabel	Pinabel; Pinabel (proper name)
Pinabello	Pinabello; Pinabello (a proper name)
Pinadoro	Pinadoro
Pinamonte	Pinamonte
Pindo	Pindus
pingere	paints
pino	pine; pine tree; pines
pio	pious; the Pious
pioggia	rain
piombo	lead
piovere	fallen; rained; rains; was raining
piovoso	rainy
Pipino	Pepin; Pippin
piramide	pyramids
pirata	pirates
Pirene	Pyrenees
Pirenei	Pyrenees
Pireneo	Pyrenees
Piritoo	Pirithous
Piròo	Pyroeis
piropo	carbuncle (a precious stone, possibly ruby or garnet); fire-opal
Pirpignano	Pirpignano
Pisauro	Pesaro
piscatore	fishermen
piscoso	fish-abounding
Pistofilo	Pistofilo
pistro	sea monsters
Pitagora	Pythagoras
pittor	painter
pittore	painter; painters
pittura	painting; paintings
più	More; Rather; again; any; any more; anymore; closer; ever; farther; further; longer; more; more than; moreover; most; no longer; rather; than; the more
piuma	feather; feathers
placabil	appeasable
placare	calms; to appease; to calm; to placate
placido	peaceful
placorno	appeased
plauso	applause
plaustro	wagon
pleba	common people; people; plebeians
plettro	plectra; plectrum
Plutone	Pluto
Po	Po; Po (the river Po); Po (the river); can; the Po (river)
poca	little
poco	Few; Little; a little; almost; few; little; not very; small; very few
poder	property
podesta	power
poesia	poems; poetry
poeta	poets
poggere	ascend; climbs; hills; lodge; may rise
poggetto	hill; hills
poggi	hills
poggiare	climbing; goes up; leeward; rests; rises; soars; starboard; starboard tack; tacking; tacks; to climb; went up
poggin	may rise
poggio	hill; hills
pognare	we suppose
pogniare	put
poi	Then; after; afterward; afterwards; later; since; then
poiché	because; for
Policràte	Polycrates
Polidoro	Polidorus
Polifemo	Polyphemus
Polignoto	Polygnotus
Polinesso	Polinesso
polite	polished
polito	polished; refined
Pollacchi	Poles
pòllo	chicken; it
polo	pole
polpe	flesh
polso	pulse
poltro	sluggish
polva	dust
polveroso	dusty
pome	apple; apples; hilt; pommel
Pomeria	Pomerania
pomo	apple; apples
pompa	pomp
Pompeio	Pompey
pomposo	pompous; proud
pon	Put; places; puts; west
pondo	burden; weight
Ponente	West; the West; west
ponente—libecchio	west-southwest wind
ponere	might place
pongare	put
Pongli	Put on him
ponno	can
Pontan	Pontano
ponte	bridge; bridges
pontefice	pontiff
ponticel	little bridge
ponticello	little bridge; small bridge
Pontier	Pontier
Pontieri	bridge-builders; bridges; of Pontieri
Pontiero	Pontiero
pontificale	pontifical
pontifice	pope
Ponto	Pontus
ponve	places; puts
popol	people
popolato	populated
popolo	people
poppa	breasts; sails; stern; sterns; the stern
popul	Moorish people; people
popular	popular
populare	common people; popular
populazzo	populace; rabble
popule	people
populo	people; peoples
populoso	populous
porca	sow
porco	Ogre; Orc; boar; ogre; pig; pigs
porfidio	porphyries
porfido	porphyry
porgere	offers; they put; to offer
porgliare	to place before him; to place for him; to put him; to put it on him
porla	to place her; to put to her
porlare	can help him; to place it; to put her
porlo	to place him
porma	to place me; to put me
pormare	to place me; to place myself
porre	I offered; I will place; I will put; Let us suppose; ambush; applied (themselves); bears; braces; can; established; having put; having set aside; laid; laid low; may put; offer; offered; paid attention; pig; place; placed; places; places himself; placing; plants; put; put (himself/herself) to; put himself; puts; putting; rested; set; spurs; they would carry; they would put; to give; to offer herself; to place; to place him; to place on her; to put; to put him; to put himself; to put on; to put oneself; to put them; to set out; was placing; was putting; we will set; will place; will put; would place; would put
porsere	offered
porso	to offer oneself; to place oneself; to put
porta	brings; carries; door; doors; gate; gates; leads; wears
portallo	I carried him
portamento	attire; behaviors; deeds
portare	I bear; I bring; I carried; I carry; bear; bears; behaved; bore; borne; bring; bringing; brings; brought; carried; carries; carries away; carry; carry me; carrying; door; gate; harbor; having carried; it carries; leads; led; may carry; may carry away; might bring; might carry; ports; she carries; they bring; they carried; they carry; they might carry; to bring; to carry; to carry it; to wear; was carrying; wear; wearing; wears; were carrying; will bring; wore; worn; would bring; would carry; you bring; you carry
portata	carried
portatavo	carried there
portavare	carried
portico	porticoes
portinar	doorkeeper
portino	wear
porto	I bear; I bring; bear; bring; brought; carries; carry; harbor; harbors; port; ports
portollo	bore him; carried him
Portommi	carried me
portonna	brought away; took away from there
portòre	He brought us
portosso	behaved
Portughese	Portuguese
porvare	to put; to put on it; to put there
porvere	dust
Porzio	Porzio (a surname)
posa	rests
posare	placed; rested; resting; to rest
Poscia	After; after; then
posciare	after; afterward; afterwards; then
poscio	afterward
posere	placed
posporre	put after
poss	can
possa	forces
possanza	might; power
possanzare	strength
possare	can; may; may go
possedere	possesses; to possess
posseditore	possessor (feminine)
possendere	being able to; being able to have
possente	mighty; powerful
possessione	possession
possesso	possession
possessore	possessor
possi	may; you can
possibil	possible
possibile	possible
possibire	possible
possire	can I
possuto	been able
posta	ambush; placed; pleasure; post; post (as in a stopping place or stage on a journey); watch
postase	having placed themselves
postilla	annotations
posto	paid; placed; put
postonere	having placed; having placed himself
postovo	having placed there
Postumo	Posthumus
poteale	could give her
potean	they could use
potendere	being able to have you
potente	powerful
potere	He could; I could; I could be; I was able to; They can; be able; be able to; been able; been able to; being able; being able to; can; can (2nd person plural); can (subjunctive); can put; could; could be; could harm; could have; could recognize each other; could remove; may; may be; may be able; may be able to; may give; may have; might; might be able to; paid attention; place; placed; places; power; put; puts; strength; the possibility; they could; they placed; they were able to; to be able; to be able to; to be able to [for you]; was able to; we can; were able; will be able; will be able to; will be able to hear; you can; you could; you will be able to
potessone	could (they) do; might be able to
potestade	power
potestata	power
potesto	could hear
potiomere	we can
poto	prunes
potrare	will be able; will be able to
potria	could lose
potriano	could think; they could believe
potriare	could; could (they) lift; they could
potrio	could; would believe
potrire	could; could be; could seem; will be able to; would be able to
potutono	of it
poverello	poor people
povero	poor
povertà	poverty
povertade	poverty
pozion	potion
pozione	potion
pozzo	well
Prando	Prando
Prasildo	Prasildo
pratel	little meadow; meadow
prateria	meadow
pratica	arrangement; attempts; engagement; experience; practice
praticare	to practice
pratico	experience; experienced; practical
prato	field; meadow; meadows
pravare	wicked
prave	wicked
pravo	evil; wicked
prece	prayer
precedere	preceded
precesso	previous
precetto	precepts
precio	prayers
precioso	precious
precipizio	precipice
precisare	precisely
preclare	distinguished; renowned
preclaro	famous; illustrious
preda	booty; prey
predatore	predator; predatory
prede	booty; prey; spoils
predetto	foretold; predicted
predire	foretold; predict; predicted; to predict; to predict to you
predissa	predicted
preferire	preferred
preferito	preferred
prefiggere	appointed; assigned; fixed
prega	begs
pregare	I beg; I pray; asked; begged; begging; begs; beseeched; pray; prayed; prayer; prayers; praying; prays; they entreat; they pray; to beg; to pray; was praying
pregaro	they begged
pregastare	you begged
pregato	begged
pregavare	were praying
pregiato	esteemed; prized
pregio	credit; esteem; merit; merits; praise; prize; value; worth
pregione	prison
pregno	full; pregnant
prego	pray; prayers
prelato	prelate; prelates
premare	presses
premere	clings; matters; mounts; oppresses; pressed; presses; pressing; was pressing; weighs; weighs down; weighs upon
premiare	rewarded; rewarding
premio	prize; prizes; reward; rewards
premongere	press
premuto	pressed
prendere	Having taken; I took; Take; They take; capture; captured; captures; caught; grasps; held; hit; hits; may take; might receive; reached; receives; seized; seizes; take; take it; taken; takes; they take; they took; to catch; to take; to take up; took; undertaken; undertaking; was taking; you took
preparare	had prepared; prepare; prepared; prepares; to prepare; was preparing
preporre	may prefer; placed; placed before; to place before
preposto	placed (in charge)
presa	caught; grapples; grip; seized; taken; took; undertaken
presaga	foreboding; foretelling
presagere	foreboding
presago	foreboding; foretelling
prescrivere	decreed; prescribed
preselare	he took him
presente	present
presenza	appearance; presence
presidio	garrison; protection
preso	taken
Preson	prisoner
presso	close by; near; pressed; up to
presta	ready
prestamente	quickly
prestante	handsome; outstanding; valiant
prestare	be early; gave; lend; lends; lent; promises; provided; quick; quickly; ready; swift; swiftly; to lend; will lend
prestezza	quickness; swiftness
presto	Quickly; early; quick; quickly; ready; soon; swift
Prestògli	lent him
prestollo	provided
presumere	presumes
presuporre	I presuppose; presuppose
presupporre	I presuppose
prete	priests
Preteianni	Prester John
preterire	I omit; pass over; to break; to omit
pretesto	pretext
prevalere	avails; prevails
prevedere	I foresaw; foresaw; foreseen; you foresee
prevenire	anticipated; preceded
prezioso	precious
prezza	esteems; values
prezzare	is valued; to value; values
prezzere	value
prezzo	esteem; price; prize; value; values; worth
pria	Before; before
priare	before
priega	begs
priegare	I beg; I pray; beg; begs; may beg; prayers; they beg
priego	beg; pleas; prayer; prayers; request
prigion	prison; prisoner; prisoners
prigione	imprisonment; prison; prisoner; prisoners; prisons
prigionero	prisoner
prigioniera	prisoner; prisoner (feminine)
prigioniero	prisoner; prisoners
prima	Before; First; as before; as soon as; before; earlier; either; first; formerly; original; previous; previously; rather; than before
primamente	firstly
primavera	spring; springtime
primier	first; former; previous
primieramente	firstly
primiero	earliest; first; former; original
primizia	first fruits
primo	as before; at first; before; first; former; original; the first (one)
principal	main; principal
principale	principal
principe	prince
principessa	princesses
principio	beginning; beginnings; of princes; princes
prio	before
prisca	ancient
prisco	ancient
privare	deprive; deprived; to deprive
privatamente	privately
privato	deprived; private
privilegio	privilege
privo	bereft; deprive; deprived; deprives; devoid; lacking
pro	benefit; profit
pro'	valiant
procaccia	seeks; seeks to obtain; strives
procacciare	I procured; procured; procured for himself; procures; procuring; strives; to procure
procaccierian	would procure
procedere	comes; must proceed; proceeds; to proceed
procella	storm
Prochi	suitors
procinto	about to
proco	champions
procura	powers of attorney
procurare	obtains; procure; procures; seek; seeks; strives
procuratore	procurators
proda	bank; bow; prow; shore
prode	brave
prodessore	banks; brave; shore; shores
prodezza	deed of valor; deeds; valor
prodigo	prodigal
produrre	produce; produced; produces; producing; to produce; will produce
produtto	produced
proemio	preamble
profanato	profaned
profano	impious; profane
proferire	offered; offers; they offered; to offer; to utter
profersa	offered
proferta	offer; offers
profeta	prophet
profete	prophets
profetico	prophetic
profetizzare	prophesied; prophesying
profezia	prophecy
profitto	benefit; profit
profluvio	diarrhea
profondo	deep; the deep
profugo	fugitives
profumato	perfumed
profundamente	deeply
profundo	deep
progenare	will have generated
progenie	offspring; progeny
progenitor	ancestor
progenitore	progenitrix
Progne	Procne
progresso	progress
proibito	forbidden
prole	offspring
prologo	prologue
prolungare	prolong; prolonging; prolongs
promessa	promise; promised; promises
promesso	promised
promettere	I promise; I promised; may promise; promise; promise me; promised; promises; promising; to promise; was promising; you promised
promettiano	we promise
promisere	promised
promission	promise
prondo	inclined
pronto	most ready; readiness; ready; very ready
pronubare	matron of honor
propagare	to propagate ourselves
propagine	offspring
propinquo	near; nearby; their own
propio	own
propizio	favorable
propizo	favorable
proponimento	intention; resolution
proporre	intended; let him propose; proposed; proposes; proposing; purpose; they were proposing
proporzion	proportion
proporzionato	proportioned
proposito	intention
proposta	proposal
proprio	exactly; his own; one's own; own; proper; same; very
prora	Prow; bow; prow
prore	bows; prows
prorògare	postpone
prosa	prose
proscrizion	proscription
Proserpina	Proserpina
prosessore	prose
Prosper	Prosper
prosperare	prospering
prospero	favorable; prosperous
prossimo	nearby; nearest; next
prostrare	prostrated
prosumere	conjectures; presumes
prosupposto	supposed
proteo	Proteus
protervare	haughty; stubborn
proterve	stubborn
protervo	arrogant
protestare	I protest
protesto	protest; protests
Protogene	Protogenes
prova	attempt; attempts; deed; deeds; experience; feats; means; proof; proofs; test; tests; trial; trials; tries
provallo	to prove it; to test him
provare	Tested; experience; experienced; finds; let him try; might try; proof; proven; test; tested; testing; to prove; to test; to test myself; to test oneself; to test themselves; to test you; to try; trial; tried; tries; try
provarma	to test myself
proveder	to provide
provedere	provide; provide for yourself; provided; provides; providing for; provision; to provide; will provide
proveduto	provided
proveggiare	may provide; provide; provide for; provides
Provenza	Provence
provenzal	Provençal
provenzale	Provençal
proverbio	proverb
proviare	let us try; we try
provide	arranged
Providenza	Providence; providence
provido	provident
provincia	provinces
provire	we prove
provision	provision
provista	supplied
provisto	provided
provocare	provoked; to provoke
provveggiare	provides for oneself
prua	bow
prudente	most prudent; prudent
prudenza	Prudence; prudence
prun	thornbushes
pruno	thorn bush
pruova	attempt; attempts; deed; deeds; experience; feats; proof; proofs; proves; test; trial
pruovare	experience; tests; try
pruovere	deeds; feats; proofs; trials
pruovo	proofs
Prusion	Prusion
Prusione	Prusione
Pruteni	Prussians
publica	public
publicamente	publicly
publicare	published; to publish
publico	public
pudica	chaste
pudicizia	chastity; modesty
pudico	chaste; modest
pueril	childish
puerizia	boyhood
Puglia	Apulia
Pugliesi	Apulians
pugna	battle; combat; fight; fists
pugnace	warlike
pugnal	dagger
pugnale	dagger
pugnar	to fight
pugnare	battle; fighting; he fights
pugnato	fought
pugno	blow; fist; fists
pulcin	chick
Pulian	Pulian (proper name)
Puliano	Puliano
pulire	to polish
pulito	clean
pulzella	maiden
pundere	they spurred
pungare	may sting; pierce; stings
pungedere	might sting
pungente	piercing; pricking; prickly; sharp; stinging
pungere	pierces; pricks; spurs; stings
punire	I will punish; punish; punished; punishes; to punish
punito	punished
punizion	punishment
punizione	punishment
punsire	pierced; pricked; stung
punta	point; points; thrust; thrusts
puntare	point
puntellare	spurs
puntello	prop; supports
punto	at all; at the right moment; exactly; moment; point; points; pricked; ready; spurred; stop; stung; wounded
puonere	can; he puts
puono	can; place
puossi	one can
puotere	can
puoto	can
pupilla	pupils
pure	Nevertheless; Yet; after all; also; as long as; at last; even; even if; however; in vain; indeed; just; nevertheless; not even; not only; only; or; or rather; provided that; quite; still; though; yet
purga	purges
purgare	cleansed; may cleanse; to cleanse; to purge; will purge
purgato	purged
puro	clear; pure
purpura	purple
purpurea	purple
purpureo	purple
purpuro	purple
purpurre	purple
putia	stank
putrido	rotten
putta	prostitutes
puttana	prostitute; prostitutes; whore
puzza	stench
puzzo	stench
qotere	which
qua	Here; here; such as; which
quadrella	arrows
quadriga	chariot
quadripartire	divided into four parts
quadro	hall; square
quadrupede	four-footed
quai	of whom; such as; what; which; whose
quaio	What; of whom; some; which; whom
Qual	As; Such; What; as; such; whatever
qualcha	some
qualche	some
quale	As; Such; Such as; What; any; as; as is; like; of whom; some; such; such as; what; whatever; when; whenever; which; which one; whichever; who; whom; with which
qualitado	qualities
qualitata	quality
qualo	who
qualor	whenever
qualora	whenever
qualsivoglia	any; whatever
qualunche	whichever; whoever
qualunqu'	anyone
qualunque	any; whatever; whichever; whoever
quando	When; if; since; when; whether
Quanta	How much
quantità	quantity
quantitade	quantity
quanto	As; As for; As long as; As much as; How; How many; How much; However much; all; as; as far as; as for; as many as; as much; as much as; how; how long; how many; how much; however; however many; however much; much; of whom; than how many; than those who; that which; the more; what
quantunque	Although; although; however
quaranta	forty
quarantaduomila	forty-two thousand
quarti	quarters
quartiere	quarter
quartiero	banner; quarter; quartering
quarto	fourth; quarters
quasi	Almost; almost
quattordici	fourteen
quattro	Four; four
quello	He; That; That (feminine singular); That (one); That one; Those; of those; she who; that; that (demonstrative adjective); that (feminine singular demonstrative pronoun referring to 'night'); that (feminine singular demonstrative pronoun referring to beauty); that (feminine singular demonstrative pronoun); that (feminine singular); that (one); that one; that one (feminine singular demonstrative pronoun referring to 'gente'); that one (feminine singular); that one (feminine); the one who; those; those (feminine plural); those (ones); whatever
queno	those
quercia	oak; oaks
querela	complains; complaint; complaints; laments; lawsuits; quarrels
querelare	complains
querelo	I complain; complain
questione	dispute
questo	These; This; This one; his; of the; of these; stayed; these; these (men); these (ones); these (people); these two; this; this (one); this one
qui	Here; from here; here
quietare	to quiet
Quiete	Quiet
quieto	calm; peace; peaceful; quiet; quietly; rest; tranquillity
quincere	from here; hence; thence
quinci	From here and there; from here; from there; hence
quincia	from here; hence
quindi	From there; Hence; Then; Thence; Therefore; and from there; and therefore; from here and there; from there; hence; on the other side; then; thence; there; therefore; thereupon
quindice	fifteen
quindici	Fifteen; fifteen
quindicimila	fifteen thousand
Quinsaì	Quinsaì
quinto	fifth
quivare	there
quivi	Here; There; there
quivo	Here; There; here; there
rabbia	anger; fury; rage
Rabican	Rabican; Rabican (the horse's name); Rabican (the name of a horse)
Rabicano	Bayard; Rabicano; Rabicano (a horse's name, literally meaning 'white-haired' or 'roan'); Rabicano (the horse's name); Roan (a horse with a coat of mixed white and colored hairs)
rabuffato	disheveled
raccendere	flushes; rekindles
racchetare	calmed down
racchetato	quieted
raccheture	calmed down
raccogliere	collected; collects; embraces; gathered; gathering; gathers; is gathered; may gather; received; welcomed
raccoglione	gather; they welcome
raccolsere	welcomed
raccolta	gathered; gathering; retreat; sheltered
raccolto	gathered
raccomandare	I entrust; commends; commends herself; recommend; recommends
racconciare	fixed
raccontare	recounts; telling; tells; to tell; to tell you; told
racconto	tell; told
raccorcere	shortens
raccorciare	shortened
raccordare	remembered; remembers; reminded; to remind; you remember
raccordato	remembered
raccore	to gather
raccorrere	gather; to gather
raccozzare	reunited; to bring together
raconsolare	comforts
racontar	to recount
raconte	told
racquistare	regains; to regain
racquisto	reconquest
rada	penetrates; shaves; sparse; sweeps
raddoppiare	is redoubled; redoubles; to double; were doubled
raddoppiosso	redoubled
rade	rare
radere	grazes; grazing; rare; rarely
radice	root; roots
rado	rarely; thin
radoppiare	redoubled; redoubles
Rafael	Raphael
raffigurare	depicted; recognizes; recognizing
raffreddare	to cool; to cool down
raffrenare	restrains
raffrenato	restrained
raffrinare	restrain
raffrinere	restrain
ragare	I reason; reason; speak
ragazzo	boy; boys
raggiare	radiated; shines
raggio	ray; rays
raggire	circles; turns around
raggirollo	turned him around
raggiugnare	reaches; reattaches
raggiungere	joined; may reach; reached
ragguagliare	compares; equated; is settled
ragionamento	conversation; reasoning; reasonings
ragionare	decided; discusses; reason; reasoned; reasoning; reasons; speaks; talking; talks; to reason; to reason about; was reasoning
ragione	account; advice; arguments; claim; reason; reasons; right; right (as in claim or entitlement); rights
ragionere	We will discuss
ragna	net; spider web; web
ragno	spiders
raguagliare	is compared
Raguna	gathers
ragunare	collects; gathered; gathering; gathers; to gather
raguno	gathers
rai	eyes; rays
Raimondo	Raymond
ralegrare	to rejoice
ralentare	slows down
rallegrare	I rejoice; rejoices; to cheer up; to rejoice
rallegrosso	rejoiced
rallentare	slackened
Rama	Rama
ramarco	laments
ramaricare	to complain; to lament
ramaricato	they had complained
ramaricavare	they were complaining
ramarico	complaints; lament; laments
ramarro	green lizard
Rambaldo	Rambaldo
rame	copper
ramentare	remember; remembers
rammentare	recalling; remembering; remembers
ramo	branch; branches
rampognare	rebukes
rampollo	offshoot; sprouts
ramuscel	little branch; small branch
rana	frogs
rancia	rancid
rancore	resentment
Ranier	Ranier
rannicchiare	curl up
rapace	predatory; rapacious; raptorial
rapaco	rapacious
rape	drags; turnips
rapiare	they snatched
rapiccare	reattached
rapido	rapid
rapina	plunder; plunders; prey; robberies; robbery; theft; thefts
rapire	kidnapped; snatched; snatches; stolen; to snatch
rapiscare	snatch away
rapo	snatched
rapportare	reported
rapporto	reports
rappresentare	represented; represents
rarissimo	very rare; very rarely
raro	few; rare; rarely; sparse; thin
rasere	cleared
rasigere	I return
rasoi	razors
rassegnare	to surrender
rassegnato	resigned
rassembrare	appear; resembles
rassere	clears
rassettare	to repair
rassettere	adjusts; he readies
rassettosso	settled
rassicurare	reassures herself; reassures himself
rassimare	resembles
rassimigliare	resembled; resembles
rassumere	gathers again; we re-sum
rastrel	barrier
rastrello	gates; portcullis
ratificare	ratified
ratto	quickly; swift; swiftly
rauco	hoarse
ravegnano	of Ravenna
Ravenna	Ravenna
ravvedere	repents
ravviare	finds his way back
ravvidere	regained consciousness
razionale	rational
razza	breed; race; stock; tapestry
razzo	rockets
re	King; king; kings
rea	guilty; wicked
real	royal
reale	royal
realmente	royally
Reame	Kingdom; kingdom
recidere	cut off
reciproco	reciprocal
recudere	refuse
redarguere	rebuking; refuting
redentera	redeemer
Redentor	Redeemer
Redentore	Redeemer
redenzione	redemption
redimere	to redeem
redine	reins
redino	rein
redintegrare	to reintegrate
redire	to return
reflettere	is reflected
refrigerio	relief
refugere	refuge
regal	royal
regalmente	royally
regalo	royal
reggean	ruled
reggere	could hold; endures; governed; guided; holding; may govern; may rule; ruled; rules; straight; supported; to hold; to hold back; to support; to support oneself; will rule
reggeriare	would withstand
reggimento	government; rule
Reggio	Reggio; Reggio (a city in Italy)
regi	kings; of kings; royal
regia	royal
regina	queen
regine	queens
regio	regal; royal
region	regions
regione	region; regions
registrare	registers
regnare	may reign; reign; reigned; reigns; ruled
regnatore	ruler
regno	governments; kingdom; kingdoms; may reign; of the Stygian kingdoms; realm; realms; reign; reigns
rei	bad; evil; guilty; wicked
relazion	account
relegare	relegated
religion	Religion; religion
religione	religion
religioso	religious
relinqare	abandon
reliquia	relics; remains
relucente	shining
remettere	remitted
remigso	sent back
remission	remission
remo	oar; oars
remorchiare	towing
remota	distant
remoto	distant; remote; very remote
rena	kidneys; loins
Renata	Renata
Renato	Renato
rendere	Return; gave; gave back; give; give back; gives; gives back; giving; let himself be made; made; may give back; may return; may you return; render; rendered; renders; restores; return; returned; returns; surrender; surrendered; surrenders; they give back; they may render; to give; to give back; to make; to render; to render (or: give); to render (to give back); to return; to surrender; were rendering; will make; will render; would render; you give back; you rendered
rendetto	gave
rendita	revenues
rengere	I rule
renitente	reluctant
Reno	Rhine; the Reno river
reo	cruel; evil; guilty; wicked
reparatore	restorers
repente	suddenly
repentin	sudden
replare	replied
replicare	echoing; recounted; repeated; repeating; repeats; replied; replies; they repeat; to repeat; to reply
reporre	placed; stored
reposta	hidden
reposto	hidden
reprimare	may suppress
repulere	rejected; repelled
repulsa	refusal; refusals; rejections
reputare	reputed
requie	rest
resistenza	resistance
resistere	may resist; resist; resisting; resists; to resist
respingere	driven back; pushes back; repelled; repelling; repels
responso	oracles
ressare	bore; held; sustained; withstood
resta	lances; remains
restare	I refrain; I remained; I will remain; ceases; does not stop; may remain; refrains; remain; remained; remaining; remains; rest; rests; stay; stayed; stays; stops; to remain; to stay; we remained; will remain; would remain
restaro	remained
restauro	restoration
restavanonare	remained
restetare	let her stay
restiàn	remained
restiare	may you remain
restio	reluctant
restituire	may restore; restored; returned; to restore
resto	I remain; Let remain; ceases; remain; remainder; remains; rest; the rest
restosso	remained
restringere	confine; gathered; narrowed; restricted
resupinare	lying on her back
rete	net; nets
reticella	hairnet
retroguardia	rearguard
retroguardo	rearguard
retta	correct; governed; held; led; right; supported
retto	would have held out
rettore	guide; ruler
revedere	reviewed
reverire	reveres
reverito	revered
rezzo	shade
ria	bad; cruel; evil; harsh; wicked
riabbere	got back; recovered
riabbiare	may have again; recovers
Rialto	Rialto
riandare	bad; bank; cruel; guilty; harsh; shore; spiteful; wicked
riavere	regain; to have again; to have back; to recover; to recover oneself; to regain
riaversa	to recover
riavettere	had recovered
riavuto	recovered
ribalda	wicked
ribaldo	rascal; rogue; scoundrel; villainous
ribattere	strikes back; striking back; to parry
ribellare	rebellious
ribelle	rebellious; rebels
ribellione	rebellion
ribello	rebellious
ribollo	boils
ribomba	resounds
ribombar	resounding
ribrezzo	shudder
ribuffare	rebuffs
ribuffato	bristled
ricaccia	drives back
ricacciare	thrusts himself back
ricadere	falling again; to fall again
ricamare	embroidered; embroiders
ricamato	embroidered
ricamo	embroideries; embroidery
Ricardo	Richard
riccamare	embroidered; to embroider
riccamato	embroidered
riccamente	richly
riccamo	embroideries; embroidery
ricchezza	riches; wealth
Ricciarda	Ricciarda
Ricciardetto	Ricciardetto
Ricciardo	Ricciardo; Richard
ricciuto	curly
ricco	rich; richest; very rich; wealthiest
ricerca	searches
ricercare	searched; searching; seek; seeking; seeks; to seek
ricetta	receives
ricetto	refuge; shelter
ricevere	I received; receive; received; receives; to receive
richezza	riches
richiamare	called back; calls back; might call back; recalled; to call back
richiamo	you call back
richiedere	asked; asked for; requested; requires
richiesta	request
richiudere	encloses; may cover
richiusare	closed
richiuso	closed; closed up
ricogliere	gathering; gathers
ricolta	harvests
ricompensa	reward
ricompensare	to compensate; to reward
ricomprare	to buy back
ricondurre	brought back; brought herself back; led back
riconfortare	comforts; comforts herself; comforts himself
riconobbere	recognized
riconoscere	I recognize; recognize; recognized; recognizes; to recognize
ricontare	to recount; to tell
ricoprire	covered; to cover
ricorcare	lay down again
ricordanza	remembrance
ricordare	he remembered; memory; remember; remembered; remembering; remembers; remind; reminded; reminder; reminds; to remember; to remind; was reminding; we remember; you remind
ricordiare	remember
ricordo	advice; memory; reminder
ricordosso	he remembered; remembered
ricormare	returns
ricorrere	had recourse; might turn to; ran back to; resorted; resorted to; resorts; resorts to
ricorso	had recourse; recourse; resort; resorted to
ricovrare	recover; recovered; to recover
ricovrato	recovered
ricovrere	recovers
ricreare	recreate themselves; refreshed; to recreate; to recreate oneself; to refresh themselves
ricuoprare	cover oneself; covers
ricuperare	to recover
ricusare	refused; refused (subjunctive); refuses; refusing; to refuse
ridare	laughs
Ride	laughs
ridente	smiling
ridere	laughed; laughing; laughs; laughter; to laugh; was laughing
ridicere	was repeating
ridire	to say again; to tell again
ridonire	give back
ridrizzorre	righted itself
ridurre	accumulated; brought; brought back; gathered; gathering; had gathered; had retreated; led back; may lead back; reduced; resorted; restored; retired; retreated; to bring back; to bring him back; to lead back; to reduce; will reduce; withdrawn; withdraws; withdrew
ridutto	brought; reduced; retreat
riebbire	recovered
riedere	returns
rifare	remade; remakes; remaking; to make again; to rebuild
Rifei	Riphaean
riferilla	reported
riferire	gave back; he would say; recounted; reported; to report; to tell you
rifiuto	refusal; refuse; refuses
riflettere	reflects
rifondere	pours back
riforzare	strengthening
rifrancare	revives
rifrenato	restrained
rifrescare	refreshing; to refresh
rifresco	refreshed herself
rifulgare	may shine
rifulso	shone
riga	irrigates; line; row
riganare	they water
rigare	flowing; furrowed; streaking; striping; to wet; watering
riggere	upright
rignare	reigning
rigore	harshness; strictness
riguardante	concerning; looking on
riguardare	I consider; I may look; I watched; concerns; he/she looks at; let him consider; looked around; looked at; looking; looking at; looks; looks at; regarded; regards; to look at; to look at oneself; to watch; we consider; we look
riguardo	attention; caution; consideration; regard
rilegondere	they reread
rilevare	avails; raised; to lift; to lift up; to raise oneself; to recover
rilevato	raised
rilevere	recovers
rima	rhyme
rimagnare	remain; remains; stay
riman	remains
rimandare	to send back; would send back
rimandato	sent back
rimando	in return
rimanente	remaining
rimanere	left; might remain; remain; remained; remaining; remains; sent back; to remain; will remain; would remain; you remained
rimanrare	will remain
rimante	remain
rimarrare	will remain
rimarriane	would remain
rimarriare	would remain
rimaso	left; remained
rimbomba	resounds
rimbombare	resound; resounded; resounds; they resound; to resound
rimbombo	boom
rimbvere	resound; resounds
rime	rhymes
rimediare	remedy; to remedy
rimedio	remedies; remedy
Rimedonte	Rimedonte
rimembranza	remembrance
rimembrare	recalling; remembering; remembers; remind; reminds; to remember; you might remember
rimembre	remember
rimenare	brings back; to bring back
rimenere	bring back; you take back
rimessa	downcast; put back; remounted; submitted
rimettere	I entrust; forgiven; may send back; put back; puts back; puts back on; putting back; re-grown; referred; reinstated; reinstates; remitted; remounted; reset; restored; subdued; submits; they entrust; they leave it; they were putting back; withdraws; withdrew
rimondato	cleaned
rimondo	bare
rimonere	may remount
rimongare	remounted
rimongere	mounts again
rimontare	mount again; to mount again; to remount
rimorso	remorse
rimosso	removed
rimote	very remote
rimoveanse	were removed
rimunerare	rewarded
rimuovare	may remove; remove
rimuovere	moves away; removed; removes
Rinaldo	Rinaldo; Rinaldo (proper name)
rinchiudere	closed; enclosed; encloses; set; shut in; was enclosing
rincontrare	met again
rincrebere	regretted
rincrescare	displease; may displease; may it displease; regret
rincrescere	was displeasing
rinculare	recoiled
rinegare	renounced
rinegato	renounced
rinfacciare	reproaches; to reproach
rinforzare	reinforces
rinfrancare	recovers
rinfrescare	renewing
ringiovenire	rejuvenated
ringo	growls
ringrazare	thank
ringraziamento	thanks
ringraziare	I thank; I will thank; thank; thanked; thanking; thanks; to thank
ringraziolo	I thank him
ringrazionne	thanked
rinovare	renew; renewed; to renew
rinovato	renewed
rinovellare	renews
rinovo	renews
rinselvere	re-enters the woods
rintuzzare	to blunt
rinunzia	renunciation
rinuovare	renews
rinuovere	renew; renews
rio	bad; cruel; dire; evil; guilty; harmful; harsh; river; stream; wicked; wretched
ripa	bank; shore
ripar	defense; defenses; remedy
riparare	prevent; protects against; provided for; remedies; remedy; repair; repairs; shelters; takes refuge; to defend oneself; to protect himself; to remedy; to repair; to shelter oneself; to take shelter; to withstand
ripare	protect
riparere	defense; remedy; shelter
riparo	defense; defenses; embankments; protection; remedy; shelter; shelters; wall
ripassare	might cross back
ripassire	crosses again
ripe	banks; shores
ripensare	was thinking back
ripetere	repeated; repeating
ripieno	filled
ripigliare	I take back; resumed; resuming; retakes; takes back; to regain; to retake; to take again; took up again
Ripon	Put away
riporglare	to give back to him
riporre	hidden; may put back; placed; places; put (back on); put away; put back; puts away; puts back; rest; sets down; stored; to put back; will restore
riportallo	carry him back
riportare	I receive; bring back; bringing back; brings back; carried back; carries back; may I receive; might bring back; relied; repays; reported; reports; to bring back; will bring back
riporto	bring back; brings back
riporvare	to put you back
riposare	repose; rest; rested; rests; to rest
riposo	rest
riposossere	rested
riposto	stored
riprendere	blame; criticized; may reproach; rebukes; reproached; reproaches; reproaching; resuming; takes up; takes up again; was reproaching; you might reproach
ripretdere	restrained
riputare	considered; esteemed; to be esteemed; to consider; to consider oneself
riputato	considered; reputed
risa	Risa; laughter; smile
risalire	remounted; to climb back up; to mount again; to remount; to ride up again
risalutare	greeted back
risanare	to heal
risanere	heals; heals again
risapere	might know
riscaldare	heated
riscaldere	warms
riscattare	to ransom
riscatto	ransom
rischiare	clear up
rischio	risk
risco	danger; risk
riscontrare	encountered; encounters; met; might encounter; they encountered; to clash; to encounter
riscossa	rescued
riscuotere	rescued
Rise	laughed
risentire	feels again; recovered; starts; to regain consciousness
riserbare	is reserved; spares; to reserve for him; to reserve it
riserbato	reserved
riserbiare	reserve
riserbire	may be reserved; may preserve
riserbre	reserve
riserrare	locks up again
riservare	reserve
risforzare	strives; to renew
risforzio	efforts
riso	laughed; laughter; smile
risoluto	resolved
risolvere	decided; resolves; to resolve; was resolving
risonare	resound; resounded; to resound
risorgere	risen; rises again
risorsa	resources
risorto	risen
rispettare	respects
rispetto	as a precaution; consideration; hesitation; regard; respect
rispiare	spares
rispingere	pushed back; pushes back
risplendente	resplendent
risplendere	may shine; shines; will shine
rispondere	He answered; I answered; I reply; answered; answers; faces; had answered; may answer; replied; replies; respond; responding; responds; said; they would respond; to answer; to respond; was answering; was echoing; were answering; will answer; you respond
risposongli	They answered him
risposta	answer; answers; reply; response
rissa	brawl; brawls; fights; quarrel; quarrels
ristaurare	to restore
ristituire	to restore
ristorare	restore; to restore
ristore	compensation
ristoro	refreshment; relief; rest
ristretto	confined; crowded
ristringere	confined; narrows; shrinks; tightens
ristrinso	gathered
risultare	results; turns out
risuonare	resound; resounds; to resound
risuonere	resound; resounds
risurtare	risen
risurto	risen
risvegliare	wakes up; woke up
risvegliosso	woke up
ritardare	delays
ritegnare	may keep
ritegno	restraint
ritenere	believes; he kept; held; held back; holds back; kept; refrains; restrained; restrains; retains; stopped; they kept; to hold back; to keep back; to restrain; to retain
ritentare	to try again
ritiendere	keeps
ritingere	redipped
ritirare	to withdraw; withdrawing; withdraws; withdrew
ritiro	he/she retreats; withdraws
Ritmonda	Ritmonda
rito	custom; rite
ritoccare	touches again
ritolgere	took back
ritondetto	roundish; somewhat round
ritore	to return
ritornare	I may return; I return; let's return; may return; might return; return; returned; returning; returns; they returned; to return; turns back; was returning; we return; will return; would return
ritorneriare	would return
ritornire	may return
ritorno	return
ritornollo	and returned to him; returned them
ritornosso	returned
ritorta	twists
ritrarre	depicted; he/she shaped; pulled back; retreated; to bring her back; to depict; to drag back; to draw back; to portray; to pull back; to rescue; to retreat; to withdraw; withdrawn; withdrew
ritrarso	to draw back
ritrasso	withdrew
ritratto	brought back; depicted; having pulled back; portrait; portrayed; withdrawn
ritrondere	reluctant
ritrosettare	shy
ritroso	averse
ritrovallo	to find him
ritrovare	I found again; To find; find; find again; find myself; find ourselves; finding; finding again; finding himself; finding oneself; finds; finds again; finds herself; finds himself; finds oneself; found; found again; found herself; found himself; found oneself; found themselves; might find; might find again; they found; they found each other again; they found themselves; they found themselves again; to find; to find again; to find oneself; to find themselves; we find; will find himself; would find
ritrovarte	to find you
ritrovato	found; found again
ritrovere	finds herself; finds himself
ritrovo	I find; find
ritrovolla	found her
ritrovollare	found her again
ritrovollo	found him again
ritrovonna	found (of them)
ritrovossa	found himself
ritrovosso	found herself; found himself
ritruovare	finds; finds again; finds himself; finds oneself; found again; they find again
ritruovere	finds; finds again; is found; may find
ritto	right (feminine singular); standing; straight; upright
riuscire	Succeeding; came out; may turn out; succeed; succeeded; succeeding; succeeds; to come out; to get out of it; turned out; turns out; will come out again; will turn out to be
riva	bank; banks; shore; shores
rivadere	may go back
rival	rival
rivale	rival; rivals
rive	streams
rivedere	reviewing; see again; seeing again; to see again
riveggare	may see again
riveggiare	see again
rivelare	reveal; revealed; reveals
rivelere	reveal
rivenire	came back; may return; returned
rivera	bank; river; shore
riverare	shore
rivere	pour out
riverente	respectful; reverent
riverenza	bows; respect; reverence
riverilere	he respected him
riverire	greets; honors; respected; respects; revere; revered; reveres; to revere; you honor
riversare	falls back; knocks down; knocks over; on her back; overturned; overturns; poured; pours down; throws down; to fall backward; to fall backwards; to knock down; to overturn; to spill; to throw oneself down
riversciare	fell; to spill
riversciato	flung
riverso	backhand; lying on his back; on his back; overthrown; overturned; reverse; reverse blows; reversed; upside down
riversosso	he collapsed
rivestire	clothed; puts on; to clothe
rividere	he saw again
riviera	bank; coast; river; riverbank; shore
rivo	stream; streams
rivocare	recalling; revoke
rivolare	flies back
rivolgere	turned; turning; turns; turns around; turns over; was turning over
rivolta	turned
rivoltare	to turn around; turned; turning over
rivoltosso	he turned himself around; turned
rivolvere	turns over
rivulziare	nurtured
rizzare	rises
rizzosso	rose up
rizzovere	stood up
Roano	Rouen
roba	belongings
robusto	robust; strong; sturdy
rocca	Rocca; fortress; fortresses; rock
Roccaforte	stronghold
roccia	rock
Rocella	Rocca; Rochelle
roco	hoarse
Rodano	Rhone; Rhône
rodea	was consuming
rodere	gnaws; to gnaw
Rodi	Rhodes
Rodomonte	Rhodomont; Rodomont; Rodomont (a boastful warrior character); Rodomont (a boastful warrior); Rodomont (a boastful, arrogant warrior); Rodomont (a character's name); Rodomonte; Rodomonte (a character name); Rodomonte (a proper name, a character in Orlando Furioso); Rodomonte (proper name of a character); Rodomonte (proper name); Rodomonte (the character's name)
Rodonna	Rhone
rogge	red
roggio	red
Roma	Rome
Romagna	Romagna
Romagniuoli	Romagnols
Roman	Roman; Romans
Romania	Romania
romano	Roman
romare	roan
rombo	roar; spirals
Rome	Romes
romeo	pilgrim
rominare	ruminating
romito	solitary
romor	noise
romore	noise; noises; rumors
rompere	break; breaks; broke; broken; defeated; route; to break; to break you; tore; will break; you break
rompergle	to break for him
romperso	breaking
ronca	scythe
roncare	billhook
Ronco	Ronco (a river in northern Italy)
rondinella	swallow (small bird)
ronzin	nag
ronzine	nags; small horses
ronzino	hack; nag
roppa	broke
roppo	broke
ropporre	broke
rosa	rose; roses
rosata	rosy
rosato	rosy
Roscia	of Roscia
rosignuol	nightingale
rosignuolo	nightingales
roso	rose
rosseggiante	reddening
rosseggiare	to redden; was reddening
rossi	red
rosso	Red; red
rossor	blush
rossore	blush
rostro	beak
rota	sweeps
rotare	turning
rotella	small wheels
rotta	broken; defeat; defeated; defeats; flight; rout; route; routed; shipwrecked; wreck
rotto	broken; defeated; worn out
rovente	burning
roverso	overturned
rovescio	backhand
rozzo	rough
rozzon	nag
rubare	blackberries; might plunder; stealing; stole; stolen; to steal
rubato	stolen
rubator	thief
rubatore	thief
rubella	hostile
rubello	rebellious
rubiconda	ruddy
rubicondo	red; ruddy
rubin	rubies; ruby
rubino	rubies
rubrica	heading
rubrio	red
rudo	rough
ruffiano	pimp; pimps
ruga	wrinkle
ruggere	roar
ruggiare	roared
Ruggier	Roger; Rogero; Ruggier; Ruggiero; Ruggiero (Italian epic hero); Ruggiero (a character name); Ruggiero (a proper name, Italian form of the name); Ruggiero (a proper name, Italian variant of Roger); Ruggiero (proper name); Ruggiero (proper name, Italian form of Roger); Ruggiero (proper name, character in Orlando Furioso)
Ruggiero	Roger; Rogero; Ruggiero; Ruggiero (proper name, a character); Ruggiero (proper name, a knight in the poem); Ruggiero (proper name, the legendary knight); Ruggiero's
ruggine	rust
ruggire	roar; roars
rugiadoso	dewy
Rugier	Ruggiero
rugine	rust
ruginoso	rusty
rugoso	wrinkled
ruina	collapse; ruin; ruins
ruinar	to demolish
ruinare	destroys; ruined; ruins; to ruin
ruinato	ruined
Ruine	ruins
ruinire	collapse
ruinoso	ruinous
ruminare	to ruminate
rumor	noise; rumor
rumore	noise; noises
ruota	circles; turns; wheel; wheels; whirls
ruotare	Rotating; rotates; spins; turns; wheel; whirls
ruscel	stream
ruscello	stream; streams
Rusci	Russians
Russi	Russians
rusticano	rustic
ruta	rue
ruvido	rough
sabbia	sand
sabbion	sand
sabbione	sand
sabeo	Sabaean
saccheggiare	plundered; plunders; sacked
sacco	bag; sack
saccomanno	sack; to plunder
sacerdote	priest; priests
sacramento	oath; sacrament
sacrificio	sacrifice
Sacripante	Sacripant; Sacripante; Sacripante (proper name)
sacro	accursed; holy; sacred
Sadoletto	Sadoleto
saetta	arrow; arrows; lightning bolt
saettare	shooting; to shoot arrows
saettia	light fast ship
saetto	arrows
Saffetto	Saffetto
Saffi	Saffi
Safo	Sappho
saga	sorceress
sagace	sagacious
sagaco	sagacious
sagge	wise
saggiare	wise
saggio	proof; test; wise; wiser
saglia	may rise; rises
sagliare	ascend; ascends; rises
sagliere	they climb
sagontino	of Saguntum
sagra	siege engine
saguinoso	bloody
sala	hall
Salamanca	Salamanca
Salamon	Solomon
Salamone	Solomon
salario	salaries
salato	salty
salce	willow
salcio	willows
saldare	to heal; welds
saldo	firm; firmer; firmly; heals; solid; sound; steadfast; steady; sturdy
sale	halls; rooms
Salentini	Salentines
saliare	climbed; was rising
salinterno	Salinterno
salire	climb; climbed; climbing; climbs; goes up; had risen; halls; having climbed; having risen; might climb; mounted; mounts; rise; risen; rises; rose; they climbed; to climb; to go up; to mount; to rise; was rising; will climb; will rise
saliro	they climbed; they went up
saliron	they climbed
salissere	might climb
salita	ascended
salma	bodies; body; burden; cargo
salmone	salmons
salnitro	saltpeter
salpa	salps
salsa	climbed; leapt; mounted; rose; salty
salso	saltwater; salty
saltare	He jumps; he/she jumps; jump; jumped; jumping; jumps; leaps; leapt; they jump; to jump
saltellare	hops
saltero	psalters
salto	jump; jumps; leap
salutare	greet; greeted; greets; to greet
salutaron	they greeted
salute	health; safety; salvation; well-being
salutifero	salutary
saluto	greeting; greetings; greets
salutollare	greeted her
salutollo	greeted him
salvamento	safety
salvare	safe; save; save themselves; saved; saved herself; saved themselves; saves; saving; they save; to save; to save himself; to save myself; to save oneself; to save you; will save
salvarme	to save myself
salvatico	wild
Salvator	Savior
Salvatore	Savior
salviare	we saved ourselves
Salviati	Salviati (a member of the Salviati family)
salvin	may they save
salvo	may save; preserved; safe; save; saves
Salvossi	saved himself
salvosso	saved himself
sambuca	sambuca (a type of ancient stringed instrument, similar to a harp or lyre)
Samo	Samos
san	Saint; know how to; saint; they know
sanabil	healable
sanare	to heal; to heal her
sanassin	healed
Sanazar	Sannazaro
Sanga	Sanga (proper name)
sangue	blood
sanguigno	bloodthirsty; bloody
sanguinoso	bloody
sanguio	bloods
sanità	health
sanitade	health
sano	heals; healthy; sound
Sansogna	Saxony
sansone	Samson
Sansonetto	Samsonite; Sansonetto; Sansonetto (a character name, a Saracen knight); Sansonetto (a personal name); Sansonetto (a proper name); Sansonetto (a proper name, diminutive of Sansone); Sansonetto (a proper name, here referring to a character); Sansonetto (a proper name, likely referring to a character; a diminutive form of Sansone, i.e., 'little Samson' or 'Samsonite'); Sansonetto (a proper name, referring to a knight); Sansonetto (proper name); Sansonetto (proper name, a Saracen knight); Sansonetto (proper name, a character); Sansonetto (proper name, likely referring to a character); little Samson
sant'	holy
Santa	Holy; Saint
sante	holy
Santerno	Santerno (river)
santissimo	most holy
Santitade	Holiness
santo	Holy; Saint; holy; most holy; saint; saints
sanza	without
sanzare	without
sanzo	without
sape	they knew
sapeano	they knew
sapeo	knew
sapere	He knows; I knew; I know; I would know how to; Know; Know (you all); arrow; could; could detach; he knew; he knew (how); he/she knew; healed; knew; knew how; knew how to; know; know (subjunctive); know (you all); know how; know how to; know it; knowing; knowledge; known; knows; knows (subjunctive); knows how to; learned; let him know; may know; might know; one knew; she knew; so; tasted; they knew; they knew (subjunctive); they know; to know; to know about it; to know myself; was able; we knew how; will know; wisdom; would know; would know how to; you knew; you knew (subjunctive imperfect); you know; you will know; you will know how
saperlo	to know it
sapor	flavor
saporito	tasty
saprallo	will know it
sapria	would know
sapttare	shot forth
Saracin	Saracen; Saracens
saracina	Saracen (feminine)
saracine	Saracens
Saracini	Saracens
Saracino	Saracen
Saragosa	Saragossa
Sardi	Sardinians
Sardigna	Sardinia
sare	will be
saria	would be
sarian	would be; would have been
sariare	would be; would have; would have been; would have disappeared; would have gone; would have run
sario	would be; would have been
Sarisberia	Salisbury
Sarmazia	Sarmatia
sarpare	to weigh; weighs
sarta	riggings; ropes
Sarza	Sarz; Sarz(a); Sarza; Sarzana; of Sarsa; of Sarza
sasso	Sasso; rock; rocks; stone; stones
sassoso	rocky
Satalia	Satalia; Satalia (a place name, likely referring to Attalia in Asia Minor)
Satallone	Satallone
Satanasso	Satan
satisfà	satisfies
satisfacciare	may satisfy; satisfy
satisfare	satisfied; satisfy; to satisfy; will satisfy
satisfatto	satisfied
satisfazion	satisfaction
satisfece	satisfied
satisfecere	satisfied
satollere	satiate
satollo	sated; satiated; satisfied
satrape	satraps
Saturno	Saturn
Saulo	Saul
sauro	bay (color of a horse)
Sava	Sava
savia	wise
savio	wise
savo	wise
sazere	satiates; satisfied
sazia	satiated
saziare	may satisfy; satisfy; to satiate; to satisfy; you satisfy
sazio	sated; satiated; satisfied
sbalzare	leaps; to hurl
sbaragliare	defeats
sbarra	bar; barricade; barrier; bars; spreads
sbarragliare	disperses
sbarraglio	deploys
sbarragliollo	scattered them
sbarrare	to spread apart
sbarrato	barred
sbattuto	battered
sbigottire	dismayed
sbigottito	bewildered; dismayed; dumbfounded
sbiguire	dismayed
sbirraglia	police force
sbramare	to satisfy
Sbrigossi	he freed himself
sbrigosso	she hurried
sbucare	emerges
sbuffare	puffs; snorting
scabro	rough
scacciare	drives away; to drive away
scacco	check
scaglia	chips
scagliare	flings himself; hurled; hurls; scale; threw; throws himself
scagliollo	he hurled them
scaglion	grayling
scaglionere	steps
scaglioso	scaly
scala	gangplank; ladder; ladders; staircase; stairs
scalare	rope ladder
scalco	steward
scaldare	heated; to heat; warms
scaltrare	enlighten
scaltrito	cunning
scalzo	bare; barefoot
scampa	escapes
scampare	escapes; may escape
scampo	I escape; escape; escapes; rescue
scandolo	scandal
scannafosso	trenches
scannare	slaughter; slaughtered
scapigliato	disheveled
scaramuccia	skirmish
scarcare	unloaded; unloads
scarco	unburdened; unloaded; unloads
scare	scanty; scarce; sparing; sparse
scarno	thin
scarpa	shoes
scarpello	chisel; chisels
scarso	reluctant; short
scegliere	choose; chooses; choosing; chose; chosen; to choose; will choose; would choose
Sceglieronne	I will choose from them
sceleraggine	wickednesses
scelerare	wicked
scelerato	wicked; wicked woman
scelta	choice
scema	deprives; diminished
scemare	diminished; diminishes; diminishing; was diminishing
scemato	removed
scemo	bereft; deprived; diminishes; empties; empty
scempio	butchery; damage; destruction; massacre; ruin; slaughter
scena	performances; stage
scendere	came down; come down; descend; descended; descends; dismounted; falls; fell; flows; get down; got off; had descended; had dismounted; landed; may descend; might descend; might dismount; they descended; to descend; to get off; was descending; we land; went down; will descend
scenicio	theatrical
scernare	may discern
scernere	to distinguish
scesere	descended; they descended
scettrare	scepter
scettro	scepter
scheggia	splinters
scheggion	splinter
schelmo	mast
schena	back; backs; haunches
scheno	ridge
scher	defenses
scherare	defenses; shelters
Schermiasi	he shielded himself
schermire	parrying; to defend oneself
schermo	defense; defenses; protection; screen (defense in fencing); shelter; shield
schernare	scorn
schernire	mocked
schernito	mocked
scherno	mockeries; mockery
scherzare	joking; played; playfully; playing; plays; to play
scherzi	jests
scherzo	joke
schiacciare	crushes; flattened
schiatta	lineage
schiattire	yelps
schiava	slave
schiavo	enslaved; slave; slaves
Schiavon	Slav
schiena	back; backs
schiera	band; bands; company; flock; formation; group; herd; host; line; rank; ranks; troop; troops
schierare	arrayed
schietto	bare; plain; pure
schifo	boat; skiff
Schiodano	they unrivet
schiodare	unclenching
schiodere	unfastens
schiudere	may open
schiudon	open
schiume	foams
schiuso	opened
schivare	avoid; avoided; avoiding; avoids; saved; scornful; shunning; shuns; to avoid; to dodge; you avoided
schivasta	you avoided
schivere	would avoid; you avoid; you dodge
schivo	averse; aversion; avoid; avoiding; disdainful; dodges; in aversion; may avoid; repellent; shuns; shy
sciagura	misfortune; misfortunes
sciamito	of samite
sciancato	hip-broken; lamed
sciemare	diminishing
scienza	knowledge
scimitarra	scimitar
scingere	ungirt
scintilla	spark; sparks
scioccamente	foolishly
sciocchezza	foolishness; foolishnesses
sciocco	foolish; fools
sciochezza	foolishness
sciogliare	may free himself; may loosen; sets sail; unfurls
sciogliere	breaks up; dissolved; dissolves; flowing; free; freed; loose; loosed; loosen; loosened; may dissolve; may loosen; melted; released; releases; set sail; sets sail; to cast off; to fulfill; to loosen; to untie; unfurl; unfurled; unfurling; unfurls; untied; unties; was setting sail; will untie; would have loosened
Sciolser	they untied
sciolsere	they loosened
sciolto	free; loose; loosed; loosened; melted; released; severed
scior	to untie
sciorra	to untie
sciorrere	set out; to free; to fulfill; to loosen; to loosen oneself; to release; to untie; will untie
sciorro	to untie
sciorso	to free oneself; to loosen oneself
sciorto	to free; to loosen
Scipio	Scipio
Scita	Scythian
Sciti	Scythians
sciugare	dries up
Scizia	Scythia
scocca	may strike
scoccare	bursts forth; darts; fires; lets fly; releasing; shoots; shoots forth; to release
scocciare	may burst forth; may leap; snaps
scoglio	rock; rocks; shield
scolorare	grows pale
scolorosso	turned pale
scolpire	carved; sculpted; to carve
scoltura	sculpture
scompagnare	parts from
sconcia	improper
sconciare	disgraceful; spoils
sconfitta	defeat; defeats
sconfortare	discouragements; discourages
scongiurare	begs; conjures; entreaties; to conjure up
scongiurazione	conjuration
scongiurio	conjurations; oaths
sconosciuto	unknown
sconsolato	disconsolate
scontare	compensates; to pay (back); to pay for
sconto	pay
scontrare	collided; encountered; encounters; met; they clashed; they encountered; they met; to clash; we encountered
scontrarre	to clash with me
scontro	clash; clashes; collision; encounter; impact
Scontrossi	clashed
scontrosso	encountered
scopa	brushwood
scopare	to sweep
scopersa	discovered
scoperta	discovered; exposed; open; uncovered
scoperto	discovered; open; revealed; uncovered
scoppiare	burst; bursts; explodes; they burst out
scoppio	burst; explosion; gun
scoprire	could see; discovered; discovering; revealed; revealed himself; revealed itself; revealed themselves; revealing; reveals; reveals herself; surveyed; to discover; to reveal; uncovered; was catching sight of; was discovering; was revealing; would discover
scorciare	cut short; to shorten
scorciato	shortened
scordare	forgets; forgot; forgotten; to forget
scordere	forgets
scorgere	Catching sight of; I see; guided; perceives; seeing; sees; swept over
scornato	disheartened; humiliated
scorno	disgrace; insult; insults; mockery; shame; shames
scorrere	crosses; experienced; flowing; flows; gliding; moving; ran; roamed; roams; running; runs; scanning; scours; to roam; to run through; traversing; was running
scorsare	they roamed
scorso	experienced; moved; roamed; saw; scoured; spread; surveyed; traveled; traveled through; traversed
scorta	escort; escorts; guard; guide; seen; supplies
scortese	rude
scorto	perceived; seen
scorza	appearance; bark; hide; rind; shell
scosceso	steep
scossa	shake
scossedere	shook itself
scostare	move away; moves away; they moved apart; to move away; withdraws
scostiare	we move away
scostire	withdraw
scotta	of Scotland; sheet
Scotti	Scots; the Scots
scotto	Scot; Scot (a person from Scotland); Scottish; scattered
Scozia	Scotland
Scozzesi	Scots
scritta	written
scritto	enlisted; writing; writings; written
scrittore	writer; writers
scrittura	inscription; writing; writings
scrivere	may write; to write; write; writes; writing; written; wrote
scrupoloso	scrupulous
scudier	squire; squires
scudiero	squire; squires
scudo	shield; shields
sculgere	carved
sculpa	carves
sculpire	carved; sculpted; to carve; to sculpt
sculpito	sculpted
scultare	carved
sculto	carved; sculpted
scultore	sculptors
scultura	sculpture
scuoiare	flays
scuola	school; schools
scuoprare	may reveal; may uncover
Scuopre	uncovers
scuoprire	discovers; reveals; uncovers
scuopro	reveals
scuotere	he shakes himself; shaken; shakes; shocks; shook; they shook
scure	axe; axes; dark
scuro	dark; darkest
scusa	excuse; excuses
scusare	excuse; excuses; to excuse; will excuse
scusarme	to excuse myself
scusimere	excuse me
sdegnare	became indignant; disdained; disdains; scorning; to disdain; was offended
sdegnata	disdainful
sdegnato	disdainful
sdegno	Scorn; anger; disdain; indignation; resentment; resentments; scorn; scorns; wrath
sdegnosetta	somewhat disdainful
sdegnoso	disdainful; indignant; scornful
sdrucciolare	slipped; to slide down
sdrucito	torn; worn out
se	If; Whether; although; and; and if; as if; away; because; but; even if; except; from; from her; from it; had; her; herself; him; himself; himself/herself; himself/herself (reflexive); himself/herself/itself (reflexive); himself/herself/themselves (reflexive); if; if not; is; it; itself; of it; of oneself; of them; one; oneself; or; otherwise; reflexive pronoun (third person singular) used as part of the verb 'se ne gisse' meaning 'go away'; than; that; them; themselves; then; to herself; to him; to him/her; to him/herself; to himself; to it; to/for herself; unless; whether; with it
sebben	although
secare	with her; with him; with him/her/it; with himself; with them; with themselves
seccagna	shallows
seccare	dry; to dry
secco	dry
seco	with her; with herself; with him; with him/her; with him/her/it; with him/herself; with himself; with himself/herself; with itself; with oneself; with them
secol	age; century
secolo	centuries; century
secondare	following
secondo	According to; according as; according to; favorable; follows; second; second (as in 'the second husband'); second (i.e., inferior); second (one); seconds; the second; the second (one); with the current
secretamente	secretly
secretario	secretary
secreto	hidden; hiding places; private; secluded; secret; secrets
secrire	hidden
seculo	age; centuries; century
secura	axe
securtade	security
sede	abode; seat; see
sedea	sat; was sitting
sedece	sixteen
sedeo	was sitting
sedere	lies; sat; sits; sitting; they sit; they were sitting; to sit; was sitting; were sitting
sedia	chair
sedici	sixteen
sedicimila	sixteen thousand
Sega	Sega (the Bentivoglio family)
segare	cut
seggio	seat; throne
segnale	sign; standard
segnare	aims; marked; marking; marks; to mark
segno	banner; bound; boundary; bounds; deed; form; landmark; limit; mark; sign; signal; signs; target
segnollo	marked him
sego	cuts
segreto	hidden; secret; secrets
seguace	follower; followers; following
seguente	following
seguia	followed
seguiare	followed; he was following
seguire	Following; He pursued; I followed; chased; continued; continues; follow; followed; following; follows; had followed; happened; let us continue; let us continue to follow; may follow; may take place; might follow; they follow; to continue; to fight; to follow; to follow you; to pursue; was continuing; will follow; would continue; would follow
seguiria	would follow
seguitare	continued; continuing; followed; following; to chase; to follow; to follow him; to narrate to you; to pursue
seguitato	followed
seguitiare	let us follow
seguito	followed
seguitonere	having followed
seguo	follow; they follow
Seguon	they follow
sei	Six; six
seicento	six hundred
seimila	six thousand
Selandi	Zealanders
Selandia	Zealand
Seleucia	Seleucia
sella	saddle; saddles
sellare	saddled; to saddle
selva	forest
selvaggio	Savage; Wild; wild
selvatico	wild
selve	forests; woods
sembiante	appearance; appearances; countenance; features
sembianza	appearance; appearances; likeness
sembrare	seem; seemed; seems; to seem; you seem
seme	offspring; origin; seed
semideo	demigods
seminato	sown
semo	are
sempiter	everlasting
sempiterno	everlasting
semplice	simple
semplicemente	Simply
sempre	Always; Whenever; always
sempremai	always; forever; forevermore
sempremaio	ever; forevermore
sen	bosom; breast; chest; himself; with that
Senapo	Senapo; Senapo (proper name)
senato	senate
senatore	senator
sendere	being
senere	are; be; be (subjunctive); may they be
Senna	Seine; Seine (the river)
sennire	wisdom
senno	judgment; sense; senses; wisdom; wits
seno	bay; bosom; bosoms; breast; chest
sensitivo	sensitive
senso	meaning; meanings; sense; senses
sentenere	is heard
sentenza	judgment; opinion; sentence; verdict
sentier	path
sentiere	will hear; you will hear
sentiero	path; paths; route
sentimento	mind; senses
sentina	bilge; cesspool
sentire	Hearing; I feel; I hear; feel; feeling; feels; felt; had ever felt; having sensed; he feels; he/she feels; he/she hears; hear; heard; hearing; hears; is heard; may I feel; may feel; may hear; perceived; they felt; they hear; to feel; to hear; to hear oneself; to make oneself heard; was heard; we feel; will hear; would hear; you feel; you heard
sento	they hear
senza	Without; without
separare	separates
separato	separated
sepelir	to bury
sepelire	bury; to bury
sepolcro	Sepulcher; tomb; tombs
sepolto	buried
sepoltura	burial; burials; tomb
seppellire	buried
seppere	I knew; I learned; knew how; learned
sepulcro	sepulcher; tomb
sepultare	buried
sepulto	buried
sepultura	burial
sequente	following
sequestrare	removes; sequestered
sequire	followed
sera	evening
serbar	to keep
serbare	destined; keep; keeping; kept; preserved; to keep
serbire	I will keep; kept
serbo	I keep; I reserve; be preserved; keep; keeps; may keep
serbosso	was kept
seren	clear; serene
serenare	cleared
sereno	clear; clearness; open air; serene
sergente	sergeant; sergeants; servants
Serican	Serican
Sericana	Sericana; of Sericana
Sericani	Sericans
sericano	Serican; Serican (pertaining to the Seres, i.e., Chinese; here referring to a person from Serica); Sericano (a character, i.e., the person from Sericana or the Serican)
Sermide	Sermide
sermon	words
sermone	sermon; speech
serpe	serpent; snake
serpente	serpent; serpents; snake; snakes
serpentile	serpentine
Serpentin	Serpentin; Serpentine; Serpentino; serpentine
Serpentino	Serpentine
Serpillo	wild thyme
serpire	gliding; winding
serpo	snakes
serra	bars; blocks; clenches; closes; encloses; he locks up; is enclosed; locks; mountain range; presses; seals; shuts; shuts himself in; shuts in; surrounds; throws; tightens; to lock; you confine
serrare	to close; to lock; to lock oneself; was enclosing; we locked
serrato	closed; tightly closed
serrosso	locked himself
Serse	Xerxes
serva	servant; serves
servare	keep for me; keeping; kept; observe; preserved; to keep; to observe; to preserve; while saving; will keep; would keep; you kept
servassere	they kept
servato	kept
servia	Serbia; served
serviare	served
serviere	we serve; would serve
servige	services
servigio	service; services
Servio	Servius
servire	he serves; it keeps; keep; keeps; may keep; remains; servant; serve; served; serves; serves herself; service; serving; slave; to serve; uses; you save
servitor	servant
servitore	servants
servitù	service; servitude; slavery
servitude	servitude
servituta	servitude
servizio	service
servo	servant; servants; slave
servosso	served
sesso	gender; sex
sesto	measure; sixth; way
sestro	the
seta	silk
sete	are; thirst
sètere	are
setoloso	bristly
setta	Ceuta; Sect; Seta; company; sect
settanta	seventy
sette	Seven; seven
settecento	seven hundred
settentrion	north
settimana	weeks
settimo	seventh
severo	Severus; severe; strict
sevrare	separate
sezzaia	last
sezzo	at last; lastly
sfacciata	shameless
sfacciato	shameless
sfamare	fed
sfavilla	sparkles
sfavillare	flashes; shines; sparkles
sfera	sphere; spheres
sferrare	is unleashed; unfastens; unshod
sferza	lash; whip
sferzare	lashes; whips
sfida	challenges
sfidare	I challenge; challenge; challenged; challenges; challenging; to challenge
sfiorare	touched
sfogare	may vent; they vent; to vent; vented; vents
sfogo	vents
sfornito	unprovided
sfortunato	unfortunate; unfortunate ones
Sforza	Sforza; Sforza (proper name, the Sforza family)
sforzan	strain
sforzare	I strove; I will force myself; compels; forced; forces; overpowers; strained; strive; strives; to force; to force me; to strain
sforzato	forced
sforzerare	would strive
Sforzesco	Sforza (adjective referring to the Sforza family)
sforzo	effort
sfrenato	unbridled
sgombigliare	clears away
sgombrare	They cleared; clear; clear away; cleared; clears; clears away; to clear; we might clear
sgombre	clear
sgomentare	dismays
sgrignuto	grinning
sgroppo	unties
sguardo	gaze; glance; glances; look
si	If; One; So; Yes; and on a; are; as; as soon; both; by chance; can; cheers up; each other; feeds; from; from himself; had; had put; has; he/she; he/she stops; her; here; herself; him; himself; himself/herself; himself/herself (reflexive pronoun); himself/herself (reflexive); himself/herself/itself; himself/herself/itself (reflexive pronoun); himself/herself/oneself; himself/herself/themselves; himself/herself/themselves (reflexive pronoun); if; if one; if so; indeed; is; is (impersonal/passive marker with 'dice' meaning 'it is said'); is (reflexive auxiliary); is heard; is kept; it; it (reflexive/impersonal pronoun); itself; itself (reflexive pronoun); just as; made; must; must be; not; now; of which; on; on a; one; one (impersonal pronoun); one (impersonal reflexive pronoun); one another; oneself; ourselves; puts back on; reflexive pronoun; reflexive pronoun (himself); reflexive pronoun (oneself); remembers; rises; she; so; so much; so that; such; that; that one; themselves; then; thence; there; there (impersonal reflexive pronoun); there (impersonal/reflexive particle); they; they became; they had; this; throws himself; thus; to depart; to each other; to enjoy; to her; to herself; to him; to him/her; to him/herself; to him/it; to himself; to himself/herself; to me; to oneself; to oneself / oneself; to them; to themselves; to you; was; was being made; was moved; was rejoicing; were; what; whether; will be; with him; would be (impersonal reflexive auxiliary); yes; yourself
sia	Be; Be it; Let; Let him be; Let it be; be; be (subjunctive); be it; is; may be; whether
siàn	are
sibilare	hisses
Sibilla	Sibyl
Siciglia	Sicily
sicigliano	Sicilian
Sicilia	Sicily
sicur	safe; sure
sicuramente	safely; surely
sicurezza	safety; security
sicuro	certain; confident; safe; safer; safest; secure; sure; unsafe
sicurtà	confidence; safety; surety
sicurtada	assurance
Sidoni	Sidonians
Sidonia	Sidonia
sie	be
siedere	sit (imperative, 2nd person singular, with enclitic 'mi')
sieguire	follows
sien	are; be; may be
Siena	Siena
Siene	Siena
siepe	hedge
Siface	Siphax
Sigismondo	Sigismund
signiozzo	sigh; sobs
signore	Lord; Lords; Mr.; Sir; gentleman; gentlemen; lord; lords; master; sir
signoreggia	rules
signoreggiare	ruled; rules
signoria	lordship
signoril	lordly
signorile	noble
signozzo	sobs
Sileno	Silenus
silenzio	Silence; silence
Silla	Sulla
silopo	sarsaparilla
Silvana	Silvana (a place name, referring to Rocca Silvana)
silvestra	wild
silvestre	forest; wild
silvestro	Silvester; wooded; woodland
silvosa	wooded
silvoso	wooded
simia	apes
Simiglia	resembles
simigliante	similar
simiglianza	resemblance
simigliare	resemble; resembles
simil	Such; similar; such; the same
simile	equal; similar; such
similmente	likewise; similarly
simo	snub-nosed
simulacro	images; statue
simular	to pretend
simulare	dissembling; feigned; feigns; pretending; pretends; simulate; simulated; to pretend
simulato	feigned
simulazion	simulation
Sin	as far as; here; until
Sinagon	Sinagon
Sinaì	Sinai
sincero	sincere
Singiberto	Sigebert
singular	single; single combat; singular
singulare	single; singular
singulto	sobbing; sobs
Sinibaldo	Sinibaldo
sinistra	left
sinistramente	sinistrously
sinistro	left
sino	as far as; down to; even; from; here; to; until; until now; up to
Sinon	Sinon
sinopia	red chalk
sir	lord
Siragozza	Saragossa
Sire	Sire
sirena	mermaid; siren
sirocchia	sister; sisters
Sirti	Syrtes
Sismondo	Sigismondo
sitibondo	thirsty
sitire	to thirst
sito	place; site
Siviglia	Seville
slacciare	unlace; unties
slegare	may loosen; to untie; untie; untied
slungare	stretches
slungosso	he distanced himself
smacrare	emaciated
smagliare	rips; unravels
smaltare	paves
smalto	enamel
smaniare	rages
smarrire	bewildered; dismayed; lost; they got lost
smembrare	dismembered; is divided; to dismember
smemorato	forgetful
smeraldo	emerald; emeralds
smerlo	falcon
sminuire	to diminish
smisuratamente	immeasurably
smisurato	huge; immeasurable; immense
smontare	descends; disembarks; dismount; dismounted; dismounting; dismounts; gets off; lands; they landed; to dismount
smonte	descends
smorto	pale
smorzare	extinguish; is extinguished
snello	nimble; slender; slim; swift
snidere	depart
snido	dislodge
snodare	spreads; uncoils; unfurls
soave	gentle; most delightful; most sweet; sweet
soavemente	sweetly
soavità	sweetness
soavo	gentle; smooth; soft; sweet
Sobrin	Sobrin; Sobrino; nephew
Sobrino	Sobrino; nephew
soccor	aid
soccorrase	let him be helped
soccorrere	aids; came to the aid of; comes to his aid; comes to the aid of; helped; helping; helps; may help; may rescue; remedies; rescued; to aid; to help; to rescue; to succor
soccorso	aid; help; helped; relief
sodio	hard
sodisfacciare	may satisfy; satisfy
sodisfare	to satisfy
sodo	firmly; solid
sofferire	endure; to endure; to suffer
sofferso	endured
soffiare	blowing; blows; hisses; to blow
soffio	breath
soffogare	suffocates
soffolto	supported
soffrire	allowed; endured; suffered
sofista	sophists
sofrire	suffering
Sofrosina	Sofrosina; Sophrosyne
soggetto	subject
soggiogare	subjugate; subjugated
soggiornare	delays; dwells; lingers; sojourning; stays; to stay
soggiorno	abode; delay; dwelling; lingers; sojourn; stay
soggiugare	subjugate; to subjugate
soggiungere	He added; I add; added; adding; adds; he was adding; was adding
soglia	is accustomed; is wont; threshold
sogliare	I am accustomed; am accustomed to; are accustomed to
soglio	I am accustomed
soglion	are accustomed; are accustomed to
soglionere	are accustomed; are wont
soglionso	are accustomed
sognare	dreamed; dreams; to dream
sogno	dream; dreams
sol	Only; Sun; alone; only; our; single; sole; sun
solamente	only
solazzare	enjoying oneself
solazzevol	pleasurable
solazzo	comfort; pleasures
solcare	plowed; plowing through; to plow
solco	furrow; furrows
soldan	sultan
soldano	sultan
soldato	soldier; soldiers
soldo	pay; penny
sole	Sun; alone; day; only; sun
solea	used to; used to have; was accustomed to
solean	used to
soleano	they used to stay
solecitare	to urge on
solenne	solemn
solennemente	solemnly
soleo	used to; used to be; used to rise; was accustomed; was accustomed to
solere	diligent; is accustomed; is accustomed to; is customary; used to; used to cover; used to make; used to obey; was accustomed; was accustomed to
soleto	are accustomed
soletta	alone
soletto	all alone; alone
solia	used to say; was accustomed; was accustomed to; was accustomed to have
solido	solid
Solima	Solima
solinga	solitary
solingo	alone; lonely; solitary
solio	was accustomed; was accustomed to be
solitario	solitary
solito	usual
solitudine	solitude
sollevamento	relief
sollevare	lifted; raised; to lift
sollevollo	lifted him
sollicito	eager
sollo	I know
solo	alone; alone (feminine singular); only; single; sun; suns
solve	dissolves
solvire	release
soma	burden; load; pack
some	burden; burdens; loads; packs
somier	pack animal; packhorse
somigliare	resembles
somma	extreme; greatest; highest; in short; in sum; quantity; sum; summary; supreme; utmost
sommamente	extremely; supremely
somme	highest
sommere	drowned; submerged
sommergere	may be drowned; overwhelmed; sink; submerge; submerged; would submerge
sommerso	drowned; submerged
sommesso	subdued
sommo	greatest; highest; summit; supreme; top; utmost
sonaglio	rattle
sonando	sounding
sonante	resounding
sonar	to play; to resound; to sound
sonare	playing; sounding; to sound
sonator	player
Sonna	Saône; Saône (river); Somme (river)
sonnacchioso	sleepy
sonno	Sleep; sleep
sonnolente	sleepy
sonore	sonorous
sonso	they have bound themselves
sontuoso	sumptuous
soperchio	excess
sopite	extinguished
sopito	quenched
sopportare	bears; endures; to endure; to tolerate
sopporte	endure
sopprimere	suppressed
sopra	Above; Upon; about; above; above all; on; on (top of); on it; on top; on top of; on top of, above; on/upon; onto; over; upon
soprabondare	overflows
sopraggiuntare	arrived; surprised
sopragiungere	arrived upon; overtakes; overtook; was overtaking
sopragiunte	overtaken
sopragiunto	overtaken
sopranatural	supernatural
soprano	sovereign; supreme
soprapetto	overcoat
sopraposto	placed on top
soprarrivare	arrives; arrives upon
sopraumano	superhuman
sopravanzare	remains
sopravegna	comes upon
sopravenire	arrives; came upon; comes upon
sopravenuto	arrived; overtaken
sopravesta	horsecloth; outer garment; outer garments; overcoat; overgarment; overgarments; surcoat
sopravestare	surcoat
sopravestere	overgarment; overgarments; surcoats
sopravesto	outer garments; overgarments
Sopravien	arrives; comes upon
sopraviere	arrives; arrives unexpectedly
soprumano	superhuman
soprumare	superhuman
Sora	Sora
sorbe	swallows
sorbo	service tree
sordo	deaf; muffled
sorella	sister; sisters
sorger	rising
sorgere	arisen; arose; arrived; fate; happened; kinds; landed; raised; risen; rises; rose; to rise
sorgerio	would rise
Soria	Syria
Soriani	Syrians
Soridan	Soridan
Soridano	Soridano
Sormosedia	Sormosedia
soro	blond
sorridente	smiling
sorridere	smiled; smiles; smiling
sorsere	they arose
sorso	sip
sorte	by chance; chance; fate; fates; fortune; kind; kinds; lot; lots; luck; manner; sort; such
sortilegio	sorcery
sortillare	he draws lots for her
sortire	destined; may happen; may turn out; will draw lots
sortita	chosen
sospendeale	and hung them
sospendere	hung; lifted; lifts up; suspended
sospendon	they hang
sospeso	suspended
sospettare	suspecting; suspects; suspicion
sospetto	suspect; suspects; suspicion; suspicions
sospettoso	suspicious
sospingere	driven; drives; pushed; pushes
sospinto	driven
sospir	sigh; sighs
sospirante	sighing
sospirare	longed-for; sighed; sighing; sighs; to sigh; was sighing
sospirato	sighed for
sospire	sighs
sospiro	sigh; sighs
sospizion	suspicion
sostegnare	may sustain; support; sustain
sostegno	hold; support; supports
sostenere	bears; endured; endures; held up; maintain; support; supported; supports; sustain; sustained; sustains; to support; to sustain; to uphold; will sustain; withstood
sostentare	sustains
sostire	supports; sustains
sotterra	buries
sotterraneo	underground
sotterrare	buries; to bury; under the earth; underground
sotterro	underground
sottil	fine; slender; subtle
sottile	thin; very thin
sotto	Under; below; beneath; under; underneath
sottomettere	submits
sottoporre	I subjected; to submit
sottoscrivere	underwritten
sottosopra	upside down
sottosoprare	upside down
sottosopro	upside down
sottraggiare	may rescue
sottrarre	subtracted; withdrawn
sovenire	availed; comes to mind; he remembered; it has reminded me; it remembered; may remember; occurs to me; remembered; remembers
sovenirto	to help you
sovente	often
sovere	comes to mind
sovien	remembers
sovran	upper
sovrastare	delays
sovrire	above
sovvenire	came to mind
sozio	companion
sozze	filthy
sozzo	filthy
sozzopra	upside down
sozzoprare	upside down
sozzopro	upside down
spacciare	clears; dispatches; sends; to dispatch
spacciato	done for; sent off
spaccio	dispatch; release
spada	sword; swords
Spagna	Spain
Spagnuol	Spaniard; Spanish
Spagnuoli	Spaniards
spaldo	bastions
spalla	back; backs; shoulder; shoulders
spallaccia	broad shoulders
spalmato	caulked; tarred
spandere	pours; spill; spreads
spanna	span
sparare	slashed
spare	scattered; spread
sparere	disappeared
spargean	were scattering
Spargeasi	spread
spargere	may scatter; may shed; scatter; scattered; scattering; scatters; shed; shedding; sheds; spills; spread; spreads; sprinkles; to scatter; to spread; was spreading; will spill
spargon	scatter
spargonare	scatter
sparire	disappear; disappeared; to disappear
spaririare	would disappear
sparrare	split open
sparsa	scattered
sparso	scattered
sparta	scattered
spartare	scattered; spread out; strewed
spartire	scattered
sparto	scattered; spread
sparva	vanished
sparviare	disappeared; vanished
sparvier	hawk; sparrowhawk
spasmo	I have a spasm; spasm
spasso	for a stroll; for a walk; fun; leisure; leisurely; pleasure; pleasures
spaventare	frightened; frightens; scare; to frighten; to frighten oneself
spaventato	frightened
spaventenere	frightening; frightful
spaventevole	frightening
spavento	fear
spaventoso	frightening; frightful
spazio	space; spaces; time
spazioso	spacious
specchiare	looks at himself
specchio	mirror; mirrors
speco	cave
spedire	swift
spegliere	mirror
speglio	mirror
spegnere	extinguish; extinguished; to extinguish; to quench; would extinguish
spegneria	would extinguish
spelonca	cave; caves
spelonco	caves
spelunca	cave
spema	hope
spemere	hope
spena	hope
spendere	hope; spend; spends; spent; to spend; would spend
spengere	extinguish; extinguished; extinguishes; they extinguish; to extinguish
spente	extinguished
spento	extinguished
spera	anchors
speranza	hope; hopes
sperare	He hopes; I hope; I hoped; hope; hoped; hoped for; hoped-for; hopes; hoping; might hope; they hope; to hope; would be hoped
speronna	hoped
spesa	expense; expenses; spent
spesare	they spent
spesso	Often; dense; frequent; often; thick; thickest
spettaco	spectacle
spettacolo	shows; spectacle
spettacu	spectacle
spettare	belonged; belongs
spezial	special
speziale	special
spezie	species
spezzare	breaks; broke; broken; shattered; shatters; smashed; splits; to break; will break
spezzere	shatters
spezzògliare	broke for him
spia	hint; information; knowledge; news; spy; trace
spiacciare	displease; displeases; may displease
spiacente	displeasing
spiacere	displeases; would displease
spiacevol	displeasing
spiacevole	unpleasant
spiaciuto	displeased
spiacquere	displeased
spiaggia	beach; shore
spianare	level; leveling; razed; to raze
spianata	cleared area
spiare	spied on; to spy on
spiarniare	to spy on them
spica	ears of grain
spiccare	cast off; detach; detaches; leaped; leaps; makes; springs; they cut off; they detached; to detach; to leap; took off; tore off
spicciare	gushes forth; gushing; to gush
spico	ears of grain
spiede	spears; spits
spiedere	spit (as in a skewer for roasting)
spiedo	spit; spit (as in a roasting spit)
spiegare	I will explain; explained; spread; spread out; spreads; to spread; unfolding; unfolds; unfurled; unfurls; will unfurl
spiegasson	they unfurled
spietato	merciless; pitiless
spillo	hole; pin
spina	thorn; thorns
Spineloccio	Spineloccio
spingere	driven; drives; drove; having driven; pushed; pushes; spurred; spurs; thrown off; throws himself; thrusts; to push; urged
Spingonsi	they push themselves
spinoso	thorny
spinta	driven
spinto	driven; impelled; pushed
spira	blow
spiraglio	chink; gap; opening
spirare	blow; blowing; blows; breathe; breathes; breathes out; to breathe; was blowing; were breathing
spire	breathes
spirito	spirit; spirits
spiritual	spiritual
spiro	blow
spirtal	spiritual
spirtare	spirit; spirits
spirto	Spirit; breath; spirit; spirits
splendente	shining
splendere	shine; shines; shone; to shine; was shining; will shine
splendido	splendid
splendor	splendor
splendore	splendor
spoglia	cocoons; spoils
spogliare	armor; body; hide; spoil; spoils; strip; stripped; strips; they strip off; undress yourself; would strip
spogliato	robbed
spogliere	skins; they strip; undresses
spoglio	I strip off; strip
spola	shuttle
Spoleti	of Spoleto
sponda	bank; banks; coast; railing; shores; side; sides; sides (of a ship)
sponsalizio	marriage
spontaneamente	spontaneously
sporco	dirty
sporgere	jutted out; protruded; protrudes
sportello	little door
sporto	projection
sposa	brides
sposalizio	marriage
sposare	to marry you; would marry
sposato	bride; marries
sposo	bride; bride and groom; bridegroom; husband; spouse; wife
spranga	bars
sprazzo	splash
sprezza	scorns
sprezzare	despise; despised; despises; disdaining; disdains; scorning; scorns; they despise; to despise; to despise oneself; to disdain
sprezzato	despised
spron	spur; spurs
spronare	spurred; spurring; spurs; they spur; to spur
sprondere	spur; spurs
sprone	spurs
sproveduto	unprepared; unprotected
sprovista	unawares; unprepared; unprovided
sprovisto	unprovided
spruzzare	sprinkled; to spray
spuma	foam
spumante	sparkling
spumare	to foam
spume	foams
spumoso	foaming; foamy
spuntare	appearance; rising
spunto	may dawn; sprouts
spuntone	spikes
squadra	band; companies; formation; group; groups; ranks; squad; squadron; squadrons; squads; teams; troop; troops
squalida	squalid
squalidio	squalid
squalor	squalor
squama	scale
squarcia	rips open
squarciare	tore; torn; will tear open
squarciosso	she tore; tore off
squarta	quarter
squartare	quartered; quarters
squartire	is torn apart
squilla	bell; bells
stabilire	established; to establish
staccare	detached
staffa	stirrup; stirrups
staffeggiare	to stirrup
staffetta	courier; post-horse relay
stagion	season
stagione	season
stagnare	stagnates; stopped; stops
stagno	marsh; pond; ponds; pool; seas; swamps; tin
stalla	stable; stables
stamio	threads
stampa	builds; mold; print; stamp; treads
stampare	they stamp
stampo	imprints
stan	are
stancare	to tire you
stanchezza	fatigue
stanco	exhausted; tired; tires; weary
Standomi	Staying
Stanforda	Stanford
stanza	dwelling; dwelling place; place; room; rooms
stanzare	dwells; may settle
stanzo	may dwell; may lodge; may stay
star	stay; staying; to be; to stay
stare	I was staying; I will stay; Stands; am staying; are; are located; are staying; be; be (subjunctive); been; being; does not stop; is; is about to; is waiting; let them stay; lies; may be; may remain; may stand; may stay; may they stay; may you stay; quiet; remain; remained; stand; standing; stands; stay; stay (you); stay (you) from it; stayed; staying; stays; stood; themselves; they are; they stand; they stay; they were standing; they were staying; to abide by; to be; to be away from there; to let alone; to remain; to stand; to stay; was; was standing; was staying; we stayed; were; were standing; were staying; will be; will remain; will stay; withstand; woodcock; would stay; yourselves
staria	would stand
stariare	would stay
starmare	to stay with me
starna	of them; partridge
starnare	partridge; to remain of it
starsa	to be
Stassi	was staying
stasso	Stays; stands
State	Be; be
statico	hostage
stato	been; condition; he was; kingdom; state; states; status
statovo	been there
statto	Stay
statua	statue; statues
statuire	appointed; decreed; established; has decreed
statuito	appointed
statura	height; stature
statuto	statute; statutes
stavan	were staying
stè	stood
Ste'	stayed
steccato	enclosure; fence; fences; palisade; palisades
Stefano	Stephen
stella	Star; star; stars
Stellata	Stellata (a place name, likely referring to the town of Stellata)
stellato	starry
stelle	stars
stelo	stem
stemprare	softens
stempre	shatters
stendardo	banner; banners; standards
stendere	extends; laid; laid out; may stretch; spread; spreads; stretched; stretched out; stretches; stretches out; they spread; to stretch
ster	stayed
stere	stayed
steril	barren
sterile	barren; sterile
stero	stayed
steron	remained; they remained; they stayed; were silent; withstood
sterpo	brushwood; bush; shrubs
stese	stretched
steso	I stretched
stessere	remained; stayed; were; would be; would remain; would stay
stesso	herself; himself; itself; myself; ourselves; remained; same; self; stay; stayed; themselves; was; were; were (subjunctive); would stay; yourself
stetto	remained; stayed; stood
stiansi	stay
stiare	let stay; stay
Stige	Styx
stigio	Stygian
stigo	Stygian; of the Stygian
stil	style
stile	style; styles
stilla	drop
stillo	I drip
stilo	course; custom
stima	account; considers; deems; esteem; estimate; estimation; hopes; imagination; reckoning; reckons; thinks; thought; values; worth
stimare	I consider; I deem; I esteem; I think; I value; believes; consider; considered; deems; does not esteem; esteem; esteemed; esteems; estimated; estimates; estimating; he/she judged; imagine; is esteemed; judged; judging; she thinks; thinks; to esteem; to estimate; value; valued
stimiare	you consider
stimolare	spurs
stimolo	spur
stimolommare	stimulated me
stimosso	thought
stimula	urges
stimulare	goaded; pricks; stimulated; stimulates; to stimulate; urged
stimule	incentives
stimulo	goad; spur
stimuloso	stimulating
stipar	to crowd
stipendio	pay; salary
stire	let us stay
stirpa	lineage; offspring
stizza	anger
stizzone	firebrand
stoccata	thrust
stocco	short sword; sword; swords; thrusts
stola	dress; robe
stolido	foolish
stolta	foolish
stolto	foolish; stunned
stomaco	stomach
stoppa	tow
stoppia	stubble
stordare	stunned
Stordilan	Stordilan; Stordilano; of Stordilan
Stordilano	Stordilano; Stordilano (proper name); Stordilano (proper name, King of the island of Sardinia in Ariosto's Orlando Furioso)
stordire	stunned; to stun
stordito	stunned
stormo	flock
stornare	starlings
storno	starlings
storpia	maims
storpiare	maimed
storpiata	crippled
storpiato	crippled
storto	crooked; twisted
stracciare	she tears; tearing it; tears; they tear; to tear; tore; tore apart; tore off
straccio	tears; to shreds
strada	distance; path; road; roads; route; streets; way
strage	massacre; slaughter
stral	arrow
strale	arrow; arrows
stramazzare	collapses; to fall heavily
stranano	foreign
strangolare	to strangle
straniero	foreign; foreigners
strano	foreign; strange; strangers
strappare	tears off
strascinare	dragging; drags; may drag
strascinato	dragged
strascinollo	dragged him
stratagema	stratagem
strazio	devastation; slaughter; torment; torments; torture
strega	witch
strepito	din; noise; noises
stretta	close quarters; grip; narrow; tight spot
strettezza	narrowness
stretto	besieged; close; close together; closer; forced; held; narrow; narrowest; strait; stricter; tight; tightened; tightest; tightly; very close
strida	cries; screams; shrieks
stride	hisses
stridere	crackles; creaks; hisses; howls; resounds; roars; screaming; shrieks
strido	cry; screams; shriek; shrieks
stridor	noise; squealing
stridula	shrill
stridulo	strident
strigna	squeezes
strignere	furrowed
Strigonia	Strigonia
strillare	screams
stringa	binds
stringere	bound; clasp; clenched; closes in; clutched; clutches; compels; constrained; constrains; drawing; embraces; fastened; grasping; gripped; grips; hugs; pressed; presses; squeezed; squeezes; they press together; they were compelling; tight; tightly; to grasp; to press together; to squeeze; to tighten; were squeezing; will clasp
Stringonsi	they clasp each other
striscia	crawls; slithers
strisciare	crawling; sliding
stromento	instruments
strozza	Strozza; throat
strozzare	would strangle
strozzato	strangled
Strozzi	Strozzi (a family name)
struggere	consumes; consumes herself; destroys; languishes; to melt; torments; was destroying; wastes away
strutto	burned
struzzolo	ostriches
stucco	stucco
studiare	hasten; strive; strives; studied; studies; they strive; tries; was striving; zeal
studidere	let him strive
studio	care; effort; hurries; intentionally; one studies; pursuits; strives; studies; study
studioso	scholars
stuol	band; crowd; flock; host; throng; troop
stuola	band
stuolo	band; crowd; crowds; host; throng; troop
stupefatto	amazed; astonished; stupefied
stupendo	amazing; astonishing; marvelous; wonderful; wondrous
stupido	Stunned; stupid
stupire	astonished; is amazed; to amaze
stupor	amazement
stupore	amazement; astonishment
stuporre	astonishment
stupro	rapes
sturbare	disturbs; to disturb
stuzzicato	stirred
sù	On; above; at; from; his; off; on; on (there); on the; on which; onto; there; to; up; up there; up to; upon
suase	persuaded
suasere	urged
suasion	persuasion
suaso	persuaded
suava	sweet
suave	sweet
suavità	sweetness
suavo	most suave; sweet; sweetest
subire	sudden
subita	sudden
subitano	sudden
subitare	sudden
subito	Immediately; immediate; immediately; sudden; suddenly
sublima	elevates
sublimare	exalts; raises; to elevate
sublime	lofty; sublime
sublimo	I exalt
succedere	followed; follows; happen; happened; happens; should happen; succeeded; succeeds; to happen; turned out; will succeed
succeditore	successor
successere	succeeded
succession	succession
successione	succession; successions
successivo	successive
successo	event; outcome; outcomes; success
successore	successor; successors
succhiare	sucked
succinto	clad; girt up
succo	juice; poisonous juice
sudare	sweat; to make sweat; to sweat
suddite	subjects
suddito	subject; subjects
sude	sweats
sudor	sweat
sudore	sweat
sufficiente	sufficient
sufficienza	sufficiency
suffogare	suffocates
suffollire	propped up
suffoltare	supported
suffulto	supported
suffumigio	fumigations
suffuso	suffused
Sufolcia	Suffolk
suggellare	sealed
suggello	seal
suggerdo	sucking
suggettare	subject
suggetto	occasion; subject; subjected
suggezione	subjection
suggio	subject
suggiugare	subjugates
suggiungere	added; adding; may join; to add
sui	his
sulfureo	sulfurous
summa	highest; sum
summergere	submerged
summerso	drowned; submerged
summi	highest
summo	highest
suntuoso	sumptuous
suo	His; her; her own; his; his (feminine plural); his (own); his own; his/her; his/her own; his/her/its; his/her/its (feminine singular possessive pronoun); his/her/its (own); his/her/its (possessive adjective, plural); his/her/its (referring to 'vicari' as 'its vicars' or 'his vicars'); his/her/its own; its; their
suocero	father-in-law
suol	as he is accustomed; ground; is accustomed; is accustomed to; is accustomed to come; is accustomed to go; is wont
suola	happens; is accustomed; is accustomed to; is accustomed to say; is customary
suole	is accustomed; is accustomed to; is customary; usually
suolo	floor; ground; is accustomed; is wont; soil
suon	sound
suonare	plays; resound; resounds; sound; sounding; sounds; to sound
suono	sound; sounds
suora	nuns
supelire	supplied
super	superior
superare	surpassed; surpasses
Superbia	Pride; pride
superbo	haughty; proud
superchio	excess; excessive
superior	superior
superiore	superior
superna	upper
superno	heavenly; highest; lofty; supernal
supinare	lying on her back
supino	supine; upturned
suplivare	made up for
supplica	begs
supplicante	supplicant; supplicating
supplicare	beg; begging; begs; supplicating; supplications; to beg
supplice	punishments; suppliant; suppliants
supplicere	suppliant; suppliantly
supplicio	execution; punishment
supplicommere	begged me
supplimento	supply
supplir	to supply
supplire	to suffice; to supply
suppliron	supplied
supplizio	punishment
supporto	endure
supremo	highest; supreme
surge	rises
surgea	rose
surger	to rise
surgere	rising
surgiare	rose
surgire	rises
surgono	rise
Surro	Sur
sursare	they rose
surse	rose
surto	risen
suscitare	aroused
suso	up there; upward
suspendere	hangs; hung; suspends
suspesa	suspended
suspeso	suspended; suspenseful
suspettare	suspicious
suspetto	suspicion
suspir	sighs
suspirare	sighing
suspizione	suspicion
sussidio	aid; aids
sustanza	substances
sutare	been
suto	been
suttil	slender; subtle; thin
suttile	subtle
svegliare	awakened; revives
svegliere	awaken; tore out; uprooted; wake up
svellare	be uprooted; may pull out; uproot; uproots
sveller	to tear out
svellere	to tear out; to uproot
svello	uproot; uproots
svelso	uprooted
svelto	uprooted
svendere	bleeds
svenire	bleeds
sventolare	to wave
sventurare	unfortunate
sventurato	unfortunate (women)
svestire	takes off
Svezia	Sweden
sviare	turns aside
Svizzari	Swiss
Svizzer	Swiss
Svizzeri	Swiss
Svizzero	Swiss
svogliato	disaffected; reluctant
T'	I would have
ta	Such; behind; fit; her; his; it; listens; so; so much; such; such that; the; the (feminine plural); the (feminine singular definite article); them; then; thence; there; those (feminine plural); to you (clitic); you (clitic, informal second person singular); your
taballo	kettledrums
tabernaculo	tabernacle
tacciare	be silent; let him be silent
tacer	to be silent
tacere	I keep silent; I keep silent about; I will be silent; I will be silent about; be silent; fell silent; is silent; keep silent; kept silent; may be silent; remained silent; to be silent; was silent; while being silent; will be silent
tacitamente	silently
tacito	silent
taciturno	silent
taciuto	kept silent
tacqua	remained silent
tafani	horseflies
taglia	cuts; cuts down; ransom
Taglial	cuts it
tagliare	cut; cuts; cutting; to cut
tagliastare	cut
tagliente	cutting; sharp
taglio	blade; cut; cuts; cutting edge; edge
tagliollo	cut them
Taglionne	she took
Tago	Tagus
tai	such
talacimanne	battle cries
tale	Such; so; such
talento	desire; intent; pleases; pleasure; will
talmente	so; so much
talor	Sometimes; sometimes
talora	sometimes
talore	Sometimes
talotta	sometimes
talpa	moles
talvolta	sometimes
Tamar	Tamar
tambur	drum; drums
tamburino	drummers
tamburo	drum; drums
Tamigi	Thames
tana	den; the Tana (river)
Tanacro	Tanacro; Tanacro (a proper name)
tanaglia	pincer; pincers
Tanaro	Tanaro
Tancredi	Tancredi
tane	dens
Tanfirion	Tanfirion
Tantali	Tantaluses
tanti	so; so many; so much
tanto	So great; So many; So much; as long as; as many; as much; great; many; meanwhile; much; so; so great; so long; so many; so mighty; so much; so that; such; such a point; such great; the more; until
tapeta	carpets
tapino	wretched
Taracona	Tarazona; Tarragona
tardanza	delay
tardare	delay; delayed; delaying; to delay; was delaying; would delay
tardi	Late; late; slow
tardire	we delay
tardità	slowness
tardo	delay; delays; he/she delays; is late; late; slow
Tardocco	Tardocco; Tardocco (a proper name, referring to a king)
tare	such; you (informal singular); your
Tarento	Tarentum
targa	shield; shields
tarlo	woodworm
Taro	Taro (the river Taro)
Tarquinio	Tarquin
Tarracon	Tarragona
Tarro	Taro
tartare	Tartarean
tartareo	Tartarean; of Tartarus
Tartaria	Tartary
Tartaro	Tartar; Tartarus; Tatar
tasca	pocket; pouch
tasso	Tasso (referring to the Italian poet Torquato Tasso); badger; badgers
tasto	key
tatto	touch
tauro	bull
Tavola	Table; planks
tazza	cup; cups
te	for you; from you; her; it; to you; you; you (informal singular, object pronoun); you (object pronoun); yourself
Tealdo	Tealdo
teatro	theater; theaters
Tebaldeo	Tebaldeo
teban	Theban
Tebe	Thebes
tecere	with you
teco	with you
Tedeschi	Germans
tedesco	German
tedio	boredom; tedium
tegna	holds; keeps
tegnare	hold; holds; keep
tela	canvas; cloths; fabric; looms; sail
telo	canvas; dart; veil
tema	fear; fears; theme
temean	feared
temerario	daring; reckless
temere	I fear; I would fear; fear; feared; fearing; fears; to fear
temerire	would fear
temerità	recklessness
temettere	feared
temperare	tempered; tempering
temperatamente	temperately
tempesta	storm; storms
tempestare	to storm
tempestoso	stormy
tempetto	struck violently
tempia	temple; temples
tempio	temple
templio	temples
tempo	Time; at the same time; for a time; in time; late; season; temples; time; timely; times; weather
tempra	temper; tempers
temprare	tempered; tempering; tempers
temprato	tempered
tempre	quality; temperings; tempers; turns
temuto	feared
tenace	tenacious
tenda	expects; spreads; tent; tents
tendere	laid; sets; spread; spreading; stretches; tents; was pitching; were stretching
tendon	stretch
tenea	held; kept
tenean	held; kept
tenebra	darkness
tenèbre	darkness; shadows
tenebroso	dark
teneo	held
tenere	Hold; Holding; I held; I kept; accepted; consider; considered; considers; feared; followed; follows; has; he kept; held; held back; hold; holding; holds; keep; keeping; keeps; kept; may hold; may keep; obligated; restrain; takes out; tender; they considered themselves; they held; they keep; to follow; to hold; to hold back; to hold oneself; to keep; to keep you; took; was held; will hold; will keep; would hold; would keep
tenerella	tender
tenerezza	tenderness
tenerino	tender
tenero	tender
tengare	they hold
tengo	keep
tenitorio	territory
tenitoro	territory
tennel	held him
tennere	They held; kept
tenno	I held; held
tenore	account; content; substance
tenrare	will hold
tentare	attempted; attempts; challenges; probes; tempt; to attempt; to tempt; to try; tries; trying; you try
tenton	gropingly
tenuta	held
tenzon	contest; jousts; strife
tenzone	battle; combat; conflict; duel
Teocreno	Teocreno
Teodora	Theodora
tepido	tepid
terga	back
tergo	back; behind
terminare	appointed; ends; finished; to end; to finish
termine	appointed time; borders; bound; boundaries; boundary; condition; deadline; destination; end; end (of a period of time); manner; period; point; span; state; term; term (in the sense of a set time or deadline); time
Termoodonte	Thermodon
termuoto	earthquake
terra	Holy Land; city; earth; ground; land; lands
Terran	will hold
terrazzano	inhabitants; townspeople
terren	ground; land
terreno	earthly; ground; land; soil
terrestre	earthly; terrestrial
terria	would hold
terriare	would hold
terribil	terrible
terribile	terrible
terrore	terror
terso	clear; polished
terzo	third; thirds
teschio	skull
Teseo	Theseus
tesi	laid; stretched
Tesifone	Tisiphone
Tesira	Tesira
teso	pitched; set; stretched
tesor	treasure
tesoriere	treasurers
tesoro	treasure; treasures
Tessaglia	Thessaly
Tessalia	Thessaly
tessalo	Thessalian
tessere	to weave; weave; weaves; woven
tesso	are woven
tessuto	woven
testa	head; heads; resistance
Testamento	Testament
testimon	witness; witnesses
testimone	witnesses
testimoniare	bears witness; witness
testimonio	testimony; witness
testimonire	witnesses
testuggine	tortoise; tortoises
testura	weave
tetra	gloomy
tetro	dark; gloomy
tetto	roof; roofs
Tevere	Tiber
Tevero	Tiber
Tevre	Tiber
ti	it; to you; to yourself; you; you (2nd person singular object pronoun); you (2nd person singular, dative/indirect object); you (2nd person singular, object pronoun); you (accusative); you (accusative, 2nd person singular pronoun); you (as direct object); you (as direct object, dative/accusative form of 'tu'); you (as indirect object or in reflexive constructions); you (as indirect object); you (as indirect object, to you); you (clitic object pronoun); you (clitic object); you (clitic pronoun); you (clitic pronoun, 2nd person singular); you (clitic); you (clitic, 2nd person singular, dative/indirect object); you (clitic, dative/indirect object); you (clitic, dative/indirect object, 2nd person singular); you (clitic, indirect object); you (clitic, informal singular); you (clitic, informal); you (clitic, object of 'ha'); you (clitic, object); you (clitic, reflexive); you (dative, indirect object, to you); you (dative, to you); you (dative/accusative clitic pronoun); you (dative/reflexive); you (familiar singular); you (indirect object pronoun); you (informal singular object pronoun); you (informal singular, dative/accusative clitic pronoun); you (informal singular, dative/indirect object, used as ethical dative or to express movement toward the listener); you (informal singular, object pronoun); you (informal singular, used as indirect object or reflexive); you (informal, as indirect object); you (object pronoun); you (reflexive object); you (reflexive pronoun); you (reflexive); you (reflexive, dative); you (reflexive/clitic pronoun); you (reflexive/clitic); you (reflexive/indirect object pronoun); you (reflexive/indirect object); you (reflexive/object pronoun); you (reflexive/yourself); you (singular, as indirect object); you (singular, familiar, as object of a verb or preposition); you (singular, informal, object pronoun); you (singular, object pronoun); yourself
tiberino	Tiberine
Tiberio	Tiberius
Ticin	Ticino
Ticino	Ticino; Ticino (river)
Tideo	Tydeus
tiemmare	holds me
tien	holds; keeps
tiengere	He holds
tiepido	tepid; warm
Tiepoli	Tiepoli
Tiesti	Thyestes
Tifeo	Typhoeus
Tifi	Tiphys; Tiphyses
tigre	tiger; tigers; tigress
Tile	Thule
Timagora	Timagoras
Timante	Timanthes
timido	shy; timid
timon	helm; rudder
timone	rudder
timor	fear
timore	fear; fears
timorre	fear
Timoteo	Timothy
timpano	kettledrums
tincere	colored
Tindareo	Tyndareus's
tingere	colors; stains; tinges
Tingitana	of Tingitana
tingitano	Tingitan
tinsere	dyed
tinta	dyed; tinged
tintiniro	to tinkle
tinto	colored; dyed
tiràn	tyrant
tiranno	tyrant; tyrants
tirare	deals; dragged; drawn; draws; drew; pulled; pulling; pulls; shooting; shoots; strikes; they pitched; they were drawn; threw; to draw; to hurl; to pull; to strike; withdraws
tirata	dragged
tirato	pitched
tiravanare	pulled
Tiri	Tyreans
Tirinzia	Tyrrhenian
tiro	throw; tigers; you drag
tirollo	drew
Tirreno	Tyrrhenian
Tirse	Thyrsis
Titiro	Tityrus
titolo	title
Titon	Tithonus; Tithonus's
Titone	Tithonus
Tizian	Titian
to	you take
Tobia	Tobias
tocca	strokes
toccare	befell; belongs; concerned; concerns; falls; falls to; fell; fell (to); had touched; is up to; it is up to; rings; to touch; to touch you; touch; touched; touches; touching; will touch
tocco	touched
toccollo	touched her
toga	toga
toglia	may take away
togliere	I remove; I take; I take away; I took; Taken; departs; may take; may take away; remove; removed; removes; seizes; take; take (subjunctive); take away; taken; taken away; takes; takes away; took; took away; took off; undertaken; was removing; withdraws; you took
tolare	tolerated
tolerare	to tolerate
tolgare	take away from me
tolgola	I take them off
tolgon	they take away
tolgondere	take; they take
tolle	accepts; removes; takes; takes away
Tolledo	Toledo
tollo	take; taken; you take
Tolomei	Ptolemies; Tolomei
Tolomitta	Ptolemais
Tolosa	Toulouse
tolosano	of Toulouse
tolsere	took
Toltogli	Having taken from him
toltole	took
toltomere	taken from me
toltoso	having taken away
toma	returns
Tomaso	Thomas
tomba	tomb
Tomiri	Tomyris
Tommi	Take (for yourself)
tomo	leap; somersault
tondo	around; circle; round
tonno	tuna
topazio	topazes
topo	mouse
tor	bull; remove; take; take away; to remove; to take; to take away
torbo	murky
torcare	torch; turns aside; twists
torcere	to turn; turning; twisting; was winding
torchio	torch
torcia	curls; turns; twists
torco	torches
tordo	thrush; thrushes
torel	bull
Torelle	Torelli women
torgli	taking away
torglio	to take away from him; to take from him
torla	to take her; to take it
torlare	to take her; to take it
torle	to take from her
torlese	to turn away from her
torlo	to take him; yolk
torlome	to take him away from me
torloso	to remove them
torma	band; crowd; crowds; swarm; take away; throng; troop
tormare	to remove
tormentare	to torment; torment; tormented; tormenting; torments; torments herself; torments oneself; were tormenting
tormentato	tormented
tormento	engines of war; torment; torments; tortures
tormi	to take away from me
tormito	to take away
tormo	to remove myself; to take away from me
torna	taking
tornare	I return; I will return; Return; They return; around; became again; becomes; brought back; comes back; he might return; lathe; let us return; like a lathe; may return; might return; return; return to me; returned; returning; returns; they returned; to bring back; to return; to return (for himself); to turn; turn into; turned; turns; turns back; was returning; we return; will return; would return; you return
tornata	return
torniamento	tournaments
Torno	I return
tornogliere	returned it
tornollo	turned him
tornorare	they returned
tornosso	returned
toro	bull; bulls
torre	take; take away; to remove; to take; to take away; tower; towers
torrente	torrent; torrents
torrere	immediately; quickly; soon; take; take away; to take; to turn; turned; will take; will take away; would take; would take away
Torri	Towers
torrian	they would take back
torrio	would take
torsa	turned
torse	of Torse; to lift oneself; turn; turned; twisted
tôrso	to depart; to remove; to snatch; to take away; to withdraw; trunk; turnips
torta	curved; twisted; winding
torte	twisted; winding
torto	twisted; wrong; wrongfully; wrongly; wrongs
Tortosa	Tortosa
Toscana	Tuscany
tosco	Tuscan; poison; venom
tosto	As soon as; Quickly; Soon; as soon as; at once; immediately; quick; quickly; rather; soon; sooner
totalmente	completely; totally
tra	Along; Among; Between; Within; along; among; between; through; to himself; with
tra'	among; drew
trabacca	tents
traballare	staggers
trabboccare	spills; to tumble down
traboccare	falls; falls headlong; may fall; overflows; plunges; stumbled; stumbles; to topple; tumbled
trabocco	fall
tracannare	guzzles
traccia	footsteps; trace; track; trail
trace	Thracian
Traci	Thracians
Tracia	Thrace
tradere	betrayed
tradigion	treachery; treason
tradimento	Betrayal; betrayal; betrayals; treachery
tradire	betrayed; betrays; to betray; would betray
tradito	betrayed
traditor	traitor
traditore	traitness; traitor; traitors; treacherous
traean	they brought
traeo	derived; drew; was drawing
traere	to derive; to draw out
traessere	drew
traffire	pierced
traffisso	pierced
traffitto	pierced
trafiggere	pierced
trafissire	pierced
trafitto	pierced
traggiare	extracts; may draw out
traghittare	to ferry across
tragico	tragic
tragittare	crosses; crosses over
tragitto	passage
Traian	Trajan
Traiano	Trajan
traligno	deviate
trama	plot; plots; scheme; weaves
tramare	plots; plotted
trambi	both
tramendua	both
tramenduo	both
tramontana	north
tramontare	sunset
tramonte	sets
tramortire	stunned; to stun
tramortito	stunned
tramutare	transformed
trangugare	swallow
trangugiare	gobbles down; to swallow
tranne	except
trannoso	they draw along
tranquillo	calm; peaceful; tranquil; very calm
Transimeno	Trasimene
transitorio	transitory
transmutosse	transformed himself
trapassare	crossing; passing; pierced through; to pass through
trapasso	pass beyond
trapelare	leaks through
trappola	trap
Traprobane	Taprobane
trapunta	quilted
trapunte	quilted
trapunto	embroidered; embroideries
trapurre	embroidered
trarare	dragged; was dragging
trarglio	to pull out from him
trarla	to draw her; to draw her out
trarlare	to take her
trarleto	to draw you from there
trarmare	to draw me; to pull me
trarmio	to draw me
trarmo	to draw myself
trarna	to draw from them
trarnere	to draw from it; to take from it; to take out of it
trarran	will drag
trarrare	will lead
trarre	I dragged; I drew; I pulled; I would draw; among; brought; carried; derived; dragged; drags; draw; drawing; drawn; draws; drew; drew back; extracts; freed; had removed; leads; led; moment; moved; obtained; pull; pulled; pulled off; pulling; pulls; removed; rescued; taken; taken off; they drew; they pull out; they pulled; they were drawing; throw; to bring; to drag; to draw; to free; to pull; to take; to take off; to take off from him; to withdraw; took; took off; tract; treated; was dragging; was drawing; was pulling; we drag; were dragging; will draw; will draw out; will take; withdraws; withdrew; would drag; would draw; would lead; you brought; you might draw
trarriare	would draw
trarto	to drag you out; to draw yourself
trarvo	to draw you out
trascinare	drags
trascorrere	flew over; gone; having crossed; having traversed; may go beyond; passes over; traversed
trasfigurare	transformed
Trasfordia	Transfordia
trasformare	transformed
Trasimeno	Trasimene
Trasone	Thraso; Trasone
trasportare	carries; to transport
trasportire	carries
trasporto	carries; may carry away
trassendere	he took off
trassenere	He/She took from there
trassenire	drew out of it
trassinare	they dragged
trassonare	drew; pulled; they drew; they drew near
trassonsare	they took off
trassonso	they withdrew
trastullare	amuses himself
trastullo	pastime
tratta	was taken
trattadere	having removed
trattare	Dragged; brought; dragged; drawn; drawn out; leads; led; moved; obtained; removed; taken; to deal with; to treat; treat; treated; treats
trattato	treaty
trattenere	had taken off
tratto	at once; attempt; before; brought; course; distance; dragged; drawn; instant; led; moment; move; occasion; pulled; removed; shots; stretch; stroke; time; while; withdrew
Traulcio	Traulcio
trava	found
travagliare	exerts himself; struggles; to toil; to trouble; toil; torment yourself; tormenting; torments
travagliato	afflicted; tormented; wearied; weary
travaglio	distress; effort; hardship; labor; struggle; struggles; toil; torment; travail; trouble
travaglioso	troublesome
trave	beam; beams
traversar	crossing
traversare	crossed; crosses; crossing; to cross
traversato	crossed
Traversia	Traverse wind
traverso	across; side; sideways; transverse
travestite	disguised
traviare	led astray; to wander astray; wanders off
travolgere	overturned; rolled
tre	Three; three
Trebbia	Trebbia
Trebia	Trebia
treccia	braid; tress
trecento	three hundred
tregua	truce
tregue	truces
tremante	trembling
tremare	to tremble; tremble; trembled; trembles; trembling; was trembling
tremebondo	trembling
tremendo	dreadful; terrible; tremendous
tremente	trembling
trementine	turpentines
tremerare	will tremble
tremerire	you would tremble
tremila	three thousand
Tremisen	Tremisen
Tremisenne	Tremisenne; of Tremisen
tremolante	trembling
tremolare	to flutter; to tremble; trembling
tremor	trembling
tremuoto	earthquake
trenta	Thirty; thirty
Trentadui	thirty-two
trentamila	thirty thousand
trepido	anxious; fearful; trembling
tribunal	tribunal
tribunale	court; courts
tributario	tributary
tributo	tribute; tributes
triegua	truce; truces
trieguire	truce
trieguo	truce
triema	trembles
Trieman	tremble
triemare	trembles
trieme	trembles
trifauce	three-mouthed
Trifon	Trifon
triforme	three-formed
trinchetto	foremast
trionfale	triumphal
trionfante	triumphant
trionfare	triumph
trionfo	triumph; triumphs
tripartito	tripartite
Tripoli	Tripoli
trista	gloomy; miserable; sad; unhappy; wretched
Tristan	Tristan
Tristano	Tristan
triste	sad
tristizia	sadness; wickedness
tristo	foul; gloomy; sad; wretched
tritare	crushed; grinds; tilled; trodden
trito	beaten; smooth; trodden; well-trodden; worn
Tritoni	Tritons
triunfale	triumphal
triunfante	triumphant
Trivigante	Trivigante
Trivulcio	Trivulzio
Troento	Troento
trofeo	trophies; trophy
Troia	Troy
troian	Trojan
troiane	Trojan
Troiani	Trojans
Troiano	Trojan; of Trojan
tromba	trumpet; trumpets
trombetta	trumpet; trumpeter; trumpets
tronca	cuts off
troncare	cut off; cutting off; had cut off; severed; to cut off
troncata	cut off
tronco	cut; cut off; cuts off; pieces; shafts; tree trunk; truncated; trunk; trunks; you cut off
troncògliare	cut off for him
troncon	shaft; trunk
troncone	stumps; trunk
Trono	Throne
troppo	Too; Too much; excessive; long; much; too; too long; too many; too much
trota	trout
trottare	to trot; trots; trotting
trotto	Trotto (a proper name); trot; trots
trovare	Find; I find; I found; I found myself; They find; are found; be found; could find; find; find (imperative) one (of them); find oneself; find themselves; finding; finding himself; finds; finds himself; finds oneself; found; found (subjunctive); found herself; found himself; found oneself; found themselves; had found; is found; might be found; should find; they find; they found; they found themselves; to be found; to find; to find oneself; to find themselves; to find you; to meet; was finding; we find; we found; we will find; will find; would find; you find; you found; you will find
trovavare	found; they found
troverare	will find oneself
troveria	would find
troviare	we find
Trovolla	He found her
trovollare	found her
trovollo	He found them; found him; found it
trovosso	found herself; found himself; was found
truce	fierce
truculento	truculent
Truffaldin	Truffaldin
trunco	trunk
truova	finds
truovare	find; finds; finds himself; finds oneself
truove	finds
truovere	find; finds; finds (itself)
truovo	I find; find; finds
tu	You; you
tu!	you
tuba	trumpet; trumpets
tugurio	hovel; hovels
tumide	swollen
tumido	swollen
tumulto	tumult; tumults; uproar
tumultuare	to be in turmoil
tumultuario	hasty
Tunigi	Tunis
tuo	Your; Yours; your; yours
tuonare	thunders
tuono	thunder; thunderclaps; thunders
turare	closes
turba	crowd; crowds
turban	disturb
turbare	Troubled; be stirred up; be troubled; became troubled; crowd; disturb; disturbed; disturbs; might disturb; stirred up; they disturb; to become troubled; to disturb; to disturb you; troubled; you trouble; you will disturb
turbarollo	I will disturb it
turbarso	to be troubled
turbato	troubled
turbido	murky; troubled; turbid; turbulent
turbino	whirlwinds
turbo	crowd; whirlwind
turbolla	stirred up
Turbossi	she grew troubled
turbosso	became troubled
Turca	Turkish (feminine)
Turchi	Turks
Turchia	Turkey
Turco	Turk
Turno	Turnus
Turpin	Turpin
Turpino	Turpin
turtura	turtledove
tuttavia	However; continually; however; nevertheless; still
tuttavolgere	however
tuttavolta	continually; however; meanwhile; nevertheless
tuttavolto	however; meanwhile; nevertheless
tutto	All; Everything; above all; all; all (feminine singular); all (masculine plural); all (of them); alone; although; altogether; completely; entire; entirely; even if; everyone; everything; everywhere; full; his entire; of all; the whole; throughout; to all; whole
ubbidiente	obedient
ubbidire	obey; obeyed; to obey
ubbidiron	obeyed
Uberto	Hubert; Humbert
ubidiente	obedient
ubidienza	obedience
ubidire	obey; obeyed; obeys; to obey
ubidito	obeyed
ubino	palfrey; white horse
ubligare	obligated; you oblige
ubligato	obligated; obliged
uccella	bird
uccidean	killed
uccideran	will kill
uccidere	I killed; kill; killed; killing; kills; may kill; might kill; to kill; was killing; will kill; you kill; you killed
uccidiare	kill; we kill; we killed
uccisile	killed him
uccisione	killing; killings
ucellatore	bird-catcher
udendolo	hearing him
udì	heard
udiadere	was heard
udian	they heard
udiare	heard; they heard; was heard
udienza	audience
Udilla	He heard it
udire	He heard; Hearing; I hear; I heard; could be heard; do you hate; hate; having heard; he/she hears; hear; heard; heard (subjunctive imperfect, third person singular); hearing; hears; is heard; might hear; they heard; to hear; was heard; was hearing; we heard; will hear; would hear; you hear; you heard; you will hear
Udirne	to hear of it
udiro	they heard
Udiron	heard
uditore	listener
udo	heard
ufficiale	officials
ufficio	duties; duty; office; offices
uffizio	office
Uggier	Uggier
Uggieri	Uggieri
Uggiero	Uggiero
Ughetto	Ughetto; Ughetto (proper name, a diminutive of Ugo)
Ughi	Ughis
Ugier	Ogier
Ugiero	Hugh; Uggiero
ugna	claw; fingernail; hoof
ugnare	claw
ugne	claws; nails
ugnire	claws
ugno	claw
Ugo	Hugh
uguagliare	equal; to equal
ugual	equal
uguale	equal; equals
ugualmente	equally; likewise
ui	where
Ulien	Ulysses' son
Ulieno	Ulieno; Ulysses
Ulisbona	Lisbon
Ulisse	Ulysses
Uliver	Oliver
Ulivier	Oliver
Uliviero	Oliver
Ullania	Ullania; Ullania (proper name)
Ulpiano	Ulpian
ultimamente	finally; lately
ultimo	final; last
ulto	avenged
ultore	avenging
ulule	howls
uman	human; humane
umanamente	humanely; humanly
umanissimamente	most humanely
umanitada	humanity
umano	human; humane; kind
Umbri	Umbrians
Umbria	Umbria
umido	damp; moist; wet
umil	humble
umile	humble
umilemente	humbly
umiliare	humbles
umilmente	humbly
umiltà	humility
umiltade	Humility; humility
umore	humor; liquid; moisture; water
uncino	hook; hooks
unde	eleven
undere	anointed
undicimila	eleven thousand
Ungari	Hungarians
Ungaria	Hungary
unge	anoints
ungere	we anoint
ungerso	to anoint oneself
Ungheria	Hungary
Ungiardo	Hungarian; Ungiardo
ungione	claws
ungire	anoints
unguento	ointment
unicamente	only
unico	only; sole; unique
unicorno	unicorns
unire	join; to join; to unite; united
unito	united
universal	universal
universale	universal
universo	universe
Unni	Huns
unno	Huns
uno	A; An; One; a; a (an); a (feminine indefinite article); a (feminine singular indefinite article); a little; a single; a/an; an; another; his; of a; of it; of one; of the; of them; one; one (feminine indefinite article); one (feminine singular indefinite article); one (feminine); one (masculine singular indefinite article); one (of them); one (of two); one of; some; than one; that one; the; the (feminine singular); the (one); the one; thereof; worthy
unqua	ever
unquanco	ever
unque	ever
unquo	ever; therefore
unto	greased
uom	Man; a man; man
uomo	man; men
uopo	necessary; need
uovo	eggs
Urbino	Urbino
urlo	screams; shouts
urna	urn
urta	bumps; clash; strikes
urtare	bumped into; bumps; bumps into; hits; it bumps; jostles; rams; spurred; spurs; to hit
urtato	bumped
urtica	nettle; nettles
urto	blow; bumps; impact; impacts
urtosso	bumped each other
usanza	custom; habit
usare	I used; We used; accustomed; applies; customary; does; is accustomed; is customary; is used; practices; showed; shown; they use; they used; to be used; to use; unused; use; used; uses; using; usual; we use
usato	accustomed; customary; usual
usbergare	armors
usbergo	armor; breastplate; breastplates
usciare	came out; were coming out
uscio	came out; door; doors; openings
uscire	We came out; bait; came out; come out; comes out; coming out; departed; emerged; emerges; escaped; exit; exits; food; fuel; get out; go out; goes out; going out; gone out; had come out; having come out; having left; leaves; leaving; left; let it depart; may come out; may escape; may exit; may go out; may it be favorable; may leave; might leave; one went out; rises; should leave; they came out; they go out; they went out; tinder; to come out; to exit; to get out; to get out of here; to get out of it; to go out; to leave; turns out; used to go out; was coming out; we came out; we went out; we will come out; went out; will come out; will go out; would come out; would come out of it; you came out; you may come out
usciriano	would come out
uscissiare	might come out
uscisto	you came out
uscita	exit; gone out; having come out; left
usire	they use
uso	accustomed; custom; for the use of; habit; use; used; uses
usura	usury
usurpare	usurp; usurped; usurps
usurpastare	usurped
uterino	uterine
utero	womb
util	advantage; benefit; own benefit; use; useful; your
utile	advantage; benefit; useful
utilmente	usefully
utro	wineskin; wineskins
uva	grapes
Uvernia	Auvergne
vacca	cow; cows
vacillare	wavers
vadare	go
vadere	go
vagabondo	wandering
vagare	to wander; wandering
vagheggiare	gazed at lovingly
vaghezza	desire; longing
vaglia	is worth; may be worth
vagliare	avail; avails; be worth; is valid; is worth; may avail
vaglio	am worth
vaglion	are worth
vago	Lovely; beautiful; desirous; longing; lovely; wandering
valcare	crosses
valci	is worth
vale	avails; is worth; were worth
valente	valiant
valentuomine	worthy men
Valenza	Valencia
valere	are worth; availed; avails; be worth; is worth; prevailed; they go; to be useful; to be worth; was worth; were worth; worth; would avail
valerio	Valerio; Valerius
valido	strong; valid; vigorous
valle	valley; valleys
vallea	valley
valletta	valley; valleys
valletto	page; pages; squire
Vallia	Wales
Vallombrosa	Vallombrosa
vallon	valley
vallone	ravine; valleys
valore	power; strength; valor; value; virtue; worth
valoroso	brave; valiant; valorous
valsere	were worth
valtare	are worth
vampo	blaze
van	go; in vain; they go; vain
vandare	they go
vane	vain
vaneggiare	raves; to rave
vaneggio	I rave; raves
Vangelo	Gospel
vannare	wings
vannire	goes
vanno	wings
vano	empty; futile; hollow; ineffective; useless; vain; void
vantaggio	advantage
vantare	boast; boasted; boasting; boasts; to boast
vantatore	boastful
vanto	ahead; boast; glory; praise; renown; the boast; the pride
vantosse	boasted
vapore	vapor
varare	to launch
varcare	cross; crosses; lands
varco	crossing; narrow passage; passage; passages
vare	will avail; will be useful; will be worth
variare	to change; varied; varies; varying
variato	varied
variavare	varied
vario	Various; varied; varies; various
Varo	Varo
varranne	will be worth
Varvecia	Warwick
vasallo	vassal; vassals
vase	vessel
vasella	vessels
vasello	little vessel
vaso	container; cup; jar; jars; vase; vases; vessel; vessels
vassallo	vassal; vassals
Vasto	Vast; Vasto; Vasto (a place name, referring to the town of Vasto in Abruzzo; here used as a surname/title 'del Vasto'); Vasto (proper name); Vasto (proper noun, referring to the Marquis of Vasto)
Vaticano	Vatican
Vatrano	Vatrano
vattene	go away
vattenere	go away
vavvi	go there
ve	her; it; of it; of them; them; there; to you; to you (formal, plural); you (formal plural) ... it (feminine); you (plural or formal); you (plural, formal); you (plural, object pronoun)
Ve'	See
vecchia	old; old (woman); old woman
vecchiar	old man
vecchiare	little old man; old man
vecchiarel	little old man
vecchiezza	old age
vecchio	old; old (feminine plural); old (feminine); old man; old men; old woman; old women; oldest
vece	place; stead
vedea	saw
vedean	they saw
vedeanse	they saw themselves
Vedeasi	could be seen; one saw; was seen
vedere	Having seen; I saw; I will see; One sees; See; Seeing; To see oneself; You see; appearance; had seen; having seen; he sees her; is seen; one sees; saw; saw themselves; see; seeing; seen; sees; sight; they saw; they saw themselves; to see; to see you; was seen; we saw; we see; we will see; were seen; will see; will see oneself; would see; you saw; you see; you will see
vedesi	one sees
vedilare	See her
vedova	widow; widowed
vedovella	widows
vedovo	widowed
vedrestare	you would see
vedrimere	would see; you would see
veduta	having seen; seen; sight
vedutale	having seen her
veduto	seen
vedutoso	having seen himself
vegere	I see; come; see; they see
veggare	see; you see
veggere	I see; They see; let us see; see; see (subjunctive); seeing; sees; they see; we see
vegghiante	watching
vegghiare	to stay awake
veggià	let us see; see; we see
veggiàn	we see
veggiare	may see; see; see (subjunctive); sees; they see; to stay awake; to watch; waking; watching; we see
veggio	I see
veggionere	see; they see
veggire	see
veggone	they see
veggonre	see; they see
vegliere	elderly; is awake
veglio	old man
vegnare	come; comes; may come
vegnere	may come
vegno	I come; come
vel	to you it; veil
vela	sail; sails; veils
veleno	poison
velenoso	poisonous
veletta	lookout
velle	fleeces
vello	fleece
velo	veil
veloce	Swift; fast; quickly; swift; swiftly; very fast
velocemente	swiftly
velocità	speed
veltro	greyhound; greyhounds
vena	flow; spring; vein; veins
vendecare	avenged
vendere	I will avenge; I will sell; avenge; sell; sells; sold; to sell; will avenge; will sell
vendetta	Vengeance; revenge; vengeance
vendicare	avenge; avenged; avenges; avenging; to avenge; to avenge himself for it
vendicatore	avenging
vendicosse	avenged himself
venditore	sellers
venen	poison
venenato	poisoned
veneno	poison
venenoso	venomous
Vener	Venus
venerabil	venerable
venerabile	venerable
Venere	Venus
Venezia	Venice
Veneziani	Venetians
veneziano	Venetian; Venetians
vengare	let him come; may come
vengere	I come to you
vengonre	they come
vengonse	they come
venì	came
venia	came; was coming
venian	were coming
Veniansi	they were coming
venire	Come; I came; I come; I come from it; I was coming; See; They come; became; become; came; came out; come; come (subjunctive); come down; come up; comes; coming; had come; having come; he came; is; is considered; may come; might come; she will come; the coming; they came; they were coming; to become; to come; was being carried out; was coming; we came; were coming; will come; would come; you will come
Venner	came; they came
vennere	came
venti	twenty; winds
Ventidio	Ventidius
ventimila	Twenty thousand; twenty thousand
ventiseimile	twenty-six thousand
vento	Wind; twenty; wind; winds
ventolin	breeze; wind
ventoso	windy
ventotto	twenty-eight
ventre	belly; womb
ventura	adventure; by chance; chance; fortune; good fortune; luck
venuta	arrival; coming
venutade	having come
venuto	come
vepra	bramble
vepro	brambles
ver	Toward; the truth; toward; true; truth; whether
verace	truthful
veramente	truly
verbo	Word; word
verde	green
verdeggiare	is green; to be verdant
verdegiare	yellow-green
verdura	greenery; greenness
vere	toward; true
verga	rod; staff
Vergalle	from Vergalle
vergare	write
Vergilio	Virgil
vergine	Virgin; maiden; virgin; virgins
verginella	young virgin (diminutive)
vergogna	shame
vergognare	be ashamed; being ashamed; was ashamed
vergognosamente	shamefully
vergognoso	ashamed; shameful
verire	would come
verisimil	likely
verisimile	plausible
verità	truth
veritade	Truth; truth
verme	worms
vermigle	vermilion
vermiglia	vermilion; vermilion (feminine plural)
vermiglio	crimson; reddened; vermilion
vermo	worm
verne	winters
verno	winter
vero	True; indeed; real; true; truly; truth
Verona	Verona
Veronica	Veronica
verrare	would come
verreste	would come
Verria	would come
verriare	would come
verrio	would come
verron	balcony; grating; railing
verrona	balcony
verrone	balconies; balcony; large balcony
versare	applies; pour; poured; pours; pours forth; shedding; sheds; they pour; to spill; toppled; turns
verso	Toward; compared to; from; toward; verse; verses
veruno	any; anyone
verzura	greenery
veschio	birdlimes
vescovo	bishops
vesica	blisters
vespa	wasps
vespero	evening
vespro	evening; vespers
vesta	clothing; dress; garment; robe
veste	clothes; clothing; garb; garment; garments; robe; wears
vestibulo	vestibule
Vestidel	Vestidel
vestigia	footprints; footsteps; traces
vestigio	trace
vestigo	footsteps; traces; tracks; vestiges
vestilla	dressed her
vestimento	clothing; garment
vestire	I wear; clothe; clothed; clothes; clothing; dress; dressed; dresses; dressing; garment; puts on; to dress; to put on; to wear; we dress; wears; worn; would dress; you wear
vestito	clothed; dressed
Vesulo	Vesulus (a mountain, the modern Monviso, source of the Po River)
Vesuvio	Vesuvius
vetire	forbid
vetro	glass
vetta	summit
vettovaglia	provisions; supplies
vettura	chariot; vehicles
vetusto	ancient; old
vezzo	caresses
vezzoso	charming; graceful
vi	There; there; there (locative clitic referring to 'in fronte'); to you; to you (formal or plural); to you (formal plural); to you (formal, plural); to you (plural); to you (plural, formal); you; you (clitic pronoun); you (clitic); you (clitic, formal or plural); you (clitic, object of the verb 'abbia amato'); you (clitic, plural, object of 'hanno dato'); you (dative/indirect object, referring to 'madonna'); you (formal plural object pronoun, 'you'); you (formal plural); you (formal plural) had; you (formal plural, object of 'ho'); you (formal plural, object pronoun); you (formal singular); you (formal); you (formal, as indirect object); you (formal, dative); you (formal, indirect object); you (formal, plural or respectful singular); you (formal, plural or singular polite object pronoun); you (formal, plural or singular); you (formal, plural); you (formal, plural) [reflexive/indirect object pronoun]; you (formal, plural, object pronoun); you (formal, plural/indirect object); you (formal, plural/reflexive); you (formal, singular); you (formal/plural); you (formal/plural, as indirect object pronoun); you (indirect object pronoun); you (indirect object); you (object clitic); you (object pronoun); you (plural formal); you (plural object pronoun); you (plural or formal singular); you (plural or formal); you (plural); you (plural) will go; you (plural, as indirect object); you (plural, clitic); you (plural, dative); you (plural, dative/indirect object pronoun); you (plural, dative/indirect object); you (plural, familiar); you (plural, formal or polite address); you (plural, formal or polite form); you (plural, formal); you (plural, formal) it (with clitic doubling); you (plural, formal, as indirect object); you (plural, formal/archaic); you (plural, indirect object); you (plural, informal); you (plural, informal, as indirect object); you (plural, object pronoun); you (plural, object); you (polite form); you (polite/formal, as object of 'raccorda'); you (reflexive clitic)
via	Away; along; along the way; away; by far; by the way; continuously; distance; far; far more; further; journey; on the way; path; paths; road; roads; route; street; streets; way; ways
viaggio	course; journey; journeys; travel; trip; voyage; voyages
viandante	traveler; travelers; wayfarer
vibrare	brandishes; brandishing
vibro	brandishes; wields
vicaria	deputy
vicaro	vicars
vicenda	in turn; turn
viceré	viceroy
vicin	near; neighbor; neighboring
vicina	near; nearby
vicinanza	proximity
vicino	Near; close; closer; near; nearby; nearby (feminine plural); nearer; neighbor; neighboring; neighbors
Vida	Vida
vider	saw; they saw
videre	saw; saw itself; they saw
Vienna	Vienna
viense	comes
vientare	come (imperative)
Vientene	come along
vietare	blocks; forbade; forbid; forbids; prevent; prevented; to forbid; to prevent
vietarme	to forbid me
vigesimo	twentieth
vigilante	vigilant; watchful
vigile	watchful
vigilia	vigil; vigils; watch
vigore	strength; vigor
Vigorina	Vigorina
vigoroso	vigorous
vil	base; cowardly; lowly; vile
vile	base; contemptible; coward; cowardly; mean; most vile; vile
vilipendere	despises
vilipesa	despised
vilipese	despised; scorned
villa	country house; country houses; countryside; countryside estates; farmhouse; towns; villa; village; villages; villas
villaggio	village; villages
villan	boorish; peasant; peasants; villagers; villain
villana	peasant woman; vile
villanel	peasant
villanesco	rustic
Villani	peasants
villania	rudeness
villano	base, boorish; boorish; peasant; peasants; rude; villain; villainous
villetta	small villa
vilmente	basely
vilo	base; cowardly; him there
viltà	cowardice
viltada	cowardice
vimine	willow twigs
vimino	wickerwork
vin	wine
vincare	conquers; may I win; may conquer; may defeat; may one win; may win
vincea	was surpassing
Vinceano	they were winning
vincente	winning
vincere	Winning; by conquering; conquer; conquered; conquering; conquers; defeated; defeats; might surpass; overcame; overcome; surpass; to conquer; to defeat; to defeat them; to overcome; to win; will win; win; win (subjunctive present, second person plural); winning; wins; won; you may win; you win
vincitore	conqueror; victor; victor's; victorious; victors; winner; with the victor
vincitrice	victorious; victorious woman
vindice	avenging
Vinegia	Venice
vino	wine; wines
vinto	conquered; defeated; overcome
viola	violets
violare	to violate; violated
violento	violent
violenza	violence
vipera	viper
viperino	viperine
vipistrello	bat
Virgilio	Virgil
virginal	virginal
virgineo	virginal
virginità	virginity
virgulto	shoot; shoots
viril	male; manly; masculine
virile	manly; masculine
virtù	Virtue; power; valor; virtue; virtues
Virtude	Virtue; valor; virtue
virtudere	virtue
virtudio	virtues
virtudo	virtue
virtuoso	virtuous
virtuta	virtue
Virtute	Virtue
virtuto	virtue; virtues
visco	birdlime
Visconte	Viscountesses
Viscontei	Visconti
Visconti	Visconti
visero	visor
visibil	visible
visibilmente	visibly
visiera	visor
vision	vision
visione	vision
visitare	to visit; visited; visiting; visits
viso	face; faces
vista	appearance; gaze; look; sight
visto	Having seen
vistone	having seen; having seen them
vistosel	having seen it
vistoso	having seen; having seen himself
vita	life; lives; vine
vital	vital
vitale	vital
vite	vines
vittima	victim; victims
vitto	sustenance
Vittor	Victor
Vittore	Victor; victorious
vittoria	Victory; victories; victory
vittorioso	victorious
vituperio	disgrace
vituperosamente	shamefully
vituperoso	shameful
viva	live; lives; may I live; may he live; may live
vivace	lively
vivanda	dish; dishes; food; foods
vivando	food
vivere	I lived; alive; life; live; lived; lives; living; might live; to live; was living; we live; will live
Vivian	Vivian
Viviano	Vivian; Viviano; Viviano's
vivo	alive; flesh; live; lives; living; may he live; may live; you live
vivuto	lived
vizio	fault; vice; vices
vizioso	vicious
vo'	I want; want
vocale	vocal
voce	reputation; voice; voices; word; words
voglia	desire; intention; may want; may wish; want; want (subjunctive); wants; will; wish
voglie	desires; want; wishes
voglio	desires
voi	You; you; you (plural or formal); you (plural); you (plural, familiar); you (plural, formal or informal); you (plural, formal or polite form); you (plural, formal)
volaglio	flies to him
volan	fly
Volana	Volana
volante	flying
volare	Flying; flew; flies; flight; fly; flying; to fly; you will want
volator	flyer; flying; flying one
volatore	flier; flyer
volea	wanted
volean	wanted
volentier	gladly; willingly
volentiere	gladly; willingly
volentieri	gladly; willingly
volere	He would wish; I want; I want to show you; I will want; I would like; I would want; does not want; flies; fly; he wanted; intention; may want; may you wish; meant; one wants; or; they want; they wanted; to want; to want me; turned; want; want (2nd person plural subjunctive); want (second-person plural present subjunctive); want (subjunctive); want to; wanted; wanted to; wanted to go; wanting; wanting him; wants; wants to; we want; whatever; will; will want; wish; wish (2nd person plural subjunctive); wished; wishes; wishing; would like; would want; would want to; would wish; you want; you wanted; you will want; you would want
volermel	to want it for me
volgare	common; vernacular
volgere	I wanted; crowd; may turn; meant; might turn; steers; time; to turn; turn; turn (yourself); turned; turning; turns; turns over; wanted; wants from there; was turning; were turning; willed; wished
volgire	Turn yourself
volgo	common people; people
volgonere	they turn
volgonre	they turn
Volgonsi	turn
volo	flies; flight; flights
volontà	will
volontade	will
volontario	voluntary
volontaroso	willing
volonteroso	willing
volontier	willingly
volpe	fox; foxes
volpine	foxlike
volson	they wanted; wanted
volta	flight; time; times; toward; turn; turned; turns; vault
voltare	having turned; they turn; to move; to turn; turn; turned; turning; turns; will turn
voltase	Having turned
volteggiare	circling; to wheel; to wheel about; to wheel around; turns around; wheeling
Volterano	the Volterrano
Volterna	Volterna
volto	Turned; face; faces; turned; turns
voltossere	turned
voltosso	turned himself
volubil	fickle; turning
volubile	changeable
voluntà	will
voluntade	will
voluntario	voluntary
voluntaroso	eager; willful
voluntata	will
voluntier	willingly
vomere	plowshare
vomma	I go
vorace	devouring; ravenous; voracious
vorrio	would want
vostro	your; your (plural, formal); yours
vota	empties; empty; empty (feminine plural)
votare	emptied; empties; empty; emptying; they empty; to empty; to knock off; votes; vowed
vote	empty
votivo	votive
voto	emptied; empty; in vain; void; vow; vows
vu	you (plural)
vui	you; you (plural or formal); you (plural); you (plural, formal)
Vulcan	Vulcan
Vulcano	Vulcan
vulgo	common people; crowd; people
vuolgere	one wants
vuomere	wants me
Vuommi	Do you want me
vuoto	emptied
Xanto	Xanthus
zaffiro	sapphire
Zaffo	Caffè; Jaffa
Zafir	sapphire
zafiro	sapphires
zaino	backpack
Zamor	Zamor
Zamora	Zamora
zampa	paw; paws
zampogna	bagpipe
zanna	tusks
Zanniolo	Zanniolo (a river)
zappatore	digger
Zattiva	Játiva
zebe	ewes
Zefiro	Zephyr
zelo	zeal
zendado	silk cloth; silk fabric
Zenobia	Zenobia
Zenocrate	Zenocrates
Zerbin	Zerbin; Zerbin (a proper name); Zerbin (a proper name, Italian form of 'Zerbino'); Zerbin (proper name); Zerbin (proper name; short form of Zerbino); Zerbino
Zerbinatto	Zerbinatto (a surname or epithet, here likely referring to a person named Zerbinatto)
Zerbino	Zerbin; Zerbino; Zerbino (proper name)
zero	nothing; zero
Zete	Zetes
Zeusi	Zeuxis
zia	aunt
Zibeletto	Zibeletto
Zibeltaro	Gibraltar
Zibeltarro	Gibraltar
Zibelterra	Gibraltar
Zilanda	Zealand
Ziliante	Ziliante
zimbel	decoy
zio	uncle
Zizera	Zizera
zizzania	discords
zolfo	sulfur
zolla	clods
zona	zone
zoppa	lame
zoppo	lame
Zoroastro	Zoroaster
zucca	gourd
zuffa	fight; fights; fray; skirmish
zuffolo	pipes
Zumara	Zumara; of Zumara
—	(em dash); Alas; But; No; On; What; Where; alas; dash; dash (em dash indicating a change of speaker in dialogue); dash (em dash used as a quotation dash); dash (em dash used to introduce direct speech); dash (em dash); dash (em-dash indicating a change of speaker or a pause); dash (em-dash); dash (em-dash, used as punctuation); dash (punctuation indicating a change of speaker); dash (punctuation indicating dialogue); dash (punctuation introducing direct speech); dash (punctuation mark indicating a break in speech); dash (punctuation mark indicating a change of speaker or an abrupt break); dash (punctuation mark indicating dialogue); dash (punctuation mark indicating direct speech); dash (punctuation mark introducing direct speech); dash (punctuation mark used to introduce direct speech); dash (punctuation mark used to set off parenthetical remarks); dash (punctuation mark); dash (punctuation); dash (used as a punctuation mark to introduce direct speech); dash (used as a quotation dash); dash (used to indicate an abrupt change or interruption in the narrative); dash (used to introduce direct speech); em dash; em dash (dialogue dash); em dash (dialogue marker); em dash (indicating dialogue); em dash (introducing direct speech); em dash (introducing quoted speech); em dash (not a word, punctuation marker); em dash (not a word; marks a break in speech); em dash (punctuation indicating a break in speech); em dash (punctuation indicating a change of speaker or a pause); em dash (punctuation indicating a change of speaker or an interruption); em dash (punctuation indicating a turn in dialogue); em dash (punctuation indicating dialogue); em dash (punctuation indicating direct speech); em dash (punctuation introducing direct speech); em dash (punctuation mark indicating a break in speech or thought); em dash (punctuation mark indicating dialogue); em dash (punctuation mark used to introduce dialogue); em dash (punctuation mark); em dash (punctuation marking an interruption or aside); em dash (punctuation marking dialogue); em dash (punctuation marking the beginning of direct speech); em dash (punctuation marking the start of direct speech); em dash (punctuation); em dash (used as a dash in dialogue); em dash (used as a punctuation mark indicating dialogue); em dash (used as a punctuation mark introducing speech); em dash (used as a punctuation mark to introduce direct speech); em dash (used as a quotation dash to introduce direct speech); em dash (used as a quotation mark); em dash (used to introduce dialogue); em dash (used to introduce direct speech); em dash (used to mark dialogue); em dash (used to mark direct speech or a pause); em dash (used to mark the beginning of direct speech); so that; —; — (dash introducing direct speech); — (dash used as a quotation dash introducing direct speech); — (dash); — (dash, introducing direct speech); — (dash; no direct English gloss, used as a punctuation mark indicating a change in speaker); — (em dash indicating a change of speaker in dialogue); — (em dash used to introduce a rhetorical question); — (em dash, indicating a break in dialogue); — (em dash, used as a punctuation mark)
